source_id,negative_score,neutral_score,positive_score,predicted_label,predicted_sentiment,text_sha256,actual,vader_label
test:0,0.66071238,0.32657341,0.01271421,0,negative,6c28df8b37da4b318e8ad24bda726da72c0df8b332a44bcbc441a7945874a6ad,1,0
test:2,0.36582489,0.31805624,0.31611887,0,negative,c6eca21f39338b1e571f37ef56a58396543556e525af2ba0edcf415177ad45f4,1,0
test:4,0.16316012,0.46243039,0.37440949,1,neutral,048d4ca0dbe5595aaa2a0d48df4ca7762cb96ce22c59dbd195c0a962ecad9019,0,2
test:5,0.60787266,0.34799601,0.04413133,0,negative,54dfba37e145c8225fccc12f7e8c0c8780248ae06b02f8f7735aa11c039cc01e,1,1
test:7,0.26917015,0.61095311,0.11987674,1,neutral,cb2d04130b290d3fb429627fd5dfbf2879f739f7c5c0f3e9ca624c571d301d27,2,2
test:10,0.32701213,0.14195996,0.53102790,2,positive,bf34b3317120c0433d61c8b1dc8462b4be58241d6f512d6a5903dc59fef762c9,1,0
test:13,0.30186101,0.58839482,0.10974417,1,neutral,0d0b1e1419fdef104246937dbde48ecd6c50d112ce71b1dad49f107a0d48f3d2,0,1
test:14,0.33793757,0.17152574,0.49053669,2,positive,be48360e01f4b3dee9b1323fa2360e17c24cdcfe5b291823807d55062f35ad65,0,0
test:19,0.13241285,0.40529818,0.46228896,2,positive,c12bbaaa04976c4bea272a86e9c67cfa165e5fe32114c8b13c53cd3efdbc8d80,1,1
test:24,0.04653937,0.44064933,0.51281130,2,positive,cdc4ca7420dce5cbaaa111ba0fa21581ec49ff8be7ecdb3867a69ef2f5d97d17,1,2
test:28,0.33963744,0.24862008,0.41174248,2,positive,c1d817723a8e78a99e6a9aee8125b6831cbf1a6ccd57f0b9712ffc0406ca7eb6,1,0
test:29,0.03691095,0.45610066,0.50698839,2,positive,c631fe333e9f4a67a7919171bba33151228d38b4e749abd599480011a5182f96,1,2
test:32,0.09080234,0.43858987,0.47060780,2,positive,3f858c014a74cd14a4a1159cbe3a3fdff95c1497ca59da6d1f19197c7d7a51f4,1,2
test:38,0.12996402,0.44860282,0.42143316,1,neutral,a99b25171d09a6b79177d1a25d73fecedc494de906d30632b5099e04080eda9b,0,0
test:39,0.38517646,0.35415832,0.26066522,0,negative,4d1c3463ccc159464454b0b0e65ecbdcfb069ea91da24092f4d57258e0858ddb,1,2
test:40,0.31869711,0.61127422,0.07002867,1,neutral,08082948bb13dfd9a87229f9286c81d24951c85802c9571dffa7bd89fbf1907f,0,2
test:44,0.69423163,0.23421475,0.07155362,0,negative,009a4aac59f3fdfb64a91a9d6fe4aef193a2fa37a945ce9d23a2bfbd9f0bcff8,1,2
test:48,0.21917608,0.72796690,0.05285702,1,neutral,90ec8a821d8ea5ab8a3873f515dab57feccf7bf9d916e0a5e7bf6f48247ad7c1,0,1
test:49,0.32796418,0.51571610,0.15631973,1,neutral,5a03aedc98f2df59e71473dc75963de75a50a365bb3131138715e08627c804fa,0,0
test:51,0.30987582,0.04953948,0.64058470,2,positive,581aba55a23b4cc2e33d7aa354fdf95a2feeb202480e19eea4aaba46cd3c2340,0,2
test:52,0.24799340,0.66265219,0.08935442,1,neutral,893b2e8fea9845fefcb67b1eee0e67216f3eab1bb4799ecb54f05aff0173aabe,0,1
test:55,0.42466214,0.13552802,0.43980984,2,positive,d61005a0551b386489b98f3b8278df8d68fd58b977d193bcc151e4c6a2055b66,0,0
test:56,0.22214335,0.54703630,0.23082035,1,neutral,9f0753d6ea77661f173da40e73e64ca8c232995d461544ecf090a1172657b37d,0,2
test:57,0.53824029,0.40516639,0.05659332,0,negative,efd9f73acec7b8d3c708d6f72b6242d7bff9b4657f00a75049d8b584d6d2a2e7,1,1
test:58,0.34436064,0.43375519,0.22188418,1,neutral,b58b5e404031c27d8d95e67ce5942a9ec57e4837c18357e37a9bd11aa7fa525f,0,0
test:59,0.30207394,0.54558308,0.15234298,1,neutral,c2af66e5476a887444a0c2596bea54ee546a37dd6c3c2d198a9df9d8e4b78e05,0,1
test:62,0.12311193,0.71618823,0.16069984,1,neutral,48e08d89d86e92851c33246a95983ed8b5f63940bba4eec8d4eb3fe7e3e57aea,2,1
test:65,0.06215345,0.55035656,0.38749000,1,neutral,a5456dedf5ccaa4e66809fb8f0a0c863221f448bff7dea0f02f81124bad146b4,2,1
test:70,0.17993303,0.76051884,0.05954814,1,neutral,df4c342850b74fc4bdbe1a4025fc6b80930e0e1f4e0f94851a604de673037fb5,0,2
test:72,0.37327135,0.32041306,0.30631558,0,negative,77f65278bcad0c618d2484736e301f8593ad5d648c270948552d7d9928e9ef2c,1,1
test:73,0.16263531,0.53816709,0.29919759,1,neutral,ef821e52302236dffd3a316e07e4cb3afa66601f6daae9b62c81fa0e4068ef0e,2,2
test:77,0.21867523,0.60032954,0.18099523,1,neutral,7ac598143c624348eb6d2b7225cf28f1a0e227eda9e6f33383c1a97b26d253d2,0,2
test:82,0.16384660,0.69850846,0.13764494,1,neutral,84189335675cd215cef71eb0841ebb0ed50e7ab10a1769aa0e55ffcf7f51dec1,0,2
test:87,0.17771617,0.50916514,0.31311869,1,neutral,7c3c7b6966f7a21e4e5ad64d248bbd551ad9465809b2f0ed7d482ce4d5f97a83,0,0
test:91,0.16442786,0.19974021,0.63583194,2,positive,2a127d15b58101088e2689f162e0e81029c5e9ce31fa5bd3696f2c0c9e731bae,0,0
test:93,0.09690201,0.42636205,0.47673593,2,positive,fba90769f415b1e88b4db04cb101c4e442a0961df7ae41f6bb030fe140a8e189,1,2
test:95,0.14953183,0.25535850,0.59510967,2,positive,2fc4a6720198cbcc35b1e6a31017b5bc293c53100a8ed5e8bd7f8e2db172031a,0,1
test:100,0.05583109,0.70456532,0.23960359,1,neutral,7035e0962f7e8caa0e982862b192adc86f227689efee3354983abcdfaf164494,2,1
test:101,0.10034745,0.47948786,0.42016469,1,neutral,5671a444e11d5449f5b1ae6f7e3708728ac6f69bd9cbb306e4fbf5ea21d986a4,2,1
test:102,0.20512909,0.72082339,0.07404752,1,neutral,b1dfbf7a9eccb7c9af273ea266fe30cfb09d801bda71817356c886243b0adb24,0,0
test:104,0.60621009,0.27870714,0.11508277,0,negative,4043b80772aa536874d1197b7eadec6e48891adcfe10c43bf0a285610ba9b0f5,1,2
test:106,0.13628014,0.41070951,0.45301036,2,positive,c28aa9a3796ed886fb8626ddf4d665f6a1c2aac3158617e6773b49f56c251f6e,1,1
test:108,0.32020413,0.65545384,0.02434203,1,neutral,3daf59c9aa7108f5b9f9f434880fe6cd5f67258fc7a645b7ad1db540fa47e935,0,0
test:109,0.48539823,0.17538914,0.33921262,0,negative,3ee2f08cf7ee0b53750c1790a95ac6e6212bd239f4e7fe6e0dd96c00f99b5994,1,0
test:112,0.09926231,0.84124758,0.05949010,1,neutral,4b657ded326ac7a87b010c57a29021c9fd484283856b170dcef4ebe71e214742,2,1
test:115,0.07538780,0.48258295,0.44202925,1,neutral,48bf5e2f98f23f3d90eaf30db6ed1cbe5e531a1c31e529228225aedb2aa8ae9c,0,0
test:116,0.37189881,0.25819308,0.36990811,0,negative,ac78fd8cae346250b67c37b9976f4891bc4ff99e46675ad402fe590af56eea70,2,2
test:118,0.05474816,0.47175282,0.47349902,2,positive,21ca843d5468b6a082e5c1dde226514595a2d2c7b038294a400c6da307ae3d83,1,1
test:119,0.23304732,0.71165286,0.05529982,1,neutral,b9d2819d6682af114f467cf336da63a066dcfc37df719106f96939fe03ddde4c,0,2
test:121,0.20544190,0.65800812,0.13654999,1,neutral,43a87815da625ccfe6aa333da096df4db2b09a46fa475c4da8c0d4d8e0f49154,0,2
test:123,0.07761638,0.64089358,0.28149005,1,neutral,0623942bd6cd7feda1123cf6f744eee0a9cf4a11ee008a2d6037a644e49fe1aa,0,2
test:131,0.13201240,0.79288750,0.07510010,1,neutral,270b406d6b6a3b1fcfc22ff4248537433977e29654783c418bf3fa79feafc8e5,2,2
test:132,0.35832350,0.42666818,0.21500832,1,neutral,6c7362e5c4e56961f235fdc7c1fed52e5de74c88e3f7ba18901104a3baebe612,0,1
test:135,0.16811300,0.48405056,0.34783644,1,neutral,84f290792035c002f3791823063fd6219841a272102e956c740a1b211e875e51,0,0
test:136,0.55446890,0.28805162,0.15747948,0,negative,cd37de5bfadca9277fe732b2ed9404f3c3e584b915e37d176a5bf21d4863ced9,1,2
test:139,0.08100507,0.80554125,0.11345367,1,neutral,8d525150db947a28f36c3653ead967cd820ab93b946543307f600a56e9dbad7f,2,2
test:140,0.17422450,0.28288199,0.54289351,2,positive,6356babf0e0d0f7b6e143885a59d8cad80c6993ee43952580aebefdc86c69da7,0,0
test:143,0.32510832,0.32361075,0.35128093,2,positive,b486a7ee5e625413791662f7a90efcb797fcdd6c04b47429a685e5721f58db53,1,0
test:144,0.08861911,0.72650012,0.18488077,1,neutral,49c2e96f0d0ae3e30b9839365a65a78b969628b121d7fe408abf30a9db20651e,2,1
test:145,0.21605889,0.65789128,0.12604983,1,neutral,3ceec6b9975afa1fa6b45413a0c66ea6c5fa30397cc8476cc857b02afdd06e9f,0,1
test:146,0.06822501,0.31980504,0.61196996,2,positive,a85122af2186ff90f3925a0d454b2a36ee7eaa1817c32cdbaab971a53a5654dc,1,1
test:148,0.08036859,0.48587526,0.43375616,1,neutral,c96e7df129126d1af81586ca216c4e706c38d005fcd095358774dbba0e557c7b,0,1
test:149,0.42662707,0.54328545,0.03008748,1,neutral,e69534fc60893fc2e347254718af184bd0c788592f667cc06e3c490b370e9030,0,2
test:154,0.19630605,0.34864016,0.45505379,2,positive,a85243cc2407e93791d1dfd4ab82d10669b920516472a888d3a08467ffeb1c51,1,0
test:155,0.23939683,0.60696666,0.15363651,1,neutral,27a719e12e6224a25f999cceebaf91f25c0a2c379b3e54817bfb7810bf5dfd95,0,0
test:156,0.04050559,0.47588429,0.48361012,2,positive,59ac26d73f262b9b59871288f3b2a6bba06360c719a650219e8f89adb10374a7,1,2
test:158,0.09370053,0.62021206,0.28608741,1,neutral,36143256f0c2c1f2c2d2b3856ecea0077a70f5327ade09b76c3b2933f39c59c3,2,2
test:164,0.41428932,0.27140552,0.31430516,0,negative,0b48e0d9fb1ecfc7653c280be0e690ecc279f4f477f37ebc419f0ec7036d5dc7,1,2
test:169,0.44312376,0.38300637,0.17386987,0,negative,44842e4e3aa64775e91bdc30f05e6354d5b2c9ac707f60e29db958e4fa7f65db,1,1
test:170,0.23949370,0.54117125,0.21933505,1,neutral,54b612afb04bcafc33ab980e90b400418e2e50c41bba69ddf6e576e8520029ea,2,2
test:174,0.33768883,0.60361460,0.05869656,1,neutral,4186857a3dae381f4e9d177192b4191684f3e957f6a60fd1a952a8e45849f7b6,0,1
test:177,0.43291801,0.54680755,0.02027445,1,neutral,3f1eae10cd39f135f41ef9b3e0e7729fed2781073d6bee26b4a9b5deefc13d22,0,0
test:181,0.31680985,0.31188125,0.37130890,2,positive,bd838b1c01addf3211e1bb4e787504f9c5646328785e5fe43ac0afd0ae567773,1,1
test:183,0.35310127,0.42407681,0.22282193,1,neutral,4276e1fe031ba0a1de2fa77396a20c0aaa362af2b65f6bc2ad09363825f17c79,2,0
test:184,0.28643571,0.64518245,0.06838185,1,neutral,b343d537b73e3b9cde41b51e630ef3798432ca7bd336291a7e279b102cfb28f1,0,0
test:185,0.08766430,0.73917255,0.17316315,1,neutral,3057cc68cf3d03eeeb1f0c49876058935d21c4edff0f0c6899f6e931b5808a9a,2,1
test:186,0.43222487,0.53894038,0.02883475,1,neutral,60c0e182c069ce6dae3bc7e0b223682398567a6b6679b0b8a212a663f4925e28,0,0
test:187,0.01907513,0.17524994,0.80567493,2,positive,09becaf9386a15fbb81267d651fd84f1e0376011fc523ede3673106ffe2371df,1,2
test:191,0.05224652,0.80911908,0.13863440,1,neutral,a99efa429a46f25eff080d308cd9aab13f9b6cc08b7754dfa52a5239283c6f7b,2,2
test:192,0.15428920,0.39587706,0.44983374,2,positive,04796989dfdb842c77ff4cde5b9e699129e43812a313aec1160375df5b852fe3,1,1
test:193,0.07695474,0.69462409,0.22842117,1,neutral,df72d2f715b104e8369dd8df12d3b42bca9518e1728159174b37350c6f8b0ca7,2,2
test:194,0.24871687,0.22868405,0.52259908,2,positive,4add84c28b0225beed367264f8d6bda9602dadc298d41cd73e5c51e1a9162b2e,1,2
test:196,0.20748308,0.62377773,0.16873920,1,neutral,47a326a3e93e9988a28006393eda0980b0e1e0b798dcf54570c705c891a5dc99,0,0
test:207,0.19284287,0.55265281,0.25450431,1,neutral,ea9239589c201f9f8bc876707fdf926f95d1f1644c1102a4b2a713cb02225ad3,0,2
test:208,0.09799113,0.62098520,0.28102368,1,neutral,0c03c5e93a5b891219af1a8635e83dde528a90757a8d2958cac5eac2860ba52f,0,1
test:209,0.05062596,0.32786539,0.62150865,2,positive,45d2f7e26c3740735a28fb03646e2c4ed2a6020dde4ac0e735ce45a3dc2fb47c,1,1
test:210,0.69811198,0.27839736,0.02349066,0,negative,09bd2687d4bb945648f5a90fd4381262e17844352b2fc46ab0b7ea3aeb7d6f4a,1,1
test:212,0.35405197,0.33479067,0.31115736,0,negative,5c2556d408cd7af5786e1d9ed4331a14ad2cdc7561738a22fbfab79170b9d671,1,0
test:213,0.07936513,0.50736019,0.41327468,1,neutral,727151c84d34497c32d7a97dbf63a584b63b6ca380f46ef7cc5ac0a8b0f47621,2,2
test:214,0.13301205,0.56196735,0.30502060,1,neutral,67a8de97ca42ca63a7a0f5da382ebc4045131c03827796218c088bacd8ed8edc,2,2
test:215,0.32388485,0.23952759,0.43658756,2,positive,8b4400ab01fc6979247f53c468227473a9dc3479f3329e274f70e26a489bcee4,1,1
test:218,0.03654025,0.55935476,0.40410499,1,neutral,834b20c446d2926ed29f776948324d76c41589725bdc791c2ab37f64e6492b6d,2,1
test:220,0.21555131,0.48705132,0.29739737,1,neutral,b3cb1f7cb1291fccbedfc6b7c1faf0139c24556e5ba78e8ec2e7d910d3b1f40e,2,1
test:221,0.01212635,0.09193375,0.89593991,2,positive,639b2096de27e1a7768917339504f9450f367e17fafcd3b8d223c33d80fc2f2d,1,2
test:223,0.16536106,0.73499030,0.09964865,1,neutral,2b8bea75cf7718e68fd11c90e0648674e184610b78c19b1149724b188c66377d,0,1
test:224,0.10215808,0.58223797,0.31560395,1,neutral,3fa011f39fa7176d62a956abbfafd84b08bc68298f8f6174b7da0397e1d45ccf,2,1
test:226,0.08977507,0.68630104,0.22392389,1,neutral,2d445e01a67a887d0b38172c5a43915c52f0006848e447af26b0b9afcd5cbfcf,2,1
test:236,0.09658174,0.75436620,0.14905206,1,neutral,472739195bb816ac69d98bc33e3b6171462f1cdbb92b3fd59019dde2eacdd4dd,0,0
test:238,0.08975387,0.58831001,0.32193612,1,neutral,c66d279516145c4f36149b916aa213f3edebbde4eb0ed82b5cc8e806f96930a3,0,1
test:240,0.11017031,0.87712598,0.01270371,1,neutral,59e660303a98d8224b7ac3555ed0d7b68fa90cfbb50af29bd49881b702cf80b8,0,2
test:241,0.35014326,0.30365423,0.34620251,0,negative,7d597ce583bd422caa59be1ddda42a6d389c64d040a38b4bdd9e21710039a648,1,0
test:242,0.08168746,0.88529774,0.03301481,1,neutral,bff714ae0ce432c1833ef5b226de1af8958cfbcaace7a350e0d24957e489bf1d,0,1
test:243,0.15989357,0.48291352,0.35719291,1,neutral,6bb2a6ca4b42d55c5f124b5e21d9161e0342e445a7a692ad2b1eeb204e03d15d,2,2
test:244,0.37371934,0.46812025,0.15816041,1,neutral,1e43f235bf092d1a98d754d38f6cc5068e6cb6c841feb41c13a90e86cdeec8b7,0,0
test:245,0.11464842,0.70457890,0.18077269,1,neutral,829883dcf9731bc59e33f631d6ef0656deba307c68249c9221c5a4c208b12ecc,0,0
test:246,0.15982924,0.46038405,0.37978671,1,neutral,847bcc4d98555f594b820a814605f10a6d136e822f5c7d133047b46a5f2fb3f3,0,1
test:248,0.02031043,0.76610216,0.21358741,1,neutral,4a5b2b6251212354d7f2ec4851c821ce30ae8b488868cdc401ee76ea8f520f61,2,1
test:250,0.14621940,0.51363348,0.34014713,1,neutral,5f2976da49ba292c50a51f1415240b41d6cfa3eeec7794a63515c678d4fde5a9,0,1
test:251,0.15569602,0.53296584,0.31133815,1,neutral,b8a57b3a4510888a2a5bb40bfed016a9039cf50a7f9616fa2446837a1cfe8a56,0,0
test:257,0.40672624,0.33228556,0.26098821,0,negative,a50d0a956204a06ea5bb787a6a7e51450e95ab1fb040af2903a2d41546660ba0,1,2
test:258,0.37320913,0.27723553,0.34955534,0,negative,8a808bd3aede62dce55f91893cfed1c3bf1f550d5fa35f9cd930affddddf1896,1,0
test:259,0.06886174,0.32590167,0.60523659,2,positive,74dba55c924833a9551d426c4ad95030121f0d73126c4acbd48880d43991a9bb,0,2
test:260,0.04499019,0.53470145,0.42030836,1,neutral,929a3eb09cb9d372548f12b73e6fca2add8073b0c89b7c94a2c4130a0efc7449,2,1
test:261,0.21626099,0.13959452,0.64414449,2,positive,ea7bb8d482373df0fc92dcfdbf87b4715288bc7fd1a8a555fda4af6ad784df28,0,2
test:263,0.08980230,0.57775223,0.33244547,1,neutral,83bd63960640ff1580fe238ca66c2eb62f13b4db310424ff8e176d4e511b477c,0,2
test:264,0.24265644,0.55704784,0.20029571,1,neutral,51261bb444c6f021fba052bd6a32313e5996f5ea48df0b1a0ceed6258d37d665,0,0
test:265,0.24492351,0.69571604,0.05936045,1,neutral,b855bddd589a1907c544ba68c1094cf2b972f28480864bc9b85874858cd0f64f,0,1
test:266,0.04067895,0.59142084,0.36790021,1,neutral,d239310d5424537941624e137913f3deffb1a026be6ce00f78ca3fbb4352af56,2,1
test:269,0.36309352,0.47456489,0.16234159,1,neutral,8b6194b95f35294738721ca9455c8264252de7406095a09c0ffad79d8e3f7e66,2,2
test:270,0.45354302,0.14937232,0.39708466,0,negative,b03f95ee02e47d5d901a4396dfaea5c7b7c7540601a1db46c5071d203347b66f,1,2
test:271,0.09255428,0.75524097,0.15220475,1,neutral,ee23d8f235aeef8ff3903e0644fe8883face90d23754d10eb19f840be4361cb9,0,1
test:277,0.13122703,0.42990553,0.43886744,2,positive,de3cdfeb43fad166a2c6091010bc7309b2e9c69fff864151431a97be2be6668a,1,1
test:285,0.21745298,0.65420373,0.12834328,1,neutral,ed2df214d19b04a73a85e28d44df305c4df0be5fc9d7c808111e1eac2db6942b,0,0
test:287,0.69351774,0.20690284,0.09957942,0,negative,6fd2c1aa96914295865987cb10e9fc57db2efc1d0ef9e8d866740b33b73e0883,1,2
test:288,0.13986263,0.61825904,0.24187833,1,neutral,5e2334c7ae4fb0ebbbdd6f4e78cc59facac330e26bc7efa3ab9f9f37e6270877,0,2
test:289,0.14498342,0.04825802,0.80675856,2,positive,6c0aa8eee982860b05b3905aedf808886d6d9efbc9fd2aa6815c437dcf335ee0,1,2
test:290,0.43909040,0.30145635,0.25945325,0,negative,40466635ef99544cce6a3bbbc51bb1fef82546956f08d7faac77abf90a8078af,1,0
test:291,0.25902927,0.60759314,0.13337759,1,neutral,ba2857f8a199c7ac8af02c2d193cb2f2d062702f4c3219bbcacca61912594194,0,0
test:294,0.19844481,0.28271923,0.51883595,2,positive,aafd159a76a51a0e8ed12205ddae76cee1c310a47cc7db329590bf8a4b36e455,0,0
test:295,0.36418506,0.55649123,0.07932372,1,neutral,46a067513c7c8cec01f1aeeaef88f5f33cf6a200be87f976a2243a423857a026,0,0
test:297,0.06915375,0.72272567,0.20812058,1,neutral,9901bf03a412babf330ea73355cc12457ca02238e35b855def175d6ce0ef980d,2,1
test:301,0.62498127,0.28505838,0.08996035,0,negative,227b966ad4d932a59a21c65ead8819fd8505ac2d841f97ffd125f8829885de0d,1,0
test:303,0.36825994,0.61469019,0.01704986,1,neutral,f9b4ad87c39c475fd90f9864a13ad01bef553794b8919824df88bc55d0eb2b8f,0,0
test:306,0.01263737,0.69023514,0.29712749,1,neutral,551c4ca496775b8004cbccfdd82f932623e1f12927091188b2e37c4796af65ca,2,1
test:308,0.05460539,0.67570416,0.26969045,1,neutral,e4ced1829f6efa79d69a4e6667941685532777977c063e05ceb72af335af1ce2,2,2
test:309,0.39960183,0.12301471,0.47738346,2,positive,64a9dea141b0462aab11ea6b169df1b30cdb6144f408794c3f57f792442e72d1,0,0
test:310,0.33198111,0.56833123,0.09968766,1,neutral,0f16ee53de89ba5dd15b73a866f1db0d4d5b0da2b2dcae26e7a78e6082d0931b,0,0
test:313,0.75267758,0.19801269,0.04930973,0,negative,100645d66cead696a4858ce5fdf9214d2c82ecd4c32d6b78e4a850d049bdc278,1,1
test:315,0.41348023,0.29918149,0.28733828,0,negative,d353b4c2a4d94dd718ea7283a6c8462a256b2b2a51d477efb1b22d92883d39e2,1,1
test:317,0.16312684,0.71166726,0.12520590,1,neutral,25584fc504af74e52318b275985cbb677723566f7352adcec69e87d2726be6d0,0,1
test:318,0.36986948,0.53345252,0.09667800,1,neutral,0845ce9388d118386e236015cb235a853fffe90d906902a8d8e67166d22c7689,0,2
test:319,0.42650440,0.52395675,0.04953885,1,neutral,edfc2e17528db9da171d26ecf3a6418d16bc0d7847283db7895fe46c10ba84d4,0,0
test:321,0.15975352,0.38736283,0.45288365,2,positive,08e8fff0675818fe3f081f766d94612c7b1267792d6a204f374655c26f2ff768,1,2
test:322,0.11221747,0.33178163,0.55600090,2,positive,38a7904399c6603d69128c07cdb9d680bc3a4bfa7328f10fd0c4e00edde1623a,0,0
test:323,0.11075466,0.80719656,0.08204878,1,neutral,d1f9077eab1d0db2e2276d319f8bfad153ccbf0f9e1820f8c132887e6677b8f2,2,0
test:324,0.24613875,0.60996049,0.14390076,1,neutral,d6951b0bde4edb557b99a580c46e7b8c95c545365649540ad1a5894e32567ac8,2,1
test:326,0.49610255,0.06202921,0.44186824,0,negative,35d6aa6236baf4ce1314c309d72b30069804c4b251f8afdebe63e891c14fc692,1,2
test:329,0.62932258,0.08945895,0.28121848,0,negative,772d9accaf96bc29bda9fd099b531eab6be1f7e6f5b6d4e704707d58663797c3,1,0
test:331,0.12544116,0.76527337,0.10928548,1,neutral,4131d1af880f351253a3004137c6458dbc37accee258bce7c2c436ed3475302d,0,1
test:332,0.16761196,0.56655004,0.26583801,1,neutral,5e4192256be2dc7b1394b6794d165a9e77ca5d30f38d206fdcc0faf8f62935e7,0,0
test:334,0.02256038,0.52592840,0.45151122,1,neutral,848d635f8812f34734e441db37f3d45def85b5a4f3622791691ec955772f903c,2,2
test:335,0.11727674,0.69167825,0.19104501,1,neutral,2abb8686e51f4e5e3d65e272d7b460957733c7348c73d9244ec13601510dad3b,0,1
test:339,0.69450041,0.23082541,0.07467418,0,negative,40eddc88958da907c0f7f4da9ca587c4f7d75eec57d54f044ce5c455bc77603f,1,0
test:345,0.42096791,0.53242541,0.04660668,1,neutral,41ef8c8b293643c5257182ade7ed534403f61f07036691c92741a4e5f61afceb,0,0
test:350,0.10042651,0.78321230,0.11636119,1,neutral,db4d2489f21db83e88e568b343dbe62783595bdb1df332f180447ec90a779e03,0,0
test:353,0.05785520,0.64435051,0.29779430,1,neutral,23dd98c428079aa32ff0bcf0a16b52481b89af2ee9b97f18aade1ffa660040b7,2,1
test:356,0.04672031,0.38673579,0.56654390,2,positive,20f7f5e40e0de563f5926c6ba877bfab85972a28af97513afec77ba294774880,1,2
test:359,0.16314857,0.68072220,0.15612922,1,neutral,c6c80a46f87e76ec2b24b259226cce58f261afb7a2dd00ea87be8d02ed586915,0,1
test:365,0.20102106,0.35515807,0.44382086,2,positive,a6634ac367b23b18e9e26f47df63b26a1dbec16578d3003b02ad57b86c21e760,1,1
test:370,0.07105238,0.03841904,0.89052858,2,positive,5da9f0fb30b4557cf9fd228102711e23e24dc5844e9eeda074b0f96d01d9f563,0,2
test:371,0.02667004,0.77331342,0.20001654,1,neutral,c9e904b867b7c1a529fb3002fb4850e3205b1c1e1fcd30cf314da05894d09896,2,1
test:378,0.92790495,0.06798194,0.00411311,0,negative,0bcc6066b87f08cb4c03a8b43e0d5a04f964e25b7582e18dee53957731b95642,1,2
test:379,0.17595002,0.30411803,0.51993195,2,positive,63360aa65cc0ee97ff582ef7ecefcfb7abf7b50f77a3de0d6e52c02187d86ee0,1,1
test:385,0.12481776,0.29376427,0.58141797,2,positive,5bc56586e2380106a6a4a517028e40423fdf8098b3c85a956b32cd82ab1dc223,1,2
test:386,0.32028339,0.32657386,0.35314275,2,positive,faea8afa9bce9862cf313756b769d8118730d21aabd4cf5b82a3ccdf1d6e1204,0,1
test:387,0.11052842,0.79159842,0.09787317,1,neutral,112dd34486f18b88c593fb96b302841ef373b1628ea3c5d3dbd2ce2338018a8c,0,1
test:393,0.76862723,0.18162598,0.04974680,0,negative,25e03249bfc7f2d55a8c8713286665420e8ba87f94872291d7eb7df23a417c4a,1,0
test:394,0.16418861,0.22907225,0.60673914,2,positive,6c0d224679ae2cb659ca6dc2001839f682fe663675ad99f87462f3593600288c,1,1
test:401,0.36710943,0.42629481,0.20659576,1,neutral,851f41254a7ba94ecab2c8ae35610673e8469b2cd05e4351676bc6e69f05b6f3,2,2
test:403,0.51708360,0.24809424,0.23482216,0,negative,5c9e8fa307a703a75acc33ad72fec5831f5cad4bf52be4360c11a2285f91a0e8,2,1
test:404,0.51532763,0.41491632,0.06975606,0,negative,7ea65e9fb83c467792abce4a76a179a007cf917553d95b6b5c60b5dc5ce87c7d,1,0
test:405,0.29129858,0.19066689,0.51803453,2,positive,415ec0553aad4f7200dacece6804354a476d329bc08ce2742419be363fec2ebf,1,2
test:407,0.59096534,0.25044508,0.15858958,0,negative,4fbd640d2f55cf87cffb1944e10d0ba796bac912085b12258c378ab121f7ad8b,2,1
test:408,0.47501651,0.22062779,0.30435570,0,negative,7fe048954d8bad19f0b9ee17c9e7027a6cd26af837adc97ed4576fc3f5d2e4d9,1,2
test:416,0.13603555,0.85369373,0.01027072,1,neutral,b11210ef91aa0fccfe78d1093f918e33a131fda5648f933f15eaaef9c17140eb,0,0
test:418,0.24953947,0.61065234,0.13980819,1,neutral,2e855a7dc7103635ca0fee6c9cc48239729da8416adaea0903ee892531edfc94,0,0
test:420,0.09917342,0.14019124,0.76063534,2,positive,92c2924a0ccae73386868acf6122df5a7f9e95544eb6288c9d2a149b0deb2803,0,2
test:425,0.15183479,0.76568085,0.08248436,1,neutral,56a9b85b2ef850fafbed49fb884c9c4db517114580749e695c7459519a66d8d8,0,1
test:427,0.29770972,0.06064897,0.64164130,2,positive,e1295ad969c54a27447961612602e51b5475ff1f68454bb347a9780305f24b12,0,0
test:433,0.41811369,0.39827777,0.18360854,0,negative,01fe14b6f60934c72cc14d721a917a0b48c7cb4fdc01ce12401cc8a4c274f87f,1,0
test:434,0.25313597,0.66036322,0.08650081,1,neutral,ebdf51cb9c081e8dad45021fd3993100aea4c96797c8097d9452cac9c0ccb3a6,2,0
test:436,0.63214122,0.32031832,0.04754045,0,negative,8a94f6ced5b1904f6a662da5637cec8e42b95b18d5317c4d2da03381e4bcce26,1,0
test:440,0.38566090,0.48548428,0.12885482,1,neutral,389f75bdf65197a3be50458488f29be78faeecb534964cdaee69241c9de0676f,0,0
test:441,0.20320008,0.58916536,0.20763456,1,neutral,8fb5d7dbb26014c20b14e9e86fa13e348d58e520150b494dc554822125246428,0,2
test:442,0.21803844,0.61756932,0.16439224,1,neutral,ad6ec392385e4970e1cb33a78089505e3d8543cea51ad097406bd16aa0583951,0,2
test:443,0.22756130,0.33493326,0.43750544,2,positive,ca1b9ad631757a44d22c7726f747156bfee6be340adb6849706a1fb40c56d0ca,0,2
test:446,0.13154148,0.23013504,0.63832348,2,positive,de6b606c2126bf5d1237c2f942530ed6c8fb9cb49bfd3632fba698290d1175f1,1,0
test:447,0.71557962,0.25643070,0.02798969,0,negative,639e856d91507c1622a981c34cf76a66053470ac8124955d469dfdefb4d4dd6a,1,1
test:448,0.06375214,0.71863659,0.21761127,1,neutral,9b7b835bab11b1f87377657721dc256488f837a7fa80d4ba52c08c6564ed18e4,2,1
test:449,0.05316979,0.75617750,0.19065271,1,neutral,8df8291adc4f8722b55702a00bc5b91ca504701bc8ab312f5aa8502c773529c8,2,2
test:453,0.54737398,0.34057741,0.11204861,0,negative,70ecbac0d766ba2b5d645d0aa59d0a780daeafbe9525849e8006e132c4108343,1,2
test:457,0.19551886,0.61058792,0.19389321,1,neutral,54a52df27034812f6fa6b70e34cb66e090305cba7c4964ada69dc76e9dce0b92,0,1
test:458,0.18451615,0.17889300,0.63659085,2,positive,848b4a43749f737b2a17bd664d62ee63e8fdc3a9d38cff79b391eed3ece05f31,1,1
test:459,0.16330320,0.59958383,0.23711297,1,neutral,fd780e60a241d737e2531750aed3f1c6f287be66ebbcfec23e11103dc3e00535,0,1
test:462,0.15188741,0.50991940,0.33819318,1,neutral,7ca11ff274e90a1aca456b51f6a985cdaaefb562a3e32d35358194215111cbd6,0,2
test:465,0.33409896,0.45679079,0.20911025,1,neutral,25e904cb1e194a18095ec36b64550a67bfa1b39a369b22672422f784c9ba1c68,0,0
test:468,0.03145279,0.47882821,0.48971900,2,positive,37b236d5a8046e8f3db7aa61f1fa386040b98c900bdf1e0e7c1b6373e64548dd,1,2
test:469,0.04945037,0.17396299,0.77658664,2,positive,f84257f00f660024a291d40f023eb1499813842708834015560b1460ee46dd9c,1,1
test:472,0.20666741,0.34915336,0.44417922,2,positive,5a35eeac5b12fad6b61ae61fb967953df5d5a70fb34d55ca51934d2488d710af,1,2
test:477,0.34975522,0.29774582,0.35249896,2,positive,8c697792e202952bef869dc506264178fd07e930fffbdafb1ffd8442e6767eaf,1,1
test:479,0.28027334,0.59519310,0.12453356,1,neutral,0bbcfe674c83d4f3b790e73ff1861d72f71864c93535eb128cf6f7af0d43378a,0,2
test:480,0.58991952,0.11043566,0.29964482,0,negative,b2a644006748c22dd9765a8c629844e0b8fc52a3e9ce2b5e6cbc2f24de11b45d,2,2
test:482,0.15848635,0.58306237,0.25845128,1,neutral,203927b85929b19fe29d958f2c5d57ec223d357f1c37e56651fd127bdd1e285f,2,2
test:484,0.14896752,0.40579215,0.44524033,2,positive,c5382f540d00e4108292471fa02a3a00eba01bcc0009ca47a89147ca3cdf6616,1,2
test:485,0.06599988,0.87778189,0.05621823,1,neutral,c941bf87aee72f46fe839cb15c1a49ce3becc80fda876db3aa723e15b8d74084,2,1
test:489,0.13092691,0.18584128,0.68323181,2,positive,828b65b8976b94214c3fdc42ef46dc36de3573a1c6bd41b7154b1628f8c255b1,1,2
test:491,0.67562568,0.27703079,0.04734354,0,negative,a0d1996c25736e78e37f4f34d1db1f7ffe7384dfad3c9cb157f67bd618c0aadc,1,1
test:496,0.09883118,0.43791150,0.46325732,2,positive,2e08bc274394af0949a3730b77e7a8b0ef2357db371026f39cb83469e515cf58,1,1
test:498,0.39050150,0.31784399,0.29165451,0,negative,fd54c8d39f45de88a56bfa02c72d38bb89ba822fd64222c32d8e045c3c765185,1,1
test:502,0.55522390,0.40872704,0.03604906,0,negative,85e194dde0f99a827d0667d7592b87454e198bb11d010fa1f3993513db115683,1,1
test:504,0.29433865,0.27798471,0.42767665,2,positive,75a87d73d982e50f5a44fa034499a0d281956d89b3f3ac6785006580d2698d9b,1,2
test:506,0.41131766,0.48260726,0.10607509,1,neutral,2789e125845084baf71b2d7123cb4dbb43af3f62ac0ad8dcf98b5dcd4514b6fc,0,0
test:508,0.56230206,0.08228113,0.35541682,0,negative,ca8514dd4b256a1ee7ae73380b1113988f0cf42ebaa0730d8a76e25606d69cae,1,0
test:509,0.55422757,0.19581856,0.24995388,0,negative,a0218e0abc63aba016135b15d8e1891df370331af6825bc88f6b230d78006cdf,1,0
test:514,0.44392963,0.33491678,0.22115359,0,negative,0d3855662fda43e0be5f2cf500a431569d6fa6a0c3dfc4a44b31bb0b0c42ae60,1,0
test:516,0.11588149,0.75910314,0.12501537,1,neutral,104819b19aeed2ac48096e11b2d0780a1cc8169ad45c00badb612d91e2b502de,0,2
test:519,0.22315168,0.50001480,0.27683351,1,neutral,63a7f30633c9960a92e68792daff65f548a46886298b7f766b2581c344c0ebba,0,0
test:520,0.19086861,0.71798028,0.09115111,1,neutral,e0b6a8c05ce8fcecffc2b024651c3b0e746a8b3565fbd9e42c9867d719defd30,0,1
test:524,0.13780842,0.03355722,0.82863436,2,positive,9de1588b2e4d0e3dc41b61e2c197b4b81b70f48265ec0d3b3aa9740d07341c16,0,2
test:526,0.33489874,0.63953588,0.02556538,1,neutral,85a4af8e2fb3db3794b0e72c5c499f0cd3e63de542c6f3b10047c40d4ed9ec7d,0,2
test:528,0.04025993,0.75519560,0.20454447,1,neutral,121b55b347d5772956ae0e734ca65e1a1fda21241b5bd1ff695ae9c6be70aeb2,2,2
test:531,0.03060047,0.75595406,0.21344547,1,neutral,2c3aea3de23371c7238b1fd9d9e1a2c819314355e207ba5fc16c110aafaf37ba,0,2
test:535,0.13101898,0.53430101,0.33468001,1,neutral,3610752a94b9d6bfe0f1c0f5d58aeb4b779c7cb03307eec88b71ab01b1b8099a,0,2
test:536,0.15436034,0.58530617,0.26033349,1,neutral,257818bd0a7925d0d7f04117fb5adbcded2ecc110d23c7cea0a57e0560f19d71,2,1
test:537,0.31767841,0.37721744,0.30510414,1,neutral,43c3c4ec42886830c548a50f8280ec3e13ccbd7309f63e94744b1230bb858e0b,0,0
test:542,0.44690317,0.26562339,0.28747343,0,negative,e04b9b86344f853755d98db7b1f2dbaebfe96ae42f2fd0d467f55752158973e9,1,2
test:543,0.21076742,0.53850428,0.25072830,1,neutral,c1e54e376ad9d00e6ff5c2175462cb4d3fdf227a9c2eb29966becf26f30c45c6,0,1
test:546,0.27718258,0.44492019,0.27789723,1,neutral,768de755672049458d1782150e4364bba99f1a314237fbf08931ebec2a469339,2,0
test:547,0.29085479,0.62598489,0.08316031,1,neutral,d88252377e1b634a51aa7b85d69482fde3b32daedb3e9c85623a14516534a60b,0,2
test:548,0.63391901,0.28462356,0.08145744,0,negative,06669dbf1348892bd7648651d6cf6b5387489ea58b88079bdad88772ea705454,1,2
test:551,0.21599455,0.60458201,0.17942343,1,neutral,a9766f3142da98054f0ad10f5ba09220fd104b97aa70c3f951ca9ea81a3e5c8d,0,1
test:555,0.21245888,0.30155311,0.48598801,2,positive,40ddee01eea40c01bf6942804c05711f5431e792dd88bb616f1151999d74f963,0,0
test:559,0.41160991,0.57879774,0.00959235,1,neutral,a3e3b911f790528043231f3c56c1744fcc032dfe902b84f789349febb68e1b66,0,0
test:560,0.30216196,0.62953693,0.06830111,1,neutral,d478ebf0753eed96f3c3a4b477f63c9bcb7026f44db337e460fba0c57b737169,0,1
test:563,0.20528892,0.26808201,0.52662908,2,positive,d90326a7fc50467621d44e75134a5ca9425d34306a08e6f8fd3516539bfe1038,1,2
test:564,0.11738867,0.43032741,0.45228391,2,positive,e6603c774a54800e8a1f5072cf8a7fe7b90e8b46436d1186e276477feb9e198e,1,2
test:567,0.16116417,0.24412875,0.59470708,2,positive,15275f570ae38ba7829496388ddaa980a5124c9d4f7ba111179b29ccdc4c3fb7,1,2
test:568,0.39837614,0.43471131,0.16691255,1,neutral,6a5f87ce982f2707368d8eda4f9d7f6ec931263d1ebd3c882c3183f3882d2cf2,0,2
test:570,0.08477808,0.23628073,0.67894118,2,positive,38dbaa402ebcb7f908e371ef582b14ec64ee3fcdef588162854f7a92037f7826,1,2
test:573,0.76212737,0.19807847,0.03979417,0,negative,c02957f5020a23101f0a6099e2b124f70f21669e9d7c44d3ea154a352c6e10fa,1,0
test:575,0.03505870,0.64006615,0.32487515,1,neutral,3efe6e60c21e2f5bf751a2963fb3912a0031894533884b1d763326a05243175c,2,2
test:576,0.03870538,0.25578114,0.70551348,2,positive,27251a10f921b51efe340de2b0509c89382b870fd3256569139b15815eac9446,1,2
test:577,0.22022413,0.25889843,0.52087744,2,positive,2f8cfd774589028c288933134f58107d1a37ac7037b7d94321c2451c3e9939c2,1,1
test:582,0.24084027,0.68419793,0.07496181,1,neutral,0d0eed7f1387994b15c7158344f90b8c0707b59979355ecb23484cb9d5da886a,0,0
test:584,0.22918196,0.62670026,0.14411778,1,neutral,0dd0754a9f32b77cde46453e7f961e02bf43ef8a4467e20b8b90ee670ac7ac92,0,0
test:586,0.41666243,0.44378042,0.13955715,1,neutral,2b9a52d0c440a0cf2660788755bb4565a56964910e6f52e525c60c0f1f139187,0,0
test:590,0.17167424,0.34256604,0.48575972,2,positive,9e1588fdceb5e2f0a0a2ef0ef414f0257caa4c05f4e1e9644220e340499deabf,0,1
test:591,0.29975389,0.59906104,0.10118507,1,neutral,7e6062fa50360709d5a9f3b8cd4a29c33fbcaecac9423a854c778bccdbea182b,0,2
test:595,0.59459585,0.35989890,0.04550525,0,negative,bea47eb3e31b33e8792382b45a17d4135d3d9d605a66c6bbb47d0f66dfbf6434,1,0
test:596,0.18938497,0.19830900,0.61230603,2,positive,9c35587ddc5d367b07d0756ff0d03372b4c7ab7f85c281a7343736cc2c53ff65,0,0
test:598,0.18172140,0.15888231,0.65939630,2,positive,b11562cf9ab8aa188763c09c3935715b291c8eb5383f9be190e1200c91d7fdcc,1,2
test:599,0.31089913,0.52484177,0.16425910,1,neutral,f384248b8ca3c956f38230ea0ad2184210adbdfdc93d14aec0c24f40aed2264f,0,0
test:600,0.11689690,0.80993070,0.07317240,1,neutral,a44716172a3249e9d81177f3a633a9775130629554fc1b801b95265b83fe1f77,0,0
test:603,0.03492885,0.73859907,0.22647208,1,neutral,49162b03d751cdcb13728a720284519e15b0efd411478a160405b7c932bb17e8,2,1
test:604,0.30942262,0.38654575,0.30403163,1,neutral,d65fa06aab92c6ea23c8fbf5f02061670538ded5207266526e5c745157814995,2,2
test:608,0.35276480,0.45333617,0.19389904,1,neutral,88c519ad2fd1edcc4126e3d2f7c27928e7411bd1fa42ef97d6e998c128319b22,0,1
test:611,0.19094348,0.34046376,0.46859276,2,positive,ba2c67aed157dd795f8e93b7b75fd78fcc9b37ffe6979558edd712c3edc0f315,1,0
test:613,0.06168415,0.11461722,0.82369863,2,positive,0084694d9c5ceeda80d1c5763c3c464055e004fcefad5eeabe16c8eee860e5c7,1,2
test:621,0.02255809,0.10470456,0.87273735,2,positive,2d778caaa6c15df9f16c9c9520a48e9836fb8404ee273478b92906aeb738e4d9,1,2
test:624,0.02374015,0.38801745,0.58824240,2,positive,6b820de0a4df33ba5137700906729636bf6f6303faacc184be66d616215b58ef,1,2
test:625,0.10024796,0.66262420,0.23712785,1,neutral,eb75a75a49bbdcc01edcc9bca52b430753dedd10a6c9ff4fc570b04d58229387,0,0
test:629,0.07074434,0.26713358,0.66212209,2,positive,605c1273f2c456cbb51d7b3e7b271b5f29ac8d313b68b5c2a2dacb17950a2598,1,2
test:632,0.17571635,0.58550042,0.23878323,1,neutral,fe801f76f1f8a42274049a5735d63bf3c042649789311ec98075ae35c5bc68b3,2,1
test:634,0.43921826,0.34325990,0.21752184,0,negative,9d908cda9de6adfc316434400b71615ad16455c9a901c64d6610fc29fbdff371,1,2
test:635,0.24875503,0.09386920,0.65737578,2,positive,f733daae37efb2cc410b726074b33496400cdb47297977872b1861abb946f36e,1,2
test:637,0.32585651,0.57699867,0.09714482,1,neutral,47b87f624358445ef724f16cb8536c4f508f8b79c878d22fc86eb9278ba01285,0,0
test:638,0.02444145,0.23417163,0.74138692,2,positive,6ab0b3b6305fea5c8e7b8b34312d6ea57005f6a66f397931c85390bfe156b961,1,2
test:639,0.15102079,0.54871928,0.30025993,1,neutral,49f84ea2fe824ed363dfc164116b6d5845aeacd3e1fc283d55221cd4684c33b2,0,1
test:642,0.80882612,0.13090532,0.06026856,0,negative,da2f742c67e92447cbdae846e7f279a91690bcbaa15b562264317d21343f4972,1,2
test:643,0.04989208,0.31483433,0.63527360,2,positive,37b8fbec60d77c497128756272d77dd64e4b0d37bc4a0c030dabe4ee415d6ae6,1,1
test:648,0.13210642,0.35501606,0.51287752,2,positive,4954b5798ded986e8ea0477db905ac19600322cc23dedda13055cea4f354686c,0,2
test:653,0.66045751,0.26749521,0.07204729,0,negative,9ec4516545e863a7a24f6a7c08ebc213d545458e00269ec8b80dd94c43b0187b,1,2
test:655,0.14547560,0.69755988,0.15696452,1,neutral,30130d472b68bc6d33ca5fc28e8c0031968a16f0fc9242a8b9fd90bbad0acb4f,2,1
test:661,0.22077958,0.75050707,0.02871335,1,neutral,0e638ecffc5dd821d22a3741255b73037fc669c01c173954aedd0337496ca5dd,0,0
test:662,0.31989847,0.59378535,0.08631618,1,neutral,2c10927e0061084475451047d785e586627725175fc4653ed4ebeb3be3b58e28,0,2
test:664,0.23581047,0.70107108,0.06311845,1,neutral,1079ab20e8701f770649ee73dd0ef43460cb613fe6bce6f7ffc11a60f726871c,0,0
test:666,0.10660261,0.72488586,0.16851153,1,neutral,d4a2fe2e43ffefbd74c8c5ba41027f1cbdd94507d8e58cff44e6dd7d61624745,0,0
test:668,0.11667600,0.37956318,0.50376082,2,positive,c0cae7098a727b82c16832edae412acd6bd84a3ab40a089eed4b2b8927512df3,1,1
test:669,0.11512525,0.81920395,0.06567080,1,neutral,96a1f32a70649ff2d3dbe385f7b01e4ef289f82b2c992e9621358f0123305ba1,0,0
test:670,0.38393114,0.47913579,0.13693307,1,neutral,144796b47af9ad1cebb4aa8a98d150642680d7e8bcf1645c1ebfe3f49abb6e25,0,2
test:671,0.18853287,0.31568105,0.49578608,2,positive,6a2754a22dcae1f18666913443fdbd1debd6aac37f8b3e43937e6c5672728f5b,1,2
test:677,0.05053298,0.53255318,0.41691384,1,neutral,498de3bb3ab1d521917a1e1b6b2192e476d1b4e32a6899ea2d404c15d91cbbde,0,2
test:678,0.02595539,0.52169032,0.45235429,1,neutral,8887e266a4de7fba24e946253a367c1878ee759966b6de829aba3c2fd14a02a2,2,2
test:681,0.12718998,0.40265206,0.47015796,2,positive,b6790c7e0558eb5d881819818005e396e6d72c7aa291db73adae8a7f3503cd60,1,2
test:683,0.17170260,0.34593217,0.48236523,2,positive,7f3b151bfff7120930856614c9ff0b9e18d2332cb52116853ef34f153d8c5387,0,2
test:687,0.09677292,0.72277446,0.18045262,1,neutral,b03fe9cfca6797d1aec42e2ac060550de579e005c5432e3d4e7c6917da95b60f,0,1
test:688,0.43950691,0.34206308,0.21843001,0,negative,2b0dd1eba59547969b0395c63dc990ab24986fe32ed3af7ac53afdd8a92a2cbb,1,1
test:697,0.18643443,0.58532948,0.22823610,1,neutral,77b8d33bbd48960589139d6900a4ae64409c0ce7d87d67cfa231c1cad552ba1e,2,2
test:698,0.32032615,0.63924858,0.04042526,1,neutral,73ea09676bf8a04a0365f65e81414c91f45f2da688c40d1d228ee0843030f618,0,2
test:699,0.26831742,0.47112608,0.26055650,1,neutral,042eec842abfe58f49ddb1a02ed8f29f96d6beea51b9af3c9a572703470cc7ac,0,2
test:702,0.43886657,0.51059170,0.05054173,1,neutral,ede1558b8d213e863aa9dbc41289a634fd4f20ae723156e3fc3ff7a2cd44b90f,0,2
test:704,0.51178010,0.35543827,0.13278163,0,negative,cf7b45f4af43a16e0b33bd4a2fe32d9dcf1cbfc80105daa7da7b1590808d66e5,1,0
test:705,0.11663855,0.62728251,0.25607894,1,neutral,866b656d22e8115fd54de32157517af7a4773a1b2e867c48859dd28cca4aede8,2,1
test:707,0.45347475,0.18119129,0.36533396,0,negative,f1f470dd64e0bba04581ac06fc5ab237d20594472974ef68c275dac5ee15fcc4,2,2
test:708,0.10003913,0.79914265,0.10081822,1,neutral,00feac315700f3f1c4b43ba1cceb62be158b87c76f8d41569e9eabc94d0a2434,0,2
test:709,0.50974241,0.46058095,0.02967664,0,negative,976aa6d0947f5d202e4dbe49f8ea902f035f39c7a1fbc012802e2b10de9a7940,1,2
test:712,0.11711680,0.32863272,0.55425049,2,positive,7d2cc82a33e66845b07b3b6bfdb39c06d76d40b58e8d40455539de0a052756dc,1,2
test:714,0.37112114,0.44873520,0.18014366,1,neutral,a465d8e9b6eb5b2b814fc903dcc3e59a33fdf9e4766f8ba69cfa92723005d183,0,0
test:718,0.37743124,0.51750405,0.10506471,1,neutral,978eab8fd3b9dd738000302ef0d1447048405aa2d6476d8a588834292d54113b,0,2
test:719,0.39875018,0.47374368,0.12750615,1,neutral,37f340a2a13d182f032b04d3fd8a85beec1ab5b2ef70d581eaec1ae43dc72c9f,0,1
test:724,0.77459574,0.15672165,0.06868261,0,negative,1ed15d5f4f4682e98619be581a26d9377762c2cbc810f49d8b8b8ff115a37f2b,1,0
test:727,0.62337624,0.17269971,0.20392405,0,negative,761679dea0ab76a0e56f4c0a59651466d12dd2b4111f5fcb78fb56bc2ac8c805,1,2
test:731,0.29556409,0.60419267,0.10024324,1,neutral,6260187391151deee881710a0053ebed65d7445ad7cff0d367e9eaecdb2261e8,0,1
test:733,0.11539055,0.35083689,0.53377256,2,positive,4f17f38ec06ad11443c8ba643d0cdfd35650bd546b338a223e58c0cfcd5636bb,1,1
test:735,0.30331655,0.14578359,0.55089986,2,positive,49aa08e342865a045bd71b6b62b9565effbdb41f0370e84d10023cc5c3f44b5a,1,2
test:736,0.29817999,0.22308413,0.47873588,2,positive,e1b93f535915e4ab7f8e1868607100e8a00e33e08d0924cc376bf829d02a7c2a,0,2
test:741,0.36803203,0.51545671,0.11651126,1,neutral,912392794f57532080767a7746cb0124d243f0f4a1d53832ee83ebeabe50e0fd,0,2
test:742,0.20103274,0.64136583,0.15760143,1,neutral,e5ed6dd9bc593c6515a3b6465421ea02ccaec22b2f3a452357a919a6a07e1dab,0,1
test:745,0.11008847,0.72296979,0.16694175,1,neutral,9b94d8f2d17c1eac167e609ab5ea2f309cd02ff8e596064c5b33572463c4f048,0,1
test:747,0.63931656,0.20087960,0.15980385,0,negative,4e74172ed5f68b65ab64b81a9782efa6783f10cb3de62e9f3ef0b9081ae5fc90,1,1
test:748,0.15952600,0.47073938,0.36973462,1,neutral,6544cad13c8cab4c31f850622b0dbc9c2bee029c4f22be521dbbb9b11b2e3d46,0,0
test:751,0.06579220,0.66049287,0.27371493,1,neutral,ae25fd1208e9f7abf09620aad86d7066aff9e79aba0870736361cf9ded4568fb,2,2
test:752,0.64598744,0.25407885,0.09993370,0,negative,3598c2b757364f1497bb9702954dfb537852306a47972f8f71244d5d5cc0e1ba,1,2
test:755,0.48884688,0.13550933,0.37564379,0,negative,26e38c3b2847a2df96f7b24d59dd916ce4d7afc20f3d1b859ebd2b29307b6a93,2,2
test:756,0.19262715,0.69779052,0.10958233,1,neutral,50662f19131b5620eff6f2ed5beff1dabaefe3f2c90c71adc825fb9b6e12b35c,0,0
test:757,0.29574785,0.07826687,0.62598528,2,positive,c6e55ba6e7658133dbe698870bd3bc2c54447ccf2cff8cb9ea54c2d9a795b5ea,0,2
test:760,0.08891358,0.19562517,0.71546126,2,positive,303680fb60dad94a0f6cd88d7c99b32a9469d413f438a475383a52318099f885,1,2
test:761,0.40265581,0.29441494,0.30292925,0,negative,61b34f3f14d152765399c17fe89a013d4fb329ac3d5956ab00840e077a61123e,1,1
test:763,0.36784843,0.21849822,0.41365335,2,positive,4cfa9a0e268705f480bdbf99cbcd3b70a3e3bc8f610f66165e8e7c9a3e8f65d5,0,0
test:766,0.25465357,0.40142260,0.34392383,1,neutral,76e21777679bec7e14a917eeaa53f7a61698f0a708c9526e37e4b459f403819b,2,0
test:768,0.18361971,0.71352157,0.10285872,1,neutral,83815b41d5f36e7e5e8677b57216ce6e7dc89458e97c8f07cbdb0f5981b52335,0,1
test:769,0.38910172,0.53308974,0.07780855,1,neutral,251bb84d383a5eddfbf76f8ece8cd4dae9b9202135c2eebdece75142f2e2414c,0,1
test:771,0.12237398,0.52223016,0.35539586,1,neutral,758dc45c12cede4cebe377fafe8f06de93f526416de6bf1395ad41dc76951fb9,0,1
test:774,0.38150964,0.49372677,0.12476359,1,neutral,f0a6cbb23cab850cc9d61226e89dc6480efbc15f727267fa442fb42c6b83d02f,0,1
test:775,0.90422117,0.05600918,0.03976965,0,negative,2e8cd3ed1c76a44fb92a833090389876a6f7061960c86a9af13e14bebfcdc933,1,2
test:780,0.35336795,0.56870361,0.07792843,1,neutral,7601209a6eb2b8c3d344f43fdf950851468525da8786890e14db95657053ec52,0,0
test:781,0.23689667,0.33489289,0.42821044,2,positive,c7d01bcb64dee1c2db482ecda47fbde0e4cffabdfd965f726493d879c0505717,1,0
test:786,0.06179624,0.40266839,0.53553537,2,positive,d2af8cc5432e6a2a9872d3e58f9f3653fbc80215e399d0d7889476491fa66769,1,1
test:790,0.07603340,0.64481007,0.27915653,1,neutral,85ca75936de8dcdef29db89714211f7ed8ae58f9201f419d88c0f95467c24f4c,2,2
test:792,0.36415878,0.15821676,0.47762445,2,positive,978dec799979fc9e3b81a55634fd675c61efa68960afc335d819c48ecc6b9fd3,1,2
test:796,0.38730204,0.59596059,0.01673737,1,neutral,ed0f743a89e9988d6e8d843a81ec5518ed0eef19d793b1d7b26a2159ef57d9f3,0,1
test:797,0.24198546,0.31090473,0.44710981,2,positive,36d2bc47e5fdc95c46b573d7dde04c67497121ceea5f534c87767b1e49f2489f,0,2
test:798,0.29609961,0.46698746,0.23691293,1,neutral,8775a455ee020205de0cb31aadd1bc88902f9d8c390af960f22708d4dd6fbd72,2,0
test:799,0.55904296,0.37913048,0.06182656,0,negative,ecafded15cfbea1f92fcb044c5872445cf18ed20479948940ea004639c88a82d,1,1
test:800,0.28674156,0.31460051,0.39865793,2,positive,01ceb3f8da13ff96fec9263a10134908a9dcf91b71481b7383a84fe6a5226933,0,1
test:803,0.35227722,0.60786906,0.03985372,1,neutral,740e9277db8274b4a7eac1e24b8cb8b90735fbfd64d2adba3410117ce3a8d959,0,0
test:808,0.52393990,0.10303636,0.37302373,0,negative,9ba83f3e9669dc6bf75581a46d7f3926e08587bc206942401a3fe12bf837808b,2,1
test:809,0.21768391,0.51843731,0.26387878,1,neutral,687e50fd10954336668e6b2d612bfc2f7d85883caab0ab8d2cbb1dfcc5baa7fb,0,0
test:810,0.04816503,0.63497709,0.31685788,1,neutral,d2422804a2d7fbb0d71c896c1692f252940e950a5e4c7a18a2f53ac3194af028,2,2
test:811,0.04987094,0.84058844,0.10954062,1,neutral,4a86b353c8f3f0bfbbb113ef2c69151ea2ef66f584468f1a8c00a65693ca161b,2,1
test:812,0.24580234,0.16749850,0.58669915,2,positive,504c1894d4b8f3d401d5eb6386041ff64d2cbdd8945abcb0e4b32951349ed6da,1,2
test:813,0.55289865,0.23584989,0.21125146,0,negative,526c0669144129f105b1835c4764efa31535541b00c954b8bbca6faf9db2bb6f,1,2
test:817,0.05371879,0.84893164,0.09734957,1,neutral,820a7909f24a51af8075993dc949a03d7b2cb0eb87cbe17981c9a1257cc3812d,2,2
test:818,0.10582806,0.85340229,0.04076965,1,neutral,6f7093a08352d885dd4740510ecb204514e75fc0299697ffca79ebb2551a128d,0,1
test:820,0.16867914,0.40528821,0.42603266,2,positive,5207c90d18bde824ef438213fd49e5e2015a23da767687181368f907b9d4f71a,0,2
test:823,0.11240811,0.77983987,0.10775203,1,neutral,f3e35c0ada430307324b7adf7de59e11893cc4037fdc5ed328fbb8752dfb4f3d,0,0
test:825,0.17220498,0.43077854,0.39701648,1,neutral,163db065fcaf9d9e8cd37609ab48c472daf243809106abc3330edbb2b3199800,2,0
test:826,0.05326751,0.38617068,0.56056181,2,positive,9a945ff7770561c81b5dc6e47330001c5ae45b1592b3c4d0a4e078e6347fc992,1,1
test:829,0.17203215,0.64783249,0.18013536,1,neutral,76fac4ea9cc9fee7828079365aed28887d630dd34670a8b523148bcdd011fb8f,0,0
test:832,0.40887805,0.31805276,0.27306919,0,negative,80a7adf7e951db25b2c26949a7d64d005f8231ea7768a92fd0e343fb49400b99,1,1
test:834,0.06477040,0.22430507,0.71092454,2,positive,e0f87b270a3e1b174151d086670da260867dc3317065bcd8f0c5d34026aab287,1,1
test:835,0.19604681,0.16552707,0.63842612,2,positive,1a14d53834049eec7d16da628267f6038925def0174f38eb3f1158e00aa6910a,1,2
test:839,0.43184775,0.52429540,0.04385685,1,neutral,bd18dad3ec4345b59caefddc1a4b6ac5f8ef74e191f57ed31df99262027d96c6,0,2
test:841,0.15240095,0.72873740,0.11886164,1,neutral,3a8556d033fbc26f6bb285a6441cf9c87a150cccb5d97b807d5ad4358a2f651b,0,0
test:842,0.05285484,0.28495204,0.66219311,2,positive,3889882f5c0f15263a2407eed6d65f3c0620c43279e2a419788db081affe1132,1,2
test:845,0.07178487,0.74939990,0.17881523,1,neutral,562d34e839bd047d8625f05e5bedf8c6cb91fc4372330b0ae9940973e6c7e824,2,2
test:850,0.42650208,0.11562464,0.45787328,2,positive,6b1251b14b418a3635a916253682b6d77f884c309113eed39ec634ff73592cbd,1,2
test:853,0.02822690,0.23600707,0.73576603,2,positive,62e6bd7b1363c1a590a03cf8acbe17087c28639dc6e6fda932fa2fd60dc5d7cf,1,2
test:854,0.10083639,0.72041473,0.17874888,1,neutral,0b9e7bf19e97bff1584a3cb282b7609089f7c48183603507d8218d332c17d57c,0,0
test:858,0.18075793,0.69764896,0.12159311,1,neutral,1889d5b4693c362f09b8391a1032d5c9a1094a2f40ce5071c0acc918f59ee2ea,0,2
test:859,0.56206829,0.28838590,0.14954580,0,negative,dc89bd6ded0b97cc8a52ff8bc941e28d5361fbb44a5b2aec1c36a0919effdc92,1,2
test:860,0.08640853,0.84200453,0.07158693,1,neutral,962d55f5b9c9bb9d6ad5361dd8909fb322a99a28add6a8623b418b6cf088547e,0,1
test:861,0.21324280,0.50873816,0.27801903,1,neutral,7def3dc61cc1503000165efb8c750602ee832885616a7b82c702934f1f5cdba7,2,2
test:862,0.20996013,0.24036391,0.54967596,2,positive,e5b304b9f054411fdd7e1bbfacf2d889e0beb3bb2b64b2842e429214133bfeaf,1,0
test:863,0.10330520,0.74859787,0.14809693,1,neutral,a1c7f740464f0e8255b3fb9771636253ecbe8b931796bfa9fcddf828d3c5189c,2,2
test:866,0.17074519,0.14853592,0.68071888,2,positive,8eff1c513c27c0db496baa1cc4b37b07657a552dc44a3963c8af20b924d153b7,1,2
test:867,0.30497209,0.33038689,0.36464102,2,positive,83eded38111d15f71a2c9db51d01e78ed76d66794794618a6a31bfddc01b0faf,0,0
test:868,0.04698666,0.84791996,0.10509338,1,neutral,9f2756bdc13df43fc0e5be42ac7a40a5a91e68001b0f184cf77efc31d58d3e7d,0,1
test:872,0.43715089,0.48263683,0.08021228,1,neutral,353e723788cd34cedf958f1cc703ed9fad26b82f84428ed14f3000b5aa41d02b,0,0
test:880,0.53470437,0.34875783,0.11653779,0,negative,dfc4e27e2db615b3da6f1f4cb8a65bea1fb41a2dd3e0e7c93eb3cd9d540b6298,1,2
test:883,0.07202449,0.69618930,0.23178622,1,neutral,b09e3c69807b95f48cfa649333fab12f274295c3b555394b0e8258a84401b2d6,0,1
test:885,0.34082325,0.19454212,0.46463464,2,positive,960bbef96c085b56dcbc00bc5968b622e09af218291fb8ab03cf40f88fe24f2c,0,0
test:887,0.08749400,0.77915512,0.13335088,1,neutral,9505ef0b9d8677dec03883db572afa323a4e9ace9addd7794c042d47e3da2ff8,2,1
test:888,0.06377578,0.48625915,0.44996507,1,neutral,b2836e9b05ff3df63101895bce5ebc44eafdff15a30deef904f6bcf04691e358,2,2
test:889,0.24749313,0.41762274,0.33488413,1,neutral,c48984224dce8429da3fa312ca9d0ffa2da8d7e7394dc8d258260891f7e1b3dc,0,0
test:890,0.32652160,0.54001273,0.13346567,1,neutral,3abfaa04b752c112027851b69d3ce2d493322eb61d074343d424ba9a578641e8,0,0
test:895,0.16647730,0.36725768,0.46626502,2,positive,fe221c4184516f7d143d4a7b96fcd9eb62ab504094418c9e2bed630c7d3e1897,1,1
test:898,0.32242847,0.49600089,0.18157064,1,neutral,09a2a4eadfe52af2fc1d06f8ecc99ef264d05e95a1c01140f84b53d0e88c4f40,0,2
test:899,0.15967598,0.30565476,0.53466925,2,positive,291a857ab9601b0e8dfe40795df474a04304d0eb4258dac1009360266eb3003d,0,0
test:904,0.48001028,0.27624126,0.24374846,0,negative,3c260b107ade82c76d60d7cb862c75ec7864c4e518060ca62b083d31f57f849c,2,1
test:909,0.36281488,0.56272647,0.07445865,1,neutral,e0af2ca49dbf807aa0aa20f9ff1cbccfb77e5b3fe640849ab0710f0e981308be,0,1
test:910,0.09737340,0.47780088,0.42482573,1,neutral,9ab73b8dd94dcc0e6bbfebc8bca356e831e12de7ac06af0875d1a4637cc07fa6,0,2
test:912,0.15218805,0.75567150,0.09214045,1,neutral,6e555c06ba9dea35aa0bcbc10e6cd3331124564e1c4d9461c08dfbd13276f7d7,0,0
test:914,0.36540021,0.51401131,0.12058848,1,neutral,66227e3c98a9a38cc58d3e1661ec808f083cb3a77f49c263fa7bf80dd1d8242d,0,0
test:916,0.34061294,0.39452941,0.26485765,1,neutral,d8e6ee37cb3bc6650d86afd904233581d1a1ff036aee4bd3385446226d4e8564,0,1
test:920,0.27118731,0.60632263,0.12249006,1,neutral,37492c10702d236994d1899e0bbdeee0a95f7902b3c7f7fafe6daacbfa744a76,0,2
test:921,0.49793811,0.46599136,0.03607053,0,negative,cfc1d3d9b93325b3701e7a9573822cf32226943a83b32b7e07faba4017efbe5f,1,1
test:926,0.09597796,0.77763846,0.12638358,1,neutral,c933c470d78a0ad824926c3de5c34925778a53593ed2ca08f705312094cbc54b,0,0
test:931,0.21003313,0.40886111,0.38110575,1,neutral,aa984c86732134d7c207de15a0676c060b611d592d7405d4c2e128154772982c,0,1
test:934,0.13946250,0.53665648,0.32388102,1,neutral,8e2784a7491796b75b3e7ba989b023c3a5de21b6581fec77d3157e58a6db78d0,2,2
test:935,0.21545190,0.46219313,0.32235497,1,neutral,cdd569a0b75a1d4d4af65b1533c0f10a2e7f4d6281b5d9c31ff4fb9ff0f031f2,0,0
test:937,0.34753989,0.18525767,0.46720244,2,positive,33e485418c7a195c8ac32f4fdb0d14cadc3050fd704b8bac41277ffecccc35e9,1,2
test:943,0.27610398,0.41702988,0.30686614,1,neutral,b5506663b26cebd5e04101bccec893c4626ba03de29a562bca32c1dcd30ee7f8,2,1
test:946,0.26300615,0.37023029,0.36676356,1,neutral,acbdf8b09e08c458e9b707fdf45201f64c719fda10210fd0660c828486f7cb26,2,2
test:948,0.64790684,0.31423213,0.03786103,0,negative,6f899b5b1b77828e345064f7740d54d77b86934a09d247acf1a42e35539a2db8,1,1
test:954,0.08864521,0.07123551,0.84011929,2,positive,205838d3a1818f3052344f3a3a07b7003068eb68f86c7c365d7aaa7f8fe66dff,1,0
test:961,0.03156678,0.19441334,0.77401988,2,positive,ebf2e270f25d50cfb7c49e72dfd6b06f68bc985307795d6d376526b8f32f7aa5,1,2
test:962,0.36307787,0.51719732,0.11972481,1,neutral,c7c23cccffbe8c0edfea8568981a1746305439feb8985c4a5dc043618fd31cc4,0,0
test:964,0.36829708,0.39784476,0.23385816,1,neutral,063f750983530dca65ccdfb8800ac51efb915296b4654ba717a757e9c0de6aed,0,1
test:965,0.59259947,0.29207024,0.11533029,0,negative,b3d7cdaff1c04a6738debe6c47b19101afdc2dbfaa5e92bca2791cd3fae1a381,1,0
test:966,0.22437930,0.41244028,0.36318042,1,neutral,d8751071e90867f00f77839f1a0afcddc28105a51088303795a7ef32b4a12391,2,2
test:969,0.11554765,0.83785143,0.04660092,1,neutral,5240890ed31a9b2d14b56078694ef9dd501c900b30d987db9c119d6c106944af,0,1
test:972,0.15960577,0.77422254,0.06617169,1,neutral,792e2c3d6416267dc02197c40bfbd1f5d0b9dcde8dc3e2fdf7dabcdc9bc32e13,0,0
test:973,0.25280712,0.33760263,0.40959026,2,positive,786908c1ce6f2e0a49de5505d745736bb30a1da501e3b5d2c86fd1ca67ad83ab,1,0
test:974,0.42565545,0.29357015,0.28077441,0,negative,78b487649663076a2cdcf3f29d65aa685708e76cd783774aa1b631cf9bdc60ef,1,0
test:977,0.64314211,0.21117889,0.14567900,0,negative,62c9f3fad3167377a9a3edd9343e7db71b2117efca90ecc697a8584b0b256f0f,1,0
test:978,0.59749836,0.16304455,0.23945709,0,negative,ce4154ac70d3b12b8b37a729457228375e2bfee9e8185ab44bfc65d3e6772967,1,2
test:980,0.04480851,0.76053380,0.19465769,1,neutral,e2c128f85bf65f9a62b5b3a7d219bf42c24165268a26f0273c3ea7c367a5ea8d,2,1
test:982,0.34715814,0.45684493,0.19599693,1,neutral,91a2f0cf0c9adaab64d05bd49cc76ccce3ed07ed7e0bf45fc5dfd915d93f6e49,0,0
test:984,0.67193644,0.23251574,0.09554782,0,negative,b9d6f2387164df343a9f3efd62a612114c44cb2ae64648682efdfbdb2dd97902,1,0
test:993,0.59389074,0.37718382,0.02892544,0,negative,ffc2d3baf314519ac306e84341ab2a1cf80c74702a56e29c8230459aa5d6ac4f,1,0
test:996,0.34781007,0.52592725,0.12626268,1,neutral,6c3378a23410ccac78e3df3c4a90eb5a2df68ebe263d801a5b485f4797759c3b,0,0
test:997,0.40798474,0.11941326,0.47260201,2,positive,429b27d053845298284c4d56e98c6564a0f1d529c50e74e4a80086a41e9cd37c,1,2
test:998,0.08846613,0.46441683,0.44711704,1,neutral,a1693f7b4244cbd3a616e86d3abc0964877ccb40aa066b3214c788cb5699fcd7,0,2
test:1000,0.18870116,0.21349865,0.59780018,2,positive,c502247c45e64bff8ea897b2c5183ac4cc80e1924ea750c0f6be450effd8001a,0,2
test:1005,0.25524387,0.46750063,0.27725549,1,neutral,80896d7ef94422f41bd4776ac6c240c4b3eba855d70158292674474aa639032d,0,0
test:1011,0.57477513,0.33148109,0.09374378,0,negative,aea1f555df9d9b8b1b590aeda480b9cc7d117cf479f113d93952d984995dddd0,1,0
test:1012,0.25462178,0.17465121,0.57072701,2,positive,ebf9c589a6b969cc973b896fd98f3135e678a33b945080588c43f8fc31c82e76,1,1
test:1014,0.30991320,0.57492541,0.11516139,1,neutral,09541e5ad75da371a5c717f97f75981480688a8bde083d69764ad81b6c09901a,0,2
test:1015,0.31260975,0.46279801,0.22459223,1,neutral,e349629eeac2f3cbf6cfeaa65fce3ca54070c44c4fe17a2c88646428b04887db,0,2
test:1016,0.05885622,0.41390457,0.52723922,2,positive,6d2ed1d7152a4ec7fed092c5b71eb07d01654c7261d7eee2601822aee84c880d,1,1
test:1021,0.12439469,0.66185878,0.21374653,1,neutral,08e78dd87f2644b1084977cd58059e07de1332286f167e24e15334e0f69c09a6,2,2
test:1024,0.19595183,0.76450690,0.03954127,1,neutral,1387c628391dd8a42675063a5d3f9803236b146be1f7f411f322fb122f7e0abf,0,1
test:1025,0.00943903,0.01339581,0.97716516,2,positive,1abd11f52095bd58ceb5fe2d1fa02b09ab6031d5d9ec3819221669c3af083325,0,2
test:1026,0.49179494,0.38629245,0.12191261,0,negative,8108bf8c5a76878e13425d1ad6e34fcce9ac64c45a7c1be38ba21f56bb9e93fd,1,2
test:1028,0.26704345,0.58792700,0.14502955,1,neutral,087f57ad9a6bd800525b74468d8f89524f577067e8479c53119ebe4c700e5f22,0,2
test:1029,0.66384834,0.13074352,0.20540814,0,negative,b34c6e39f5faeeacf222d14aca0c617414ef0311e421276ae2537a7c72074d52,1,2
test:1030,0.17127332,0.41279253,0.41593415,2,positive,8bb9bdeb88ef050645213b9f6a29ed293a20904edc8707c2e72c959a974128f3,1,2
test:1031,0.35595984,0.56488164,0.07915852,1,neutral,74c6fb1b572974489c57cbd2d955fc0d1ae421fd2af2b12d38dcf9f5c410f4e8,0,0
test:1036,0.61764353,0.17201468,0.21034179,0,negative,bb57045f16a018125c4d76b43d7bbe5863e93cf654f26d73beefc203328ad268,2,2
test:1037,0.38014195,0.57564274,0.04421531,1,neutral,772adb196f0bb2a5c03d82a85b6c6910be72ed8d3e375711edf79b914fc360e0,0,0
test:1042,0.52338224,0.39860102,0.07801673,0,negative,ba79e2e88ff701f4932ad6267a86e749b57a686ba6d3d0ae55dcfee422ab63ca,1,0
test:1044,0.27677912,0.20400478,0.51921609,2,positive,b4b2bb14c08a90907008b63b51bc06fa0d3c1e21c7a3741a2a95ced2a1f7792f,0,2
test:1045,0.20098758,0.57376124,0.22525119,1,neutral,1f00929d75feba76ec1723e0b6677890ebcdc7d718d971e0d31cb336aa933889,2,2
test:1047,0.75472217,0.16131286,0.08396497,0,negative,fb4aeb4dddda7341ad0a86b412f29c32a6bcf997a9ae7f7e60869ed7c636542a,1,0
test:1048,0.28807627,0.49460430,0.21731944,1,neutral,540de0a1efd0d3cabcea15f0d04d6501bb943d4e6ee67c8684b8a85aa6e9f8e3,0,2
test:1050,0.17014466,0.53447066,0.29538468,1,neutral,0abc6f5fcb8ff84ed883271dd053a1b31d0569b9bc81700fd753c8064ea109bb,2,0
test:1053,0.42675879,0.11802971,0.45521151,2,positive,0704a57730c6df7c4bb36b5607be0cbc47d3ecd81f69940067926788a69d1f21,0,2
test:1055,0.20984128,0.57473480,0.21542392,1,neutral,bdce06c177c078e697bd8ad83ec4012a9d1453485565c2b8a2a87d3df1678803,0,0
test:1057,0.34585086,0.57089918,0.08324996,1,neutral,6e5755532aff570edd481578925de0028b24f969b5b075d2b96f405bdfcd8d6c,0,0
test:1059,0.27188908,0.67087404,0.05723689,1,neutral,c1c9537ee974166212ec860bc3e5338d5f568ba1d4aad2720198eb3f6119b5e3,0,0
test:1061,0.39570314,0.52960022,0.07469665,1,neutral,4ed08f2b35d8e724ade99b0d6d047b71de1b9ed830a04c8a6242b7ed5ac631b0,0,0
test:1062,0.19958471,0.27532088,0.52509442,2,positive,730f88a1efe43ce2e429186f93bf06ac83345fb043a18db7154a239841b18574,0,2
test:1064,0.06722913,0.58624240,0.34652847,1,neutral,23cc6e4f79ad6ac74757960f8fe88bcd8cf74811646410da7533ff4ffc8b1633,0,0
test:1065,0.14745381,0.67500758,0.17753861,1,neutral,1daf312558311b288d6b922788d0f169a58354e9dafdd8d89b26a6b22871b846,0,0
test:1073,0.24514162,0.44431455,0.31054383,1,neutral,3b07a9b93860a329556e7028e4a80fd074c98c5cdd56248afdba1d52e046bdcd,0,0
test:1074,0.10538427,0.42359611,0.47101962,2,positive,06eb3ff67ab7accc1dde9a80e4848a99e00b0aa6d4f6fa4577d7940248822320,0,0
test:1075,0.24642488,0.42217206,0.33140307,1,neutral,2b3f774c2c4af043e217af910d3e643fc9d9b3d4287535486ac7d2811c1e87f6,2,1
test:1076,0.26737902,0.58236375,0.15025723,1,neutral,d6931fa6e719669eeb1f0dc623295b4714087c14f64855cd31a03ba2de9ad42b,0,0
test:1078,0.26735042,0.57706833,0.15558126,1,neutral,151e850d87725b3e69a4fcc5bd4bb7b93382d3e624417bf6edefdcc3311a4121,0,1
test:1080,0.12236289,0.37984067,0.49779644,2,positive,1184631330816e0e31ebbdb81eb2a8f67c8d6be7d379705e1c4cfd2bd76e1c16,1,2
test:1088,0.24161426,0.57731090,0.18107485,1,neutral,b81d64626b0a13e6f2f81284afe3f2b10025f8927ce8e2b353f7d229445b55e2,0,0
test:1090,0.18832523,0.62748460,0.18419017,1,neutral,403864f079f3f2b42db28cc0f6400f96ad0ff80c19b9d0fb0e9032c2e8995482,0,1
test:1096,0.09750120,0.46936573,0.43313307,1,neutral,1ca223b0b63606cad2cc6a6c3ce894c6446f5a953f649da0e2ca1409d301a6c0,2,2
test:1097,0.13614613,0.35919195,0.50466193,2,positive,a9cf691b67389e9aca44d1352c471fd634022da2418b4e2b67ce08e93b2d3d3f,1,1
test:1108,0.15348373,0.16205136,0.68446491,2,positive,43eca356d30a53a2676f620710b9017803d719be370cecd23ecf6cd35173fa1a,0,2
test:1109,0.22183857,0.71038794,0.06777349,1,neutral,4228423f9285a23a9b73812e2df8a9ee96e650b0b81021b32d5f25cf26838322,0,0
test:1110,0.05470683,0.51314989,0.43214328,1,neutral,e28a0f36f7cbda02d3652b94c0aba1ebd90d7ecf4335bad6f46ca01bf461e0e0,2,2
test:1111,0.01714632,0.68631383,0.29653985,1,neutral,df861bdac56c7b9c924fdf0bf08e1594c444613885b9d26bf3b5e9498d06dd3e,2,0
test:1115,0.18850001,0.69112434,0.12037564,1,neutral,b3ebede3b8c3dc0d834df85bd12a061043b75e3ee2d1a07de67a4ac08b74cf3e,2,1
test:1118,0.11097948,0.82640585,0.06261467,1,neutral,8e48d7ce828b10ae2f2e16b925e2a64ad258c256b82ba2ca4dd3012386996a85,0,0
test:1122,0.17109059,0.35425911,0.47465030,2,positive,72ec8d7836fbc4b9a636520c731f58db7237efe5231e98a1784f677a73e0e38e,1,2
test:1123,0.26378728,0.32503867,0.41117405,2,positive,7c190bb11056a0cc8786e29bbdc4a9ccd0627d247697e6d3f2395c9717d2f8a6,0,0
test:1125,0.17620631,0.33408174,0.48971195,2,positive,30c6d8eebae9dfda3b56f904702859c5f6ef998cd701ec9cc9b0848575dd8fb8,0,1
test:1130,0.46012909,0.48798854,0.05188237,1,neutral,9b7e758584bdfe9eab849f63f42e4629a4e360ca6752af31f22563dfd1821fb8,0,0
test:1131,0.10053658,0.56944681,0.33001662,1,neutral,b381637950733fc82fe01bcd32464ef9fad3973aa1868032589ee92c947a5bf9,0,2
test:1140,0.42556489,0.56067674,0.01375837,1,neutral,a6282f8cd998bcbbeb39b0c952b777f8c4424b1d5d9e70ee94274b70e5ad0df6,0,0
test:1142,0.23903463,0.68677205,0.07419332,1,neutral,769f1892eaa5c8c4ac6e6bd745bdb15afb2427cc5792f66c5695e1ee6fe6bb71,2,2
test:1145,0.01819545,0.18011832,0.80168623,2,positive,4d6c0d935c3931c2ded3c6e37fd10e302cf7babad5c981e09a61f3ce943f9437,1,1
test:1147,0.13450301,0.63361227,0.23188472,1,neutral,fc251b991053b2861e919047cadee7e0f3b604f4cae88940128496f1e45e7274,0,0
test:1148,0.12832824,0.37386100,0.49781077,2,positive,3ba9d1286066335524d2dc589dd35413d83916b698d4438aff90e4c3b3d80105,0,2
test:1150,0.37772797,0.47939162,0.14288041,1,neutral,08df2b9e6b0858b447a2ef03aca6975ec672af3f3ce1290b0c2bcd5a9cb2e33b,0,0
test:1151,0.08105107,0.18138599,0.73756294,2,positive,4d6b15dcff2752ce909a7518f6274bf996e91477870760123c4d05a2003cca84,1,2
test:1154,0.05406627,0.26335214,0.68258159,2,positive,b955f4a089bcdab65fcc0e433c4afd988551dfca0c1b03c78c21573f7c703105,1,1
test:1156,0.85696903,0.10536943,0.03766154,0,negative,7180b13cc39f88ddf55e8bfa7d0e54107213eb87a9e3debde72a886368911971,1,0
test:1157,0.13409140,0.59073497,0.27517362,1,neutral,4beca6af750422db4d7a425c3aade1a0aaaa29fb7632043bd6a3368a1b961386,2,2
test:1158,0.17266279,0.50849195,0.31884525,1,neutral,9fb5406c5dc7fe6b35b9da9f325d5f04578230fb0fa637e735cef4313ea69f58,0,2
test:1159,0.06489960,0.91384675,0.02125365,1,neutral,9b926ccd4b719a92b86fcbbb636daa8ff62d80b6db240e18d297239bdfb3bf00,0,1
test:1162,0.03083310,0.42368271,0.54548419,2,positive,5b7c59d6b840293ec87367d7b852d7bd61685528ca8c8bf45edbf9af7ab8c1d0,1,2
test:1166,0.45854722,0.35628459,0.18516818,0,negative,a0be2f7a90305e65105b4d0e991e29231afbc08eceaea9e82ca4e5ad719c672e,1,2
test:1169,0.31511202,0.60668791,0.07820008,1,neutral,d7d2e1738fd4c5af657d1cb32faff1f583d939c66bbff3bbeefd9584a97b4fc7,0,2
test:1170,0.06160969,0.62615490,0.31223541,1,neutral,44db048f33d828293927b13245080e0494cc67bd276a0e207905a2a0f5087bea,2,1
test:1172,0.08812236,0.63854536,0.27333228,1,neutral,b966818da2c30b9bc59b049698709d50994d409eb40dc63d67933aa513840074,0,0
test:1178,0.18257278,0.37528158,0.44214564,2,positive,121eaea12409fb4af61164ca0e14bc92186e310deb21f9e05eb96f3cf19a607a,1,2
test:1180,0.42689600,0.46976864,0.10333536,1,neutral,439fde0ac5893b1ab6da6e5c3dd5887df0f51980909569bd1c2ad3fb9433cf48,0,1
test:1185,0.14765262,0.53687418,0.31547321,1,neutral,a6154d3efe3e964ed90faade0f9e2cce826f0ef2f29d1d2c0e23e110066b34ba,2,2
test:1186,0.37278788,0.58072461,0.04648751,1,neutral,107bedfc45711540cb0f2928dc52716bd2bdc688e962566f38ad0a696aac391b,0,1
test:1187,0.08026056,0.51678321,0.40295622,1,neutral,2630cfc3b339caff6a63ebe227944a66f8fc1af34ded5143427cae5147cbc487,0,2
test:1189,0.07292656,0.46874917,0.45832427,1,neutral,c157840ab14a149e8103d3f471e6f7d17087da5948fee823f9107a2618d6c566,2,2
test:1194,0.13796198,0.71936664,0.14267138,1,neutral,9f8d829005f307afaaf24c0fad9859db72e42c16051da5f56794284d0ca8e81b,0,0
test:1195,0.38700526,0.53088717,0.08210756,1,neutral,8729c1ff324f2f84c939b02636ad635a318dbca4c3a9eca8d7f6d4954a17611e,0,0
test:1197,0.05325107,0.66813119,0.27861773,1,neutral,eda54e2d8babe4da98ce7b6fc990e4854a56f9e001e77d9c85ec1d9624a15be9,2,1
test:1199,0.54231484,0.27049611,0.18718905,0,negative,2f770fa3272c224bb692a0653832613cf9a90fd69f2b9450c6c3fdaeee3e61ce,1,2
test:1200,0.13771806,0.75117160,0.11111035,1,neutral,b42e1da1dcd2608e1db83e420c76d9921740b8901377e5b595e9ba15c93e622a,0,1
test:1201,0.46823543,0.49774468,0.03401990,1,neutral,9851ed77abe6175472cbb582fac908c4c95a650251d5e8c813fe58f9e894c52f,0,0
test:1203,0.18944601,0.65227846,0.15827553,1,neutral,233196faca4b1afe7bff00f621b683e0566e5b3925575eb53572599a8c4090b3,0,0
test:1207,0.76304015,0.17957974,0.05738011,0,negative,c51377cfd9e83fe596c56f3030745c4f3a8d642e996e40af9e434c16adbd129f,1,2
test:1209,0.45515103,0.51009786,0.03475111,1,neutral,bf6429b697b3578cd9cae7c790634ec77ec02d804ee3f94f7bdee7a0216e9518,0,1
test:1210,0.02730308,0.07652045,0.89617647,2,positive,db75803c8a82673280c9e1aad9a8778f8845a2742a03e69de18089d540c9ee46,1,2
test:1212,0.05335502,0.08526067,0.86138432,2,positive,434fb2bbdab86fee459ef2ec96eef0c10156e3937bf281204e2a3fd8a786538c,0,2
test:1216,0.16771128,0.15587766,0.67641106,2,positive,f4369941c404c1b594e1c50679eeccf90cffdaa0ab7969deac801f143e31d43e,1,2
test:1217,0.08015808,0.59823160,0.32161032,1,neutral,5caa4160fe9cb5bdbbd8a41712f2c600a3c6a46f35551009a3028a1ded9aa831,2,2
test:1219,0.44976077,0.04447111,0.50576812,2,positive,fe04ab8755b92ef8d055b2f0ba878c065a8f8b62ef7c76643d63d66b6c98e323,0,2
test:1223,0.12541378,0.20371572,0.67087050,2,positive,b1ce03e3ba296b53478b31f4d4475d6b81adadb1c344daf3ad8f48fbf4ac47a2,1,2
test:1224,0.14637014,0.25953533,0.59409453,2,positive,6a87bb979433b7dbb895d03c6878ca8a8b3b7755f6c3494c033ca02da4c53589,1,1
test:1226,0.21822084,0.58906000,0.19271917,1,neutral,84e26adc3de6ecebe0b6a3f824798e0e50bb6f74402e7e1f1d66361e1977340f,0,0
test:1227,0.56156200,0.30663964,0.13179836,0,negative,ae8a25b8bfe6c78a6565b68754ba6c0031055ad13ae43494fa0c9a85dc937771,1,0
test:1228,0.14461212,0.75469858,0.10068930,1,neutral,922220cd468dd14f75d8d63a2d8fcb46706b5e734a738df89746eb6f465bf3fe,0,1
test:1231,0.02498605,0.03303231,0.94198164,2,positive,30604a4edb26ea7fe0977bc66aaeb3f709368bb3f55b40a47987ac6ddad5756e,1,2
test:1234,0.17927705,0.70334642,0.11737653,1,neutral,7b86cbebc20fdcc256710748976fc235e525c550f203907b1be098462981e02c,0,0
test:1236,0.36020367,0.50005189,0.13974444,1,neutral,bbb197bd7d0a4882dd43e5836be0c518041ce1c8e2fd7d24f89020ebff5dd49c,0,0
test:1237,0.17388714,0.72728532,0.09882754,1,neutral,b372fc612f19203139c0f1aa33ae4ef9de3683b0e34ff57af3b49ff1cca41b77,0,2
test:1244,0.38701321,0.29166240,0.32132438,0,negative,fd84148b2aeacbe39bd442cc064da88dfe4173b3483488e5ee0a203c4c0419a8,2,1
test:1246,0.09532445,0.58656440,0.31811115,1,neutral,7c204a89c9f493f2df6b7b7eb67ec423b5cfa75d1ee97e13d5e4ebad94e3446d,2,1
test:1247,0.31100418,0.33241461,0.35658121,2,positive,d72869cc84f2d33c814c73d7c8eb04fe61a9b6ebf06574535ecd9bdcbd13c851,1,2
test:1249,0.01979338,0.28146380,0.69874282,2,positive,317cee74fe7f6bfcecdbba3cb6ab7f6179b1f778c924305f9132b04c9e210cfe,1,2
test:1259,0.06595919,0.53894293,0.39509788,1,neutral,df19f238f03fac7115fa718ced91ebe30d29873236c615d497d69a5891cbddd5,2,2
test:1264,0.39492093,0.48818931,0.11688975,1,neutral,9934a0db3d2633027b9bf10a202a737a0228dd295eb7f28c9fb9bd0b53c165bb,0,0
test:1267,0.16268683,0.31393072,0.52338245,2,positive,5d4693350b4cb45d3efc5c73a72ccdf3cf7d3430678bc5f216d621714fdb636f,1,2
test:1271,0.44800492,0.31065462,0.24134046,0,negative,f4fccf980e5866ac137007c359c556f654a798cd782b8391e228d28fd74d78cb,1,1
test:1274,0.45625171,0.27258921,0.27115908,0,negative,e7299908334eb41e194e1b8854f20c8307bc8f9d641e17dd159ea09c2e310652,1,1
test:1275,0.09730674,0.18089259,0.72180067,2,positive,d670518917fb377db3ce2f44d63d134fe476b2956bb21b4e11bf10d46b44e2ca,1,1
test:1276,0.00164431,0.04473022,0.95362547,2,positive,7524d8062764112430eaea9e55212b3fe50a398061765e3ac54f346714d5cc02,1,2
test:1280,0.34478569,0.56111520,0.09409911,1,neutral,3f86e459d6bcdb6ca7ea19a788f16ab5030e4fa8e62332fe9a7982c77c839735,0,2
test:1281,0.47645259,0.35505432,0.16849308,0,negative,394175def613cdf650892c6394f9efad567e6fb879777614a1c00836eb7655ef,1,2
test:1282,0.55925816,0.24542145,0.19532039,0,negative,556f32dc17c0af0d12227466ac2f010f2a245225bd45aa7d93fd57b9c5b6219f,2,1
test:1285,0.59737218,0.33594144,0.06668638,0,negative,e8c57255f9a2584382d004644c1b8a6e855c9dc4b809b3160b0f033752bd6169,1,1
test:1287,0.38234467,0.51429256,0.10336276,1,neutral,51b45db7394eed717d4da24e4937513778acb51758b296234a2d23f8a68c8890,0,1
test:1289,0.61986991,0.29507048,0.08505962,0,negative,347c9c5584289c2ae6115745e3b7e654f497afdd8410af6bee4bdca0383942ae,1,0
test:1294,0.21771127,0.59081701,0.19147171,1,neutral,c78f6e110865e7058b7e0cf9fc1319c4307f0a5a7538a41a6f23e59aacc551f7,0,0
test:1299,0.21560873,0.45020756,0.33418370,1,neutral,120e7cf65a785cea7abc0a2802e0b16318f5a66669700d55dcfcf5c45fe6c000,2,1
test:1305,0.07632900,0.56842085,0.35525016,1,neutral,970161cec4c6a2e871f3a4c1c3b2038335b08292ec6c14acae4428ee57d8054c,2,2
test:1307,0.03278450,0.37184792,0.59536758,2,positive,24aa112f68992fccbdc14929ad7155d1eb6a003edfb917e37511abad4268e6c7,1,1
test:1309,0.50435253,0.29018414,0.20546334,0,negative,ba0190840edff32bc309f84bf34bd3e73ad4a994d412da60879b7352f4574523,1,1
test:1310,0.26279883,0.59704904,0.14015213,1,neutral,5a7e302b41804ddc457c29dacdd8a208eb67a6be3b12cf0f091c7d93210febd5,0,1
test:1313,0.16645602,0.26639568,0.56714831,2,positive,9ea998584f94f910b05959044d887537557e5628d2b47dc372da0e89b7a67e8a,0,1
test:1314,0.12806124,0.28512875,0.58681001,2,positive,ba8229676893eb560251efc5d8465289fdc107778fbac46c11a1aaf7c3b29c93,0,0
test:1317,0.40211187,0.26134337,0.33654476,0,negative,7b46e19ba8fa76f643c5ae814e31df97adf67c341a14acbf352be4806668f2ab,1,0
test:1318,0.09232557,0.69525809,0.21241634,1,neutral,6eab0da2387a5f5fcfb620209da8faa54f9e2f55d282a2e9dd20e88106d313a5,0,1
test:1319,0.04884048,0.24251055,0.70864897,2,positive,fc3176b8707aa1578bfb6ffde8a5edf6c9c6857e3bdb982bfebe0e3e8d3b7483,1,0
test:1325,0.10837768,0.67065123,0.22097109,1,neutral,a389a0e38653ffd354d0d30646d8958a58ad127b87661a3f3b327d98d892bae9,2,1
test:1328,0.17167755,0.25789514,0.57042732,2,positive,ee316a0a5c45c0e7a04f581e7b3abcf237691fb2b78769fdc09488ad1784726d,1,2
test:1332,0.49077758,0.22797104,0.28125138,0,negative,4001648da1878eddc2cf32a9aaffa450ca8b2f663e9c775da53aba982712b9dc,2,2
test:1333,0.36496556,0.11510741,0.51992702,2,positive,54b97a270af12a206ae3d0fe825e9cf4f20ef41bf55348b4e954d3edc02159d2,0,0
test:1337,0.35332439,0.45307723,0.19359838,1,neutral,b6ecdbdaa80734931859ed603896065cf98aa232ab3be82d6cb80c5813bcdfff,0,1
test:1341,0.15137764,0.34962396,0.49899840,2,positive,d6b166ae2ca2b6eb10c11ac7ab2a02a0a205925f3975866fadddbbfe20d9b00c,1,2
test:1348,0.30616784,0.49143334,0.20239881,1,neutral,83e602cdf4021a840f6055fdcd2e92b6ee3b7a4bae1935aaab6072d66d852a19,2,0
test:1349,0.20348277,0.31498059,0.48153665,2,positive,a026ea041c9198d6fbe11d275eb9209c79473423bf3bd741136bfbfb593eb783,0,0
test:1352,0.68646383,0.27050026,0.04303590,0,negative,91ea434e8399c6c151b7f8597407f8798cef0ef1f4474d579c2d56f751b33d5a,1,0
test:1355,0.06781156,0.61683544,0.31535300,1,neutral,c777ae7ff08c368725e29d7d997f2710abba5f356433a14882911f0830c2b7a3,2,1
test:1359,0.26601080,0.61888997,0.11509923,1,neutral,e882ecaec740d3d26eda69fc7f5c093eedc8585c073d5f56bba336852e6e444c,0,1
test:1361,0.22287853,0.29481599,0.48230549,2,positive,7f60880a13013f17b10678aaec585133056f2ba60d0a159e2dca9967603753a7,1,1
test:1363,0.58316981,0.37916785,0.03766234,0,negative,e68d22535bb14e726350babdc949d9697cc01b2b4eaa8bc65534e4fd7a267699,1,0
test:1364,0.14473814,0.26430182,0.59096004,2,positive,52ce0509689ebfebf518f52419994de0e8cfd284cefd2e93e355d90a3c1d164d,1,1
test:1367,0.19313876,0.74864639,0.05821485,1,neutral,bbb6c4a13bc6c554120088099fb9c2befd51a04e71de0916ce75259df649f75b,0,0
test:1372,0.27332932,0.46315246,0.26351821,1,neutral,c6f3f5f6c5a5740b4716c9cbc29a8731d21c0214113d06f9ff5c28e46bf2e995,0,0
test:1376,0.60247500,0.38402689,0.01349810,0,negative,9f8efe1d5ff64ae900eb14ae48ec5c08da62f6fcd0243aeeb5c25a4cdc07e8f8,1,1
test:1378,0.51660394,0.35459516,0.12880090,0,negative,cc6f0569a14b85bf02b740b8f94fd3df87645598d32d2a6d544f1ffa14aaa39e,1,1
test:1380,0.29801981,0.40172232,0.30025787,1,neutral,ce21260175093ae63f033f416c62de22a5f8360023a2da7c2aa94463d5e7b605,0,2
test:1382,0.03707287,0.78284501,0.18008212,1,neutral,d20f9076d2d7542cabee534312f10f0d4ad69cca4f38ce129b00d2362dd8aefe,2,2
test:1383,0.38005069,0.49148993,0.12845938,1,neutral,1d1ed225ade3c6ea161aa56d98453cb63fec4a9710a5b7522c07b4ad2e3a200c,0,0
test:1384,0.40358582,0.34876414,0.24765004,0,negative,00a780231e78dd8e09e37dce596ab8382eaae97d2366a2617dfa49a419103a39,2,2
test:1385,0.06005570,0.43116028,0.50878403,2,positive,02d35bc7a60934734d5dbe75076bd765089ce019fd17e7fbcab91759455a39fe,1,1
test:1386,0.14297718,0.18314715,0.67387567,2,positive,e6bc34ed2c66b7ce231e4e569112c40e3f9cb5b23be897cb7c96991e64a9741c,0,2
test:1387,0.14224612,0.68937111,0.16838277,1,neutral,f5840d0ef77f5d6c3235f4b78f902a9352d0d9244e78584adae3d10322a9e012,0,0
test:1394,0.05156886,0.40508539,0.54334575,2,positive,14c22a118960c8897844d4ab891e8372db6465a860a61ba3b21e4563a88af41d,0,1
test:1398,0.28889404,0.48096022,0.23014574,1,neutral,4efe62d9a3c3ec63e4e64eb437ff0741857ac31611e240ccf436040aa2aeb616,0,2
test:1399,0.28549732,0.64051532,0.07398736,1,neutral,d272e926a4d3c099cc5cea86a4af7745e384ec67c962aeb35800257c1cc1b2a7,0,0
test:1402,0.40280658,0.53426405,0.06292937,1,neutral,d0477a08c10c18f2208a357c8ea3d06d76cb4f17347bdfdf1b1fc7078ff4cf2b,0,0
test:1404,0.25651299,0.33213957,0.41134743,2,positive,e3b279f433fc01929e2078b83e7ab1fc17258678f2b15b9c31b6efba78b657f1,0,2
test:1406,0.38322541,0.39729679,0.21947780,1,neutral,4bfba50e52df0fd3e8968aed3ece7e609d8ef50cfbc9e5fe5db0f2a11946c627,0,0
test:1410,0.07040138,0.26108045,0.66851817,2,positive,c4a674e17dc0e17daae844e3f1f3985567d5d1d228eb45bf50f3e8f3fac02bd5,1,1
test:1413,0.12257890,0.44239989,0.43502121,1,neutral,30454efedffa92ebd9fd93c360ef836dab1fd2a0766c9d497fdf0410b71b4489,0,2
test:1414,0.38258380,0.21627327,0.40114292,2,positive,0c7dc9a40e871afc78a62ae8eb72c673ab32ffa9d4b69b6382681bc5ff19c345,0,2
test:1416,0.17420073,0.77479267,0.05100660,1,neutral,84109e13c9f4bead73f8f98df4505d06efee1c17ce036476652fb62c4272873e,0,0
test:1418,0.43836730,0.54903180,0.01260090,1,neutral,d40a4e4908b0b66f4118e7f1f826a13e4971786d156e92a516f1ed22027e2f9a,0,2
test:1420,0.19536600,0.73233502,0.07229898,1,neutral,049205ce03c0865888e51cc8b31cf29b9ef360af97d030a827e8c42d44801bcd,0,1
test:1427,0.04710849,0.87603801,0.07685350,1,neutral,aff70e980ac237693014da2f8359f8361adfeba20db5592c2359c9f3aee90e0c,2,1
test:1430,0.36491058,0.26734418,0.36774524,2,positive,a936294a35347ee0c07a7022b398b567f988c8a0da007f7d65cadc79cc69d311,1,2
test:1432,0.07828864,0.17671138,0.74499998,2,positive,059277347b2a46fe9297ef226f90747bdf3edbc7350c66a3a8a6ac0addf2f803,0,0
test:1434,0.04977403,0.50909902,0.44112695,1,neutral,623597e0e417c40dd219846e482a30f5f59e39aea2e3ccdaec00264a62339ad8,2,2
test:1438,0.03504905,0.94549371,0.01945725,1,neutral,8bcfc5325a5dce6a6f5a16493c9c5471512ccac2da8d83f9e73bd22a0b587c94,2,1
test:1443,0.09126865,0.35934324,0.54938811,2,positive,ff2f28d287f2820390d1ada6879991012cf90d5ed6050a5940038825dcef3871,1,0
test:1444,0.08622467,0.24079947,0.67297586,2,positive,d5824824fe837951838806779ef1aab0ff6a24a3849b9c9855cf41f22d1f65c6,1,2
test:1446,0.49460638,0.45156725,0.05382637,0,negative,a592efb61eb68189753ebdd05d07e73f6ca36233cde03792260ecfa063a78d6d,1,1
test:1448,0.89695117,0.07104011,0.03200872,0,negative,ae0c9e892a2fa7ba52c731152e507c6e67ed44e2d2a72384de816904c7cefd8a,1,0
test:1451,0.04682661,0.72434346,0.22882993,1,neutral,f16730111974ef47d43bec68e441bc2fca124d72877f423c639ea7f95d79222b,2,2
test:1456,0.27869210,0.68004863,0.04125927,1,neutral,0f125f0ab739b2d1bbf6e8b3c7b3b595af9f60195d663d48e4bfeec1078983ab,0,0
test:1459,0.71901347,0.18921161,0.09177492,0,negative,076267d92f471085a26e5c1429b623734923468114069d0df90f4d6feb875978,1,2
test:1460,0.15760056,0.63878869,0.20361075,1,neutral,5cb58b6a17de2e95c47ba8950eb4e73e5227d848ae0719534dcd03f7df19bc6b,2,2
test:1465,0.82835903,0.15222243,0.01941854,0,negative,e732449606dbc5307cfc10ac5fbb59304a6953b01685d8c260a471624198e526,1,2
test:1466,0.08472309,0.60110879,0.31416812,1,neutral,5b707e9e1f495697a7234f7948c40be29fa2af7599db6a4c18df35e04d8c6858,2,2
test:1468,0.02563813,0.70515010,0.26921177,1,neutral,f1f6da66e2fb992428b47a03c24665db22ee22d9bb8f1cd3eae1982d254868e9,2,1
test:1470,0.27046640,0.41743534,0.31209826,1,neutral,a05d2eb288b7d48c6d18965e699fc0b067969c0b938b49b7f93c40712203a2c6,2,2
test:1471,0.04968734,0.83765069,0.11266198,1,neutral,f9edc44ab0e0b11026f64635e77c110af79c96eab9a617ef180fda5d895e7c40,2,2
test:1474,0.20195121,0.25600655,0.54204224,2,positive,5f4c11835d0aaeecf6a8374153d8541d9c0fddf4a15498d25afb0768c2a81aa2,0,2
test:1478,0.10037838,0.16524110,0.73438051,2,positive,7319d23ed7ba097017d4f6ef3567c7bf56bac0ca7e4dec48cc56fcb0d5f31812,0,1
test:1479,0.28669690,0.45719481,0.25610829,1,neutral,cc1ee95268ad8c34f66bd97a6b7e527c3623397bc84fac9f27e683f98b6bf833,0,1
test:1480,0.26874334,0.65994211,0.07131455,1,neutral,b0a6523370bc27070857880859d9a6e814c765465100c63d23d5a25ec020bebc,0,0
test:1481,0.17611890,0.47013806,0.35374304,1,neutral,027a29c86996c7a00a991ce5198bb25be76607ac704c7c63327a4b2ebbe46c82,2,2
test:1482,0.36995561,0.32436579,0.30567859,0,negative,bea68308d81c0fe996e44f2d9ab3e81c70c0df766c2d73619c59f90991606b62,1,1
test:1485,0.11038520,0.53319769,0.35641712,1,neutral,cd996293d7a75cd901c424cf5b1fae7ddd24eb743859b12f39a10ed8bbb6002e,2,1
test:1486,0.11586668,0.25115922,0.63297411,2,positive,b55499e871d52c07cf23883177aa78f802d741cc28edca5155d57eb1ae855379,1,1
test:1487,0.70079967,0.20539946,0.09380088,0,negative,df5155a3d086f5ecfbdbe007ec443539f590e6623a4fa8e9098a95242f886e55,1,0
test:1489,0.47640524,0.49963953,0.02395522,1,neutral,fe160e72d93b69f17e2b8678958c29d53819cb30233d12205a28de379693d008,0,0
test:1490,0.23988766,0.64978934,0.11032300,1,neutral,d8deedec6397e21da652676931cef99564122d62a8bfd11e0fdb05c8415405fd,0,0
test:1492,0.06610548,0.24776056,0.68613396,2,positive,cde0a97518b1cc96bff3acb394823aa537f1c2899317e73bde86a8bc12b832eb,1,1
test:1494,0.08797833,0.49466482,0.41735685,1,neutral,78189b6ffba16ee741ba6c97c2165aab23f4f89a2040ea3824015b30ada7059d,2,2
test:1495,0.06318707,0.05899231,0.87782062,2,positive,9f94d1162fd2d24f90bbe041f778ba2847ce91de7ee605bc7b82058f05d38937,0,0
test:1500,0.16883711,0.16669540,0.66446749,2,positive,b11ba7d54c490837caa1d856ab3e3523563346e58bc76b1f2824441a8eb91cd3,1,0
test:1502,0.13609583,0.69992341,0.16398076,1,neutral,433489b466907da42a2c8fbb8ed85565a45fc6b71d3fecd2307f627bf716ffa7,0,1
test:1503,0.16723786,0.47787018,0.35489196,1,neutral,d50ef4dbe7ec58a941d7ac9651e0470263c85d75875e89379845858a13cd20f5,0,2
test:1507,0.32873798,0.32105987,0.35020215,2,positive,b089d36c18a8224c753f98dd925d3c8e9db6fb4acc192826f418efdae6c082ee,1,1
test:1510,0.31975616,0.26946266,0.41078118,2,positive,70b6e4c225d42f7b937a1d313bf67ac0a62cdd651e48eb979fa6ce5ce9ed3aad,1,0
test:1512,0.19824636,0.33325951,0.46849413,2,positive,c03f234b7b200e49d300b6d09d4d57c24ff274be0a5ebe8db8114e6a30965716,1,2
test:1515,0.31300454,0.31550948,0.37148598,2,positive,770451ec6fa5bc13da839ae1acc7fde05ea810ff0c43a306dedfbe44d6b00290,1,1
test:1520,0.01441177,0.63644491,0.34914332,1,neutral,9239ba9de8cd2ddb821b061402e17566fb8df647ea4db33d460e3985575a5cd0,2,2
test:1523,0.22437599,0.41571502,0.35990899,1,neutral,11db35f2ab53d19c5041b2c22dbae3fe6adf9ea1ddf6d57e30779ed65f0b50fd,0,0
test:1524,0.10753830,0.24721192,0.64524979,2,positive,6b837df6a2fb56bc98d4f319b76a0045b51fd655ae25c39fb8b0e9d0c44e7f4b,1,2
test:1528,0.21873390,0.66432747,0.11693863,1,neutral,b5a216565e89cfc85606b38620738fdb43314925d9049570eba777c82d230ecd,0,0
test:1529,0.19813459,0.26931563,0.53254978,2,positive,606b8a8c197e086aa62c6925ae76e6202487bf010e247236ccd407e34d5d97e0,0,1
test:1532,0.06682176,0.33330003,0.59987822,2,positive,7372789605d07aef7231f89d6e4cb5a7b5b087aefb87d1ce9e070e0c19200f03,1,2
test:1534,0.03505815,0.36252555,0.60241630,2,positive,4d037b6a83f28682eb8517d7d5ef2cdcf315492a3c9d9254633cde7d9dc39654,1,2
test:1535,0.01786261,0.11985453,0.86228287,2,positive,d2909e8aa24220fb745c277eb3fd88ccd3a44aa7044aaefe6f446ab3d81e306a,1,2
test:1536,0.27543732,0.64795623,0.07660645,1,neutral,092b801ed9d672a43a8b0d82f3a9de14e0a25374a202053fccc300045aabe226,2,2
test:1538,0.36543126,0.49339125,0.14117749,1,neutral,0028e2aa36aa95840642b54ebe253f7f9e5d27f4a4c6e9740547ff41dc74aecc,0,0
test:1541,0.79970961,0.11843224,0.08185815,0,negative,11248b35d63cd217ee84d1b59de3ef9a70e886215184994e64f5fb4afaf37a43,1,1
test:1543,0.08776549,0.79952657,0.11270794,1,neutral,19a76cff2504dd62f172e914b9cd88d79b15394458861751a9c303c0e0601ad8,2,2
test:1545,0.26022966,0.54544481,0.19432553,1,neutral,6ab17dd42b4c36b8e55a7eac5541ef1f0139b5ebbe48b4b0d6e4f5bc9d3a2ca7,0,2
test:1546,0.13741319,0.62676256,0.23582425,1,neutral,49d775bb55b7bca0a0266a9625e9e7551bc25a00d7c1ccb79fa6476534b40e8b,0,2
test:1548,0.10089012,0.77652439,0.12258550,1,neutral,b9aa181fd8765636e761e9119a3ac52f248081b424371ab922ae833e38acb04e,0,1
test:1555,0.51193794,0.05874247,0.42931959,0,negative,48c05df2950afffe9b55b445aee00194cc8a61e57653032d64a7f8de328ab9ce,2,2
test:1559,0.15263455,0.42248658,0.42487887,2,positive,47a2e3e4d2727a4c71434f0a315477b1337e414b1edb4ed4be00117f3a4d8ade,1,0
test:1562,0.40028204,0.25782136,0.34189660,0,negative,4cd7898ebac95ccbcbd3712ed015e2259a11e44eb3c8cb5df903f49b82d3a890,1,1
test:1563,0.01880915,0.24947898,0.73171188,2,positive,f07c9fdda0890b11e2fe55f0da6cc2a79c0e5942a47d8adf767f729108cd21b8,0,2
test:1568,0.17518319,0.36177275,0.46304407,2,positive,9332f52ec7f7a8a0b5bf46ea457669c7f527163f152612bdce095c2c4847f7ea,1,0
test:1570,0.15948743,0.74722198,0.09329059,1,neutral,89b0905fd03e38fb4683f5d69026ea964fd04973d9b6162e50612bdb1bfddf24,2,1
test:1571,0.23543147,0.69572797,0.06884055,1,neutral,2010cc581cf912108cca77b5a2ebaab18b5e5124d92fc09ae8471d085bbe9caf,0,2
test:1572,0.24486699,0.48460528,0.27052773,1,neutral,215c1f8c88e2051ffc23534696580bfdf313cf434044f50aad8335bb96192f06,0,1
test:1574,0.05176140,0.19963137,0.74860723,2,positive,e5b6a73d3533212a1883d10ba95edd058306688d7e1aad52ca7979f83ce2887e,1,1
test:1580,0.03227499,0.62731317,0.34041184,1,neutral,5cc0b77ce5435cb8deef3b9607c0594b65e97d6e28c6640a4db09da27af7639a,2,2
test:1585,0.17770584,0.71240666,0.10988750,1,neutral,e607ce4456982bdaa54b00d00b8adf6f2e4d83b96673a5179cb095b107d64458,0,2
test:1586,0.06688514,0.55776955,0.37534531,1,neutral,6c4a5a4ea84447e68c700bd83db3bfae1c54f19d0f5a9b23cf341f24cac8001e,0,1
test:1588,0.11801028,0.19028301,0.69170670,2,positive,8001379b8fe1024c6ea043c56809e89103040b0ef1b0402c5823c1bb06f107d8,0,2
test:1592,0.03782918,0.30953937,0.65263145,2,positive,802bdf67f13c3f5c02a9dccc2e0f8589884921a1469ed4c915980846a29aec62,1,2
test:1596,0.62262643,0.33223817,0.04513540,0,negative,c5e03d8fa47156a10b8774f01305331485d00f2c720d10b067f3525573da7dbd,2,2
test:1600,0.15149111,0.46982328,0.37868561,1,neutral,9af0caf73220efa8bb52e87f8c42208ac19d4b024d80340b6ff8f4fad6341a08,2,2
test:1601,0.15183479,0.76568085,0.08248436,1,neutral,5316a1dbc6e84b45c5dfbfe2a8284f46d33d07e16fbae4f5b19ee861e9492513,0,1
test:1607,0.13135557,0.43420712,0.43443731,2,positive,66314ed226fd7415c16c7e2fb0254e11120540b85d9086248b303211e56e8937,1,2
test:1609,0.08238244,0.26747161,0.65014595,2,positive,a04683542d973b33310ec224faae105309aee575f4c0d182d15283b1264aab8c,1,1
test:1610,0.38658894,0.26142844,0.35198262,0,negative,a94b1a7e2f2e0408adeed8f48a17f0540d020b0c08015a846b4a8da1e0a5db3e,2,2
test:1613,0.18746967,0.38986878,0.42266155,2,positive,1177f956f6d7c3fb85d91361df911e693fa063b2bdbac4bf2bf9a371f4775d68,1,2
test:1614,0.32738103,0.56732124,0.10529773,1,neutral,41824529f546fd2c443e38998e66339c69a5b1a034fc85e3c1c53093dd37b773,2,1
test:1617,0.13879058,0.42928656,0.43192286,2,positive,061cecfa1e88068f56e10b265a281922322998b4078179af1fbabdd3c6f1c08b,1,1
test:1619,0.45299870,0.49026014,0.05674116,1,neutral,cbbaf3b40a5b0ae711c8dead4b1a86c8c1a75ca199d02f2afdbf89b9d8d86383,0,0
test:1622,0.38173473,0.59241714,0.02584813,1,neutral,ac844e8123464cd0c98a8851dc08fa486379869f564074d866f847344422f35c,0,0
test:1625,0.06749872,0.76012024,0.17238103,1,neutral,b9cd00f0622cd158e83b20d07837cd055567f03b4daf56e1a40387778483db1a,0,0
test:1626,0.25693300,0.37742809,0.36563892,1,neutral,142e06d9a1f826d2212cc53abd862c1b73a91c8ecf47aa1bb06e5f9ee83ce190,0,1
test:1628,0.48112608,0.26965617,0.24921774,0,negative,764b674c0a18c24a4b0b35eaeab61967cdeed3503671b5d5f5d035db4ca4b1b4,1,2
test:1629,0.26972441,0.64729626,0.08297934,1,neutral,0f7b85f148d74efd22d8b69448c4b622a6c512f3619c71b0930c7233a44f715d,0,1
test:1631,0.60095420,0.18828279,0.21076301,0,negative,a628dc0bbe9f94e5f906790cf74305467feb53b7c803de1c4f105dd67d8a566e,1,2
test:1634,0.47095005,0.46659955,0.06245040,0,negative,3b15b7515a8ab0c9420c3af64a35e2b7746c2512d58d1b775d34b20afde4c1f4,1,1
test:1635,0.05809212,0.61893088,0.32297700,1,neutral,d4cee7ec61f6af49d7a535108ee7dfa8a7e1eb699db995cdefe5002860ab0e06,2,2
test:1636,0.31629288,0.62530472,0.05840239,1,neutral,e5e88f453f01dd61bb4da651e0b5990a501e0138015d8fe34067bd6a94bb9b32,0,1
test:1640,0.08600238,0.42713758,0.48686005,2,positive,093b4c7174b0a2c2b41fc9c9fde3fac33bc38998eecb649cc9a68ffaf493449a,1,2
test:1643,0.15730042,0.69295298,0.14974660,1,neutral,d76e5892c841a66e20f72e660babe9003ca44c3626b9365f729eb1d3e70d66a6,0,2
test:1653,0.08921287,0.47095520,0.43983193,1,neutral,c1b4ef082f0ff33ccf46b78f94264ff08dc3cb58c26208cf883e2e729a12ce90,2,1
test:1661,0.21837333,0.72695978,0.05466689,1,neutral,13807e3c08c9da5930d0cce34902a31bc89a174610e1db2c7a04f069f511d91a,0,0
test:1663,0.27156858,0.56364478,0.16478663,1,neutral,47061e8dca85f8a2ad73f31c59bbea699c27bd842abd1c03ff65ec1eff03721c,0,0
test:1666,0.25781937,0.50058659,0.24159404,1,neutral,260e9de3b98df8e56e8609b5e98ec5a2ceff48c151056f13a5ccfbc12b75a332,0,0
test:1667,0.22265768,0.19885600,0.57848632,2,positive,bd3d68b3b21f752d929eb22aefc894fdab1db06a8f76e026f19c4c667a0ace3c,0,0
test:1669,0.04751155,0.29855701,0.65393144,2,positive,055f356b5ee66e2407ff4b85fa4f30cf7f6995c3c0ba8707890d4cbec11c40cf,1,2
test:1670,0.04836414,0.40142490,0.55021095,2,positive,f6c13d7a6e1a3344276d1d6f99ecca4e78ce484341936334ce6445e8d6923ebf,1,1
test:1673,0.10432767,0.73459868,0.16107365,1,neutral,981ff295471ca7f2de241190e1f58a932d35a6efdacf9cd7cec483a147850ac7,0,1
test:1674,0.41668618,0.40139089,0.18192293,0,negative,10a18265f5bd5b99badb1103b3b1d436342700b8c87671c09856669f0be4c446,1,1
test:1676,0.70412498,0.26231391,0.03356111,0,negative,30d34fbd7ec68000d55adc4f85a2c482787a35de3c2caccbb4e97a2e80ceedaf,1,0
test:1677,0.26319705,0.68047763,0.05632532,1,neutral,baa707f1589689fbf45ae0b1b0bfb89617a464833db0c03b8fe1b6ece37cadca,0,0
test:1678,0.30591382,0.24326278,0.45082340,2,positive,167d69634399312b6b683a6dd8f7dac65b770f6b7e3876e76f22a716b3a267aa,0,2
test:1679,0.40789496,0.22334559,0.36875944,0,negative,99f21fc7711d82bf77d5652a036f3e6ae9d470733e4d6999fb0909a481656ee6,1,2
test:1681,0.15327579,0.40136903,0.44535517,2,positive,9bcf7f79602e91e5d668a5af3d0173d038eab6ad193034c20d8fc5d286965031,1,0
test:1686,0.04214920,0.11398046,0.84387034,2,positive,557faee628955166e437a670286563381778972d889c752939cea1cae1ab7f11,1,1
test:1689,0.02971950,0.58924639,0.38103411,1,neutral,6e4405945352ac2cafc9686acba7bf06f5e5319df276998241022dfbd6f3781f,0,1
test:1691,0.35877603,0.21516319,0.42606078,2,positive,cf7e1baad0e70772724dfcb4ea1d823afa04255141cb6a67ae565ed1ec89fced,1,2
test:1696,0.21504222,0.08387546,0.70108232,2,positive,cdf7970ce4203b0bafa5d8198cedc414ba0cc99c6ccc19c5bda8faf32c4becd6,1,1
test:1700,0.09851822,0.45825197,0.44322980,1,neutral,41959a3759b071ec819e2d6913cf8e40438a51fd2c7ed9467b4055540cefa708,2,0
test:1702,0.12128296,0.29654628,0.58217076,2,positive,b70f04fcb74438ff53d5cfc82bff087a7c4fd4040fcf54637ae33d4e6d5b2133,0,0
test:1703,0.19150343,0.50684779,0.30164878,1,neutral,287b3d11ffcdd5bc49e9ceefe59a5cf674617c16d33d27de44171902a7ae4a38,2,2
test:1704,0.19491581,0.47896706,0.32611713,1,neutral,659c19d6a39d359f891b27d27989e42ac409dfffc1372964bb6edf26839ab0b5,0,1
test:1708,0.17023177,0.71657895,0.11318928,1,neutral,06aa3ab48026cb8cfbe931049bb509982568461bb32b98846f511ddbb21e1a0b,0,0
test:1709,0.36166548,0.60351614,0.03481838,1,neutral,96468329538c4df2cc7955dcf4e62b475c87a6712d709e99c7b206c9c7a9ce4c,0,0
test:1711,0.50182202,0.46708167,0.03109631,0,negative,38bf71f8b4fe6f94da83df66c41ed52392262b1fe749b151f37f5018b4e2e56d,1,0
test:1712,0.22827078,0.73942587,0.03230335,1,neutral,0111582f40325f359d6cf3637a11085441d7da11add09a84ec385eaaad65cc77,2,1
test:1713,0.21987834,0.58603169,0.19408996,1,neutral,c182577455f6813636d75a691d9540d333904ac75e4e094613200c5cd7926f21,0,0
test:1715,0.22200669,0.72155568,0.05643763,1,neutral,84c09dcf556826a65a6efab9f2cb5de8a6501570d764b8dce1b92479cdb66171,0,1
test:1718,0.07004446,0.81669024,0.11326531,1,neutral,d8ef87992e6bc503c958196cd1cdf9036f1c90a2f83863c620a555bd9772a7ec,2,0
test:1719,0.55290447,0.21307528,0.23402025,0,negative,46b3b2495ff751575f590abc5bac6e099d3b63d5f0dc9e7d284b48b542687371,2,2
test:1726,0.13396096,0.57076236,0.29527668,1,neutral,6c8b5e0652c158d646b266b1bad5c71251b0635556c68f6d128ab0fa74a1ddfd,0,0
test:1732,0.23313908,0.36932304,0.39753788,2,positive,97e35d2d4a3a4a6e974b0147b7bd32a900078f96f215c4d533ee1a3c44ed6dfe,0,1
test:1735,0.43007061,0.42452743,0.14540196,0,negative,c774c42a03f29aa5efd71a02cb31c3b782db39df612f18d0850df9e5535b66ea,1,2
test:1740,0.80409506,0.15503221,0.04087274,0,negative,db63469f474b7e9e98eb72c83cb0dab66feb3facca0541c3ca721f56faaed066,1,1
test:1742,0.30041351,0.42518033,0.27440616,1,neutral,9db2c77eab806a0be73aa563124b79abdbad69fcb6aa1fbff519112e9580a248,0,0
test:1747,0.15164554,0.69829163,0.15006283,1,neutral,b88c3ef538fcf7b6b70a2fd5a82fd3440d14e82fbcdabd2dec500fea986ca93e,0,1
test:1748,0.03401519,0.90428037,0.06170444,1,neutral,ced1e4adbce0ff4f596481d42d2f3d4f518f40436fb03e7155617238f29a54ad,0,1
test:1751,0.20159807,0.28091916,0.51748277,2,positive,3f8371a7d5ace9b77c0e335842993141d68dadf2115f1d228becb4c980cdac1e,1,2
test:1752,0.42012820,0.53586510,0.04400670,1,neutral,a9f8388469e82593b69fb4bef8375854c6564328606c1ab713a082abcdfaa16b,0,0
test:1755,0.10157604,0.58285708,0.31556688,1,neutral,aa9fbf99c66a295cc1c40130ea1918815a6d878a712fe6c6886e844f0ec8a684,0,2
test:1757,0.10090507,0.74780128,0.15129365,1,neutral,e5ff6220ce35f8aeff8d6e0ec5de2c52961ed518e9dbb8cb0db77689ff44cc23,0,0
test:1759,0.06557628,0.51703307,0.41739065,1,neutral,51c16312dcb0187beef7346d5b6571051240482c47ae217c701e1beb81ea2952,2,2
test:1764,0.11697949,0.85214434,0.03087617,1,neutral,abcc4734de00b81476184b5521691cca4d788de27b247dc0a2766ce12ba77571,0,0
test:1769,0.35748436,0.11405116,0.52846448,2,positive,df6ee55cdb9f5b35d72cf3eaed955de9b2fd2147112c9264489cd003d00cef3c,0,1
test:1776,0.24609051,0.59858449,0.15532500,1,neutral,5a123117a0d027a8cd07eff23bd92cf04d87d24391975e3e933d25441d7905d0,0,0
test:1779,0.36225180,0.30063694,0.33711126,0,negative,963fc12482dd0f2bb5fc579f8f71d49e970c3d570c4b586d63e13e33fec63cb4,1,1
test:1780,0.08735702,0.11983712,0.79280586,2,positive,15eb514536591c7fe21951524e11162f5558ae18794a448635415dc18507acf6,1,2
test:1781,0.56676160,0.35393529,0.07930311,0,negative,b432a3a393e0d7a7818d51865de71787bad26049d78c7fa8d3dae809b0b23df3,1,0
test:1782,0.06924104,0.68799092,0.24276804,1,neutral,0d9a1abea5a7054accb425a2d8ce0d7957dfab93ecef9682910e10aa1dffa52f,2,1
test:1783,0.11072940,0.48878435,0.40048625,1,neutral,ef09f2a3192d33bcd834e32e06cef32ed8a6b12eddce6bfa0378b540245ad820,0,0
test:1786,0.02291207,0.25748381,0.71960412,2,positive,4d126fb4d74c8a4e240e2036f3a8f46e16ca723070d85126fd802a34bd34a83a,1,1
test:1789,0.23121929,0.75421311,0.01456760,1,neutral,418d8e13d5d5d39e5161362e9a890a3886ead8542b5ca44c16a3772088aef25b,0,0
test:1790,0.43768899,0.33400326,0.22830776,0,negative,f01cefa69856bce7715e37093cf385be7fb3d8f73b3d3220e2a9a18aa1f105bb,2,2
test:1791,0.27824206,0.65344766,0.06831028,1,neutral,bb94e45820556ed68deea54b2db3ecac91e4823a757293afc182172f87874764,0,1
test:1792,0.20603213,0.49644408,0.29752378,1,neutral,c40cb0757ca0a171799dee466e2d130bbc739f25ae51647a8fb8c71dfc2a22f8,0,0
test:1794,0.36219233,0.34156376,0.29624392,0,negative,002a4dea6f3fde7c9d0509909c3ff9e587cd15321d5edc6384306a6a03f833a8,1,2
test:1795,0.47641120,0.50783919,0.01574961,1,neutral,55710ef9a7ede84cdc218e0137c326f83cea78e561b2690683e02aef9bdc054b,0,0
test:1797,0.22346584,0.22288063,0.55365353,2,positive,07e68c599639968e5b209e2bb410f38e95ccba8c3088407f4737bb14f2fced99,1,2
test:1802,0.05205009,0.74524726,0.20270265,1,neutral,e840f93f69a4e8e52c9c90c8c6459c8aeace45486056a62f3107b293ff299e9b,2,1
test:1807,0.27467659,0.66542064,0.05990277,1,neutral,b30c15418b368b63a652cd25b3c4167b5811e4460109b1e88dec1086249e65af,0,2
test:1809,0.07280609,0.73559507,0.19159883,1,neutral,726785cc46a997856a1fe966c1e8e22c43ffd9b82fe05de4dac7429da51b04e0,2,2
test:1810,0.05929299,0.89939920,0.04130781,1,neutral,614c93192dd7bfab5c07d60b45ccd794386bf7a75d191f36229936a75e80993e,2,2
test:1813,0.46314915,0.34638411,0.19046674,0,negative,90a410487a1b280d407e95429c6ecf4408b0eb592f17f2eb12e4ca5aee9a42a6,1,0
test:1815,0.08215450,0.66966419,0.24818131,1,neutral,4fccbf25d0903d27325d8e02f186dc34edd715b5c78530d80c7f6223bfd13401,2,2
test:1816,0.35700357,0.14064305,0.50235338,2,positive,09a035c4d517ca6fdcfa8d63741d5092f87717fe3127a75520308a38cf7e712e,0,2
test:1818,0.38615692,0.51546321,0.09837987,1,neutral,009da45331064a25ae12c241d192136e83b1393fd7e4f6b6762e196319c0b177,0,0
test:1819,0.22247472,0.24618643,0.53133885,2,positive,c488f5959f1d6645256f3e0490fb130b6bf1f646db20b8e09598fced985f70c2,1,2
test:1821,0.48645977,0.42664661,0.08689363,0,negative,d7f53ead774dc3ac4a801fa09d0980bd7cab830ec9603ab85874fadcb704c54c,1,2
test:1827,0.05522834,0.30904450,0.63572716,2,positive,fb58df856c124e6f0757d721ca4eab86270e2a6e599ea0360d27f3a2c6d6dd53,1,1
test:1832,0.39224835,0.35593465,0.25181701,0,negative,bf4948cec446defeedeeb43fb1c546e42952de9af9535515eeb6bd8c89c91dd2,1,0
test:1835,0.57022574,0.31358255,0.11619172,0,negative,09ebd299dbd082843bbf290ad07d4337ec7cc3dca4226e4a2f029ac3d8e36765,1,0
test:1838,0.38420977,0.32538908,0.29040115,0,negative,4ebe545ffcfc80da9692440bad90e62c440eb514a4f1ba6553690e84336bf103,1,2
test:1841,0.32624403,0.41559616,0.25815980,1,neutral,fb3d08f7e957eb29d68d50e8ba7c7ebe44ad7a596eb8066e9b5c749e59ce186a,0,0
test:1842,0.19269536,0.44188634,0.36541830,1,neutral,61fa06e1ad9a90a08c26f677d01398d379bbfad92f8a651d0f6142ed44abfdb4,0,0
test:1843,0.68081090,0.29964733,0.01954177,0,negative,9da84c8dcb8d2300187b4be9c304884a56e411b2df15c313878fcc32da5b4aee,1,1
test:1846,0.57693096,0.33757788,0.08549116,0,negative,eb9edd42b5b0882462e158d39d8b202ee6800ed00364f78f858efe34a654d076,1,0
test:1848,0.13255391,0.46199124,0.40545485,1,neutral,ebe30c22794a5f58c34a045a077fb6a68fd52e2a8dbae0b86f4c19c8d3ec1d33,2,2
test:1850,0.13027932,0.69748854,0.17223214,1,neutral,8f9228b151b8b14676d65d00423f512507cf63eb739c5a44f653247b6cc179a1,0,0
test:1854,0.12568581,0.64197610,0.23233809,1,neutral,fd585391d057653e4aba2b40206f0bd3a6ccdc142de8c8abc3cfefb2f2e7943b,0,2
test:1855,0.38354735,0.06726550,0.54918715,2,positive,dd016b925ca1eb547721185a35bae386043639d22fcb2dc147174791af361303,1,2
test:1856,0.16195007,0.19068282,0.64736710,2,positive,af870c2f86781b6f0df9cf905ef7dba40a751e2a4dca2cc6b4595c2c137aa57e,0,2
test:1857,0.39817336,0.55382291,0.04800373,1,neutral,88cc43f2332d564d64ee3a43c9437d5adcc9fc6f06aea64e2b49a6c2fe0b5b3d,0,0
test:1858,0.19191120,0.20682954,0.60125925,2,positive,2012852257d31e30aa3d11364b0a6180f46f614e3e8d1dffdf41a28b70870803,1,0
test:1863,0.09633255,0.30789791,0.59576954,2,positive,1d619bac864bd4ed3de000a9ad44c18d88ed160e0e9c8ccb7693dd47173abb89,1,2
test:1864,0.13414082,0.81198311,0.05387607,1,neutral,740a96cc8fee6f77b86eb06a1948c7b4586b2d2bf71d9deb7568125eb82664b3,0,2
test:1866,0.10436516,0.76055739,0.13507745,1,neutral,79b976967e5b5d49583045f09f55df1ba6eefbd8cef64d271764de301669fc86,0,0
test:1867,0.09419802,0.21958328,0.68621870,2,positive,ca6da67ebd94f260063ceacd095d68e7f2db946b954cbbc2534ff90de6b4b79a,0,2
test:1868,0.26915558,0.40986672,0.32097770,1,neutral,12a475e810239bb190684fda81449b214e48ef8c9376f96337e72abcc6edfcf4,2,1
test:1870,0.01087761,0.15190137,0.83722102,2,positive,836a2f87ed82985ccc63d9b1e7f4162a8aae9d3a77fd2126a4b7358c4da4d6c7,1,2
test:1871,0.56421968,0.39548704,0.04029328,0,negative,c0640d3d21a1976aaec98ac589279df10615f4000b706a378fda5764100442ef,1,1
test:1874,0.20336791,0.07649814,0.72013395,2,positive,8cce32fcf59508acff1569b4391e1d2939e3049e84380c14ba3e6a7f36817fa0,0,0
test:1875,0.06468348,0.72544405,0.20987246,1,neutral,c477215db5b80b2065ee253a9ca74313eea719af2d4b3669cdfd36182df1ee62,2,1
test:1878,0.27291753,0.69676223,0.03032024,1,neutral,1e8849cc049fa35d576a82373c1f24a9e60685d9d0ab720a81f30925b0502ad5,0,1
test:1881,0.17424023,0.31768047,0.50807930,2,positive,42b5c823405c837e16eebff2339c1e969ff8dbab64a717a038bae50dd2add8c2,1,1
test:1884,0.07750770,0.69935508,0.22313722,1,neutral,fe14c7583b64912d453963dd94bfb81a525ad70fc7bb9d9edf4b0824a7791c99,2,2
test:1886,0.57544895,0.36853839,0.05601266,0,negative,60e7709b1c59df4347eacdf5dacfb2d3f8e03baee03e13730b1a9eb60249ccec,1,0
test:1888,0.45406148,0.36465799,0.18128052,0,negative,01a917fcb6fec2d48444764934ed5b14cc4e30e3d06136bcdecb33697c91aba9,1,1
test:1891,0.12518269,0.62782927,0.24698804,1,neutral,7816e6e12e04510652c51298288fecee0780453f517ef6cc15d6c40ab1882673,0,0
test:1893,0.19439060,0.56521035,0.24039904,1,neutral,36c1f814fec58e588d5e60491b0af2fbf2a91a9f59357846c2c9afe4942e5a9f,0,0
test:1894,0.02853539,0.89348110,0.07798351,1,neutral,569ce7e0bfc7724308ec198ce9ac45d132f1a21225724e9333732db8ba1fbe1c,2,2
test:1897,0.11112326,0.33830856,0.55056818,2,positive,3bee011cc53dc17bb9f2a918514f73b40fefb46117162801b2eec7225bcab083,0,2
test:1898,0.10339340,0.63539076,0.26121584,1,neutral,2104b9bd02c89ff618ee83e831f475308c8ce2e35e2a7519f9701c0d9bbb5f37,0,2
test:1900,0.15915478,0.40431750,0.43652772,2,positive,bddb87937c6f6a77bbe31861ee6bf0b6f9f0cf9f7c4a6de195dc5ee7c7a19310,0,2
test:1902,0.35114750,0.61467265,0.03417985,1,neutral,1ab7acbeb5ab988af32bfe1402d1fa7273e021e240abd41e802c500031f4d0f6,0,0
test:1903,0.08272921,0.34391462,0.57335616,2,positive,03f1c38066d084e8163be0d9ceb8b8ee32d3796783c2d8a34b49594d8eef205d,1,2
test:1904,0.25069424,0.62044089,0.12886487,1,neutral,32b7c7a30ec8eec99326954c614661d19846f9e3e52ae695ef5455fc19c6055a,0,2
test:1912,0.62606784,0.20122714,0.17270502,0,negative,2fb2a2acb59de05d8968a3202e223ebdea56bcc403bb40e33017558cc9151ed2,1,0
test:1915,0.11905163,0.46305514,0.41789324,1,neutral,e90f93ca5e397d34394d4985312e5a1a0636885fd960a0347f24775fe755f538,2,2
test:1916,0.34069640,0.41049236,0.24881124,1,neutral,8e04cdbfa72ec3f3510b4713e1f4ac8fe347b8872bd34f69fddb4513d778f81a,0,0
test:1919,0.20373637,0.22263134,0.57363229,2,positive,9aa0252b7ff2ebaf46438b4424a03ecd1d90e7230ec678935f743d477f4a571e,1,2
test:1922,0.11171769,0.87762102,0.01066128,1,neutral,8c93b1dc129bcee1950b88d4d9040166b245d6b6d0f42c1cf0554f20e6f54ab5,0,0
test:1932,0.13585777,0.66602527,0.19811697,1,neutral,66c8b9e1e40f4c2e69a27702d1c9040105ea7afe6a879e473d5c2f3e556cb628,0,0
test:1934,0.06691306,0.81060755,0.12247939,1,neutral,78f16219572cc29d1976fc4f490ccdd44d31e3ca3235296727afc21e15665b10,2,1
test:1935,0.11170111,0.34233605,0.54596284,2,positive,9b23211ef1804d7e70504f779f3c08044e404ecc7b1c3f376ed0667fc1dd961a,0,2
test:1936,0.00682289,0.87899922,0.11417788,1,neutral,c21bdb84865fd633272c16259b55de0efd0639aa424885d9024eeeea31be7740,2,1
test:1937,0.33034164,0.44714423,0.22251413,1,neutral,e457f23e0973e495b3c2d1b470a6a7339ebea073a78ff00abfcca73c97479890,0,2
test:1944,0.25296549,0.11448599,0.63254853,2,positive,78d2d596c512e0c683d0152ac7823775237f91b667a68094a48fa88220686139,1,2
test:1950,0.05710468,0.30997492,0.63292040,2,positive,2ebf02f3fe1c9de9084f0af30941aa7813b19587fae042dff0759afcc4afd6ac,1,2
test:1952,0.15623981,0.40813837,0.43562182,2,positive,196777f705325d548d8a581392d73b1d46591372c2f829db2abe818d926a2219,1,1
test:1954,0.44617456,0.42106760,0.13275784,0,negative,f55e803845a87ebf147d7cdabc3a38eecb138e82c13c8a0d9ac864949787c7d9,1,2
test:1955,0.48981993,0.38526733,0.12491274,0,negative,3bd8c12824334d2a463b278b38a2b55b3a16e4a2220510e7968476f6d20e5f1b,2,2
test:1956,0.07181528,0.34131791,0.58686681,2,positive,9e2fd61d588de7cd491f21d8d04da001cf5a64ba07164b0bf8801da210bc2cf9,1,2
test:1958,0.35094582,0.38544110,0.26361308,1,neutral,63ea20a93b8ff1227797451378e3b654d6e74ec7e877b93edb8a50273728d2a6,2,2
test:1961,0.17443219,0.28933247,0.53623534,2,positive,2d1759cef18607b4268190be468130a49cc37f96d846a23005233cffb0d4c9ca,0,0
test:1964,0.03308183,0.71082048,0.25609769,1,neutral,242c9c8a0b605df37fd7e449f46ac39ef93c595ee40ba16e2aa063e36341af95,2,0
test:1967,0.27982090,0.20922450,0.51095459,2,positive,665766be833d57e435d111a42cca2c9d2d0fce5e2f97a2d79757762194d7b148,0,0
test:1969,0.21751574,0.14802221,0.63446205,2,positive,39d836b4121c5615f3c074e7558140218edc8e00ed61f27f23336eceb1e59e40,1,0
test:1973,0.34101827,0.51647836,0.14250337,1,neutral,c5463cae7b2ac71743ffa0d37bf12e2152061dfa11cc2d405d0fa995617594b4,0,0
test:1976,0.24286554,0.37621754,0.38091693,2,positive,b58dec7510b979d0d3b8ce80437b57f0b7438ec859ee243fd9062d2be61112bb,1,2
test:1977,0.07192256,0.75329732,0.17478012,1,neutral,72350302e43473ef090ba83ea38d59ee9ced09372d934c9782a29a22117beb63,0,1
test:1979,0.04739075,0.81246208,0.14014718,1,neutral,bc73ec9ea01292231e1dc068d0638040fea9eb77dfa73b52b0ddd792bb6cb049,0,0
test:1983,0.03119485,0.19729217,0.77151298,2,positive,603f3627f289cd86c5e8ba0ed437a863d71fd81c28f25237140ab2132052841f,1,2
test:1987,0.28922104,0.55014713,0.16063183,1,neutral,84397423b7170517d72383c5748c1741b573f5058a4e59b2d793c5732d3e07bc,0,2
test:1989,0.15266325,0.75734650,0.08999025,1,neutral,e5945495c679a400f964a589ed981de04c4dc5c98685fb75cff76ec8f815aee0,0,0
test:1992,0.12410762,0.61842803,0.25746435,1,neutral,e475801611807cbe6a3aabd20eeb604598bb3fd0b4c281c69423cca72cffa734,0,1
test:1995,0.14142447,0.35900739,0.49956814,2,positive,221476fd7de557750996cbde91caa5370366522fe44946d507d753eea638e855,1,0
test:1996,0.20580484,0.30997658,0.48421859,2,positive,84e4a4087ceb73e80c00d041f17160c31b87c4496c6e12d3a26a6482fb74b8b4,0,2
test:1997,0.72168529,0.22304141,0.05527330,0,negative,315b14de2b46a9c43db5cf8dac18e3cc9935f38ba4425adff057b61b6f600488,1,0
test:1998,0.05979628,0.63378919,0.30641453,1,neutral,695f5deb4ec6257c895861e4181e78f63ff6b19c69e1e2113a6cd57c3586b2b6,2,2
test:2002,0.46027656,0.45259830,0.08712513,0,negative,c44495e567f52aad734c997daf99544bcc9498eca5a0b71c4b06033ba5c9b799,1,2
test:2005,0.07208334,0.55060101,0.37731565,1,neutral,808f65c707646607275604dc55841880567b0295132cafb799e76f8bc4369666,2,1
test:2008,0.02979294,0.46260008,0.50760699,2,positive,b2b9e6fb21d10d4418d8e4c7f643aa5567f4556dde2327db0ad80ccf12f16bf7,1,2
test:2012,0.04843361,0.29180881,0.65975758,2,positive,2a20ca4c7db348688eead1aff2165160bcded7b9470475b0b2763329cccc596d,1,2
test:2014,0.42604793,0.49399881,0.07995326,1,neutral,0824b1b8c2b530b96c3c714e9590434903e9dd889996e9c3340cfac62fa40241,0,2
test:2016,0.61886187,0.31905937,0.06207876,0,negative,b2999a17c0bd435b1c855e451482522928b141f9993730d3d63ae5b457da5f8a,1,2
test:2018,0.74072615,0.24786447,0.01140938,0,negative,d796143e0dd632144c6fd4108070805084a993d89bed393403537c2d29249125,1,2
test:2019,0.27862869,0.30669478,0.41467653,2,positive,f04328676adcc2028c586017f734428023be46fa63c77e0feeb405ad7c52bea0,1,1
test:2022,0.12686006,0.50119461,0.37194534,1,neutral,cc981269a432bdb3946c829741b0d0ec009cc3704b2a4782c84744dfa33edb5d,0,2
test:2023,0.21794226,0.48847412,0.29358362,1,neutral,cecb294fe1bc590d4a0b7e24a9d848b43f4d1442d8d90ff06415d76148c685af,0,0
test:2026,0.30636295,0.28046082,0.41317623,2,positive,7cb9c458a729c0fa05fed56e3d295e4b45933a3b06165cd04d596f7dc609a05b,0,0
test:2027,0.11349001,0.27454303,0.61196696,2,positive,f354042b4bc766050531a0125c0005c467ebc64326d0b63939a29a414c389f93,1,1
test:2029,0.08697942,0.32808001,0.58494057,2,positive,d4a9ce4a5799d740eb9dabf2328bb4d16b46c4a37f1678a2b0afae37300146b2,1,0
test:2030,0.27977475,0.32670793,0.39351732,2,positive,d295f810084d660c4e66dcef470e6d295c8f9f4f0a9a8e67e6fdbaadc49f200a,1,0
test:2032,0.23569926,0.18808953,0.57621121,2,positive,73e5393ec2a94ba7879014dbce2fef0a07227b563567122816a26e7e415aa2ec,0,2
test:2033,0.02593192,0.31054309,0.66352499,2,positive,08ce82d6e07988c98155cfd3f48f57a9e25d9edd469352d399af3a4c01c6af73,1,1
test:2034,0.42161614,0.46647243,0.11191143,1,neutral,99a189920fdbac83783ef7bf166361d71091de9561644ce4dc1ea622c1b68f07,0,2
test:2037,0.39541176,0.04118689,0.56340135,2,positive,0b1a8818da936ff30e83be60307f3749f20e96cb134b3f61b9afba0f67b2f239,1,0
test:2039,0.05734058,0.87064904,0.07201038,1,neutral,33f2a5019e2d3c4c8601dfccef55bfca1b0a441ba5b43e4cbd2f72e276377ad8,0,1
test:2041,0.16269529,0.56874753,0.26855718,1,neutral,01e36538fa7289698cd0ec7a395ba60047e247bb789c68610e004bc31b1e69e6,0,1
test:2044,0.15377346,0.56850739,0.27771915,1,neutral,15473c8829b7f438036bae9f4cc8868adf641381a75345448dedef96ecf31782,2,1
test:2045,0.65701599,0.24475952,0.09822450,0,negative,918d2cc53ddd30a13707733ad59e9d56c64ecb8cd2723ddc95707da5d938afd8,1,0
test:2049,0.34607546,0.36281329,0.29111126,1,neutral,1737e09be1a04b354e39a4545cccc50804a2ab55a309d7c1b3b46de31f96b976,0,1
test:2051,0.37395125,0.41500529,0.21104345,1,neutral,612a2746c510283bf57f189c1662791e6933f52a6802aabf8347aff4b4d16736,2,2
test:2054,0.24659110,0.58191047,0.17149843,1,neutral,7c1fe409e438ea4c92f00739d245170ee79e61a91ebf71003cf3817a193d8ee8,2,2
test:2059,0.14684001,0.54371473,0.30944526,1,neutral,8d7ed2d46d838c564bb39e4bca897da09eead4886663f2223065b61d185872f9,2,0
test:2061,0.10509030,0.47113981,0.42376990,1,neutral,4d71c09cae94aeca92ad3876582ea3b815855817ec6e95aa695b93af57801223,0,0
test:2062,0.33996370,0.41415203,0.24588426,1,neutral,c73f1cce5f96cab54aa1430ca25ed7c7f8d41509f7186fbd60a9cef7f6415132,2,2
test:2064,0.21939539,0.55473330,0.22587131,1,neutral,7a03528a57e968cf5d269678563977f10f24759970ee2efeecaf15e40939b331,0,1
test:2065,0.07450486,0.69698235,0.22851279,1,neutral,e5b210af39db488778e3cfe583207840345b47bccdfceb83950cbb0596ed7fbe,0,1
test:2066,0.42670738,0.26999511,0.30329751,0,negative,d73c550cfaa534641a378dd6d913b503f998fa87f548bf9c3b9dbada7b950b46,1,0
test:2067,0.44041326,0.45407995,0.10550679,1,neutral,01c546d13afca8ca6e50f777ac3af868309dc3eca8fe43b42a9d6add5619c73d,0,0
test:2068,0.10485959,0.15707344,0.73806697,2,positive,6d81693953bfad967b21a8c3d14db2c6154178245c91ca4b86d4a245d5ea6809,1,2
test:2070,0.32337033,0.58505260,0.09157707,1,neutral,522c939bc65529c25fa4bef5130c471795c11f53c10058f2fa7bb020561dda1b,0,0
test:2071,0.26974724,0.30405288,0.42619988,2,positive,b3eccaf23114a642500d61c4aa06dc579ef98ef7ad7d6eb96088d31831e0e0d6,0,2
test:2072,0.00990444,0.25146409,0.73863147,2,positive,05f57ac896b706eac26f4047706436632c9ebe56fda7e7b1f5cfb6e916ae3503,1,1
test:2075,0.27772237,0.35064873,0.37162890,2,positive,b721f0354e9dee95b75d7846f7d88b15d0bcb23420dcd1f372d041d836bd824c,1,0
test:2076,0.31985482,0.12918442,0.55096075,2,positive,18d8ced145591123d70b00803d5c1a9cae27673d00f0abc4b4d4928d8f74f905,0,0
test:2079,0.41138379,0.45239865,0.13621756,1,neutral,19cfb4ecadc2dc2545ed27d06d1fed70a08e0f8d5dc9c4a6fe8da5368b52a98e,0,2
test:2086,0.06017172,0.45957805,0.48025023,2,positive,09b15a428835b353bf666a82b1fbd1fdd98200944775cdbab82b425df1441e1b,1,0
test:2088,0.33454842,0.55178691,0.11366467,1,neutral,573bd1ab0d42ca670ecf76d10f64b4218b943384fe9bf0046671cdf6efb98026,0,1
test:2089,0.06718350,0.84762358,0.08519292,1,neutral,bbd56255fa8cb353d5b33aa9cbd0725e639833ec6fb8a9eef98d6cd059ff14b2,2,2
test:2090,0.21459014,0.74889621,0.03651365,1,neutral,0aef22cefa128da2ce169a3923d99269b3a51d3c50b837a4ecba5ded2ab9a694,0,0
test:2093,0.03941511,0.25216226,0.70842264,2,positive,74bbe16680fc282e3064ef90d559b65090a51c7e5ace2edc41fe250437e71c8e,1,2
test:2094,0.09561735,0.27206281,0.63231983,2,positive,c16989bc3b8f8720dde2839f107ac88bf60e38313c69852ec7031b9b175b7b3c,1,1
test:2096,0.75990750,0.14133054,0.09876196,0,negative,d94d750396c62ee5491a1d16b46526da54d5e176ade2450671d50bb0403abebd,1,2
test:2099,0.55478023,0.36320314,0.08201663,0,negative,43f1b567c35c6e0f29829533ba3ca957f977f0c41c2cf9d82ba38d6b3e0d1080,1,1
test:2101,0.43242991,0.49140541,0.07616468,1,neutral,76f8b8dd0afd86d8eab44225648fa89089720edaf640ce822b127e681ada8cb5,0,0
test:2104,0.20552976,0.48682285,0.30764739,1,neutral,06d60b2798ded3b256dd2094c513459550d853b7b507bd4e3b7c009679a3c912,2,2
test:2108,0.04177457,0.16562463,0.79260080,2,positive,5b4ac4f1255d5f51e7e9b5fd864a7c5c3ee46e1eb0e26cc011a776558b7bbf5a,1,2
test:2112,0.40691328,0.27718353,0.31590319,0,negative,4ec39b7f7bfbcaba48668f37c7b1801ad9339a3bc7baaf804229f40b2ae572c4,1,0
test:2114,0.04015879,0.88330999,0.07653122,1,neutral,810aa7867b834548b80b679c48b754a73858034eb101f69f88f04a894d217d7c,0,2
test:2118,0.49105692,0.38662043,0.12232265,0,negative,b9aa5fbc86f19f12d1205ec28fff2ed36be734ca1e1f5b7c8bc3437e50bad651,1,2
test:2120,0.23964417,0.56189964,0.19845619,1,neutral,e73dedd8c4391c063915af88c1798639095651246faf7cf7b63cf2d5e2d082de,0,1
test:2122,0.11239825,0.64556494,0.24203682,1,neutral,6766785e52a71921e51f9e18b8303c23c4e55021dbb23f64a4c95cf57c241540,0,0
test:2124,0.12957504,0.74052084,0.12990412,1,neutral,cc00c651b64a53e46ddc8f2c139a31a407d1f0eb5aa739f7e3bd6f4272d2419c,2,1
test:2130,0.30545134,0.25678402,0.43776464,2,positive,8628ec1297396d47d5db7e0973f90f3ffc268a93945b97f8f23ceba5eb4d16e4,1,2
test:2131,0.38022604,0.51339503,0.10637893,1,neutral,72d389d91acb79e4d6d0ec82311ffb12d3db7cf59d68ebc9dc2960ec30dd2f7e,0,2
test:2132,0.47159477,0.49907405,0.02933118,1,neutral,5dfa81d924199e515ed5960f57632171542dc80937e32fdfce89b81b5876b59c,0,0
test:2133,0.24509749,0.32185513,0.43304738,2,positive,1bd8b2efd95df22fb9a443882afcbc6962f671b2717e23ba71e998bd17dbbac8,1,2
test:2134,0.07096056,0.76917959,0.15985985,1,neutral,a1e0b754e2a0feef12aac4416eb7a821a7d870679a0a293f4cc8fe3ec321d91b,0,2
test:2135,0.04292600,0.34292989,0.61414411,2,positive,e9de1325ba7de45f4070b37e27bafbb61f31e5ec2480f87df3fbce235142b329,0,1
test:2138,0.02345042,0.86203381,0.11451577,1,neutral,10a08523b429f01944530290675a1d30afa98122a53150c5914b5e0fdc1d3b62,2,2
test:2140,0.44556889,0.52053317,0.03389794,1,neutral,e2762fbb54ae9da9a3b10581e2f10f3070187874d8dffd85f69d36f1aeaa75e9,0,1
test:2144,0.07915344,0.33776745,0.58307911,2,positive,3f63f0a7c9c8f8e172d763523073fe1c768d945d42009bebf0f382e93e2774ea,1,2
test:2146,0.01462035,0.03249623,0.95288342,2,positive,13f2c958587678b22ac7cf2ba3e0caf1bbdcd8fa78bc78adc91cad7de1f2b05c,1,2
test:2150,0.12174282,0.13888179,0.73937539,2,positive,e8b9155e2f550607c0fc429333f84a3c897d97d70fc02c84783c56d29acc6faa,1,2
test:2151,0.23943476,0.61264496,0.14792029,1,neutral,782c497896cfaa7f0a7b9141af629514d04422e8ce79ccce81038f45b12a358a,2,1
test:2152,0.11436761,0.23492921,0.65070318,2,positive,22d4b2a105dc02885bd2a0bf7dbb09ae833141fbbe1576e66969b9b73d4897b5,1,1
test:2154,0.56377578,0.23475837,0.20146585,0,negative,38c2e00bb63c930514f218eebeb53ae89b8ed5ede6adc09e0a1248f9ca65cfd8,1,2
test:2156,0.33949581,0.26099801,0.39950618,2,positive,42c97061d8d111299d3e65e52d5dfaa7e77704fe973a350748d0d2d71c9ce007,0,0
test:2157,0.38758265,0.46018084,0.15223651,1,neutral,b12fa8a01a8b5eed2bdddbfe49b826769dce065c13e2c66d17dcf16dc88b7fd8,2,1
test:2158,0.02794801,0.09812317,0.87392882,2,positive,1103a31c7b8540ec0f8bf9877a9209c6b593f514f25c9309a77ed635dc59a10d,1,1
test:2163,0.21897785,0.38858513,0.39243702,2,positive,41a8b9cab10508dca2306dce3e35d31b4a6317d3d3aeb91930d6d794705cab05,0,0
test:2166,0.33129603,0.51236842,0.15633555,1,neutral,503994c90d2965b30161e2a996ce4f59253901d0d79945ee4acded264e90dbd9,0,0
test:2169,0.09849045,0.13739947,0.76411007,2,positive,18678403e210215450e05f166e9e17726dfee3b9146b6816e3e2129b2f7dd812,0,1
test:2170,0.14979792,0.64031230,0.20988978,1,neutral,244672490d73e25eb76f89f651592428e87122a54ee3bee5f48a8b803350d052,0,2
test:2174,0.16605915,0.78735418,0.04658667,1,neutral,536836d420b6c76fafcde23fabf0ba323414c22f5f4d07186cd4725d9055c5b4,0,2
test:2176,0.15446702,0.24252418,0.60300880,2,positive,43e84c6363e307af84dce45e33f89bb80073f18deea86334dd48d1e956876ce7,1,2
test:2179,0.12928862,0.43307489,0.43763649,2,positive,b950ab7ca71cd739e42e4a5287fbec56d4416cfe898a4451567d2dfe52c9fa39,1,1
test:2184,0.61020049,0.25307076,0.13672875,0,negative,afa83ad3ed82f15a96494ca8c84ecd2f4ad463f17ef8f8cf02715f10384753d8,1,1
test:2188,0.62427017,0.22299425,0.15273558,0,negative,34b8e6ffb278732830c5de63a2b04c49b9893b355c93d52d81fdec35fa0b6e3c,1,1
test:2192,0.08483602,0.77426827,0.14089571,1,neutral,dfdc9e8edaf8acbbf7c6aba363afea5c079b1fedd30fed886417b333bb4c4066,0,1
test:2196,0.10918581,0.32975675,0.56105744,2,positive,5be484848379828bbc8e2b4a5360aeab16e04f9b53ce317a0446c1360773ea1e,1,2
test:2204,0.11214400,0.45494327,0.43291272,1,neutral,272172794614a18eb97365e6f1ad4cca58e287dcc2523e595191b7a2019775db,0,0
test:2212,0.31089050,0.42656846,0.26254105,1,neutral,5b958822baaf63026f6b677045e08161c2604a8aa57c3ba5bcac748f8cfc6a80,0,2
test:2214,0.21287184,0.62576525,0.16136290,1,neutral,4ab8c96ce6fc7c07ad316bd99c6357d55dd989e9d9427f5ff9f170de4079ee4a,0,2
test:2220,0.48033117,0.49863135,0.02103747,1,neutral,a9cf550404538fe5cf362475f2a06f86a193e67e09b997e6c3b9992f57436ae1,0,0
test:2222,0.48468976,0.46688706,0.04842318,0,negative,ec77527be3b6e72888fbc7b39f2a6563072fcda0f5e06d4aaf86f6188d32a47f,1,2
test:2224,0.36042342,0.51586110,0.12371548,1,neutral,a7ee3c50360436df2eaa1a1d97adfedfdf87dabf7b4d55fd5c10214a6e7e1d79,0,2
test:2226,0.04488050,0.89984416,0.05527533,1,neutral,ed2aa10c728be77ee72fb5eaa30c3be23274a8c675ecfaff18c8c68618205127,0,0
test:2230,0.22201910,0.50594688,0.27203402,1,neutral,f39ce49dbd4d842ad4a1c09e4626a6e84e0cdf5767fef9095bc8e386cb15f61d,0,0
test:2231,0.25856726,0.64567851,0.09575423,1,neutral,e90958be133e774cae54e7adeae55a624b422ac0c5196458819a5d1503ff27d1,0,1
test:2234,0.30506454,0.53132057,0.16361489,1,neutral,538eacfbf9333b8152c4001a4d64bd6cb259d6ec45f449a32f0b1bebbed2b9bb,0,0
test:2235,0.28336491,0.62516974,0.09146535,1,neutral,102de53cae9a48e5807bb16a3fbe95bc621dfb92150d35e003d527cfdb02d2c1,0,2
test:2237,0.19926019,0.71398545,0.08675436,1,neutral,ea0b8d22df50977afb4a67ad1ba96755494dae14792465efdf01c0286aaec39a,0,0
test:2239,0.28647334,0.22807747,0.48544920,2,positive,3a7440f42b7ec99f83e8b26356be7275f8a06c640bda9ab4fc66e42b47c037c7,0,1
test:2242,0.03599130,0.05168785,0.91232085,2,positive,f225850bf1660ad053dbfe3933a5f4af8a679438f0ce550dcaba20ef756124d3,1,2
test:2245,0.21912082,0.61777962,0.16309956,1,neutral,c021518377499f5513c5a9a5fa168aac080cb33cfc9653cbb865c8de28d8bfb2,0,2
test:2247,0.12975665,0.08708265,0.78316070,2,positive,96e7392e6dfdb372c4852407e7b6a6079c9d55af194ce467cb4ae960e90496b1,1,2
test:2248,0.06835126,0.05960503,0.87204371,2,positive,bd1b1a2ebd38992b28220d17234d4918f8322451eff0c2d835d4b761dbce32db,1,2
test:2249,0.01810731,0.23661360,0.74527909,2,positive,3754c7b86ff300a6e0d7abfbd6e4f8f5ea743bc57c8f0fcef4ae7a01d5ba7cc5,1,2
test:2251,0.65957940,0.26237971,0.07804089,0,negative,7c40c907e7e80292dc267d249bbd37e3c0d14b9230a89408e9f91d10bd17bdd7,1,2
test:2254,0.32463359,0.45674646,0.21861995,1,neutral,25eff9fc105258fc192ff84618fa2d95815f9c0f7bf8322c043e78eff82fd05a,0,2
test:2255,0.11667108,0.61631244,0.26701648,1,neutral,1412989bbec9c13b9ef2be1824d0efe4c3f0073a72d507739b9f917693de8a1e,0,1
test:2256,0.02413305,0.35090706,0.62495989,2,positive,1b6a35b896dde06df358af710261f103c5b1e300aa11d2931b6fff0110ce5e2b,0,2
test:2257,0.14282697,0.37004872,0.48712431,2,positive,eb89fe52c4ac75e21c4e6f556bdbd7b225593f48e61394b1255ddd10bfb36674,1,2
test:2260,0.14046285,0.46256813,0.39696902,1,neutral,fcbc71213e30cd41a46ea0c707c5cdc295f23daa17809023b3d964479b323047,2,2
test:2261,0.15658697,0.67949587,0.16391716,1,neutral,8ed9c2b80c348bb19478f7128bf9df7fee9255a03b59ccbdb57fbeedc49fb9a6,0,0
test:2262,0.04678140,0.28645540,0.66676320,2,positive,217c2173a63845771a29eb9f0a247bbf5cfce967eaeb1b0f95e2110e73e0e8bc,1,0
test:2264,0.14805825,0.55571370,0.29622805,1,neutral,933a6ebc6e1f406cfad879924848fee18ee3cf2bb100d41ffaf9e132cb262182,2,1
test:2268,0.33531265,0.56376015,0.10092720,1,neutral,3698b191c9ac757eab9bc2e6e711c34f8e711da0b9fdebf21512c9c72838dd2d,0,0
test:2269,0.51874964,0.42461600,0.05663436,0,negative,f8b0405993747136164a9783fea5329f3da6d6b5cb522cf48caca91fc286bda4,1,0
test:2270,0.14722263,0.74640327,0.10637410,1,neutral,8e69aab2be316e894b739476a450e98e6c3d775b484492624a2b17d0aed88f4e,0,1
test:2272,0.36327593,0.60492432,0.03179975,1,neutral,6c840520e7287766ec59700f296409f525e873033deec75a271c2907731c1002,0,2
test:2276,0.45362696,0.38262047,0.16375257,0,negative,ce9229e625f81dd65f352f2cda2d093ef489d2a8e63d79e25b3e98046c375ec3,1,2
test:2280,0.68021715,0.28173372,0.03804913,0,negative,2f54f20bd742010673210e3d013abe5a2a04226421f7321ad971023cf2f93afc,1,0
test:2285,0.02793201,0.67365392,0.29841407,1,neutral,19e96fc0738db7aab38fd578bebba51c1f27640b2f499ed4106a8b5ebf2b2e57,2,2
test:2287,0.24395336,0.52819153,0.22785511,1,neutral,ff978de10da1d8d6d082a9965160514bd711e972e407cbe2c0eaec10e33436b6,0,0
test:2288,0.03681642,0.76829171,0.19489187,1,neutral,9e629b7b0e6041b195225e0462a2a10d1b24c3738ad3a34bd1ecc0bfc6d442ed,2,2
test:2292,0.06744676,0.34108520,0.59146805,2,positive,855faa89bd6a1727d71dd8764de35e5eb21a79deea96b6cc025c6508d85561a6,1,2
test:2295,0.31075681,0.13235585,0.55688734,2,positive,dec7442d934fe3101c1ba38ea7f2e1d250a3bc957ad40a70c92a089bf11e61b2,0,0
test:2300,0.23879654,0.47476475,0.28643871,1,neutral,4e20f4dc338734d0793dc2025741def8df3a7248b5468f1c27f90e49cb058d84,2,1
test:2302,0.69804669,0.17157353,0.13037978,0,negative,39e9825849c62fca4baa80d1bce509e85a1bdbcdb4f6d313f857038ef9a06179,1,0
test:2304,0.04547289,0.91920343,0.03532368,1,neutral,a7ec3398a7d364885fc75a3fe7e443addfc9c1403dba4621746d5a5effd65c08,2,1
test:2305,0.46276382,0.21746225,0.31977392,0,negative,56698546aaf9252acb614f5c2185d4ef2b0f415aaddac5554b2079697e346c00,1,2
test:2314,0.29429335,0.15137545,0.55433120,2,positive,f68e24971a23fd3ecfca79f55c1daa22dc22ff3b38d6437f8344f0a3df4c9ca7,1,2
test:2316,0.39259996,0.48178005,0.12562000,1,neutral,e978719055c4cbfb79aec6d7c3b7ec41da5a5c186aecc8590ff645439c0f206f,0,1
test:2317,0.54785635,0.17513111,0.27701253,0,negative,85bb93c7586105af49a4006a08787a9e79c9616784fa68c1ce1f0df9c308711a,2,2
test:2318,0.15347686,0.62900932,0.21751382,1,neutral,d1e3cff57b9170e6f1c6a8fec6f3f4d16110e29a39b2763547ebf76414e21a98,0,2
test:2320,0.26765053,0.37546067,0.35688880,1,neutral,664e6761eb2b368169b8e21e962020ff23c3a4d469fb4994f9939cefdd364138,0,0
test:2321,0.07893996,0.63446720,0.28659284,1,neutral,c3f9a845678ac11a38f857b52438772120cf0b513a7c8b85b38b56a781aa926a,2,1
test:2323,0.24411611,0.66488853,0.09099536,1,neutral,2878a1e6eaa75d9e0182ef0b20654dc4fcc56c5481594218a1775c63e69b11bf,0,0
test:2327,0.33627904,0.34251574,0.32120522,1,neutral,b6ca673d68e1f2d932e3dcc4ffa515ba2f65585b9b87fefa631f08c4c2502dff,0,1
test:2331,0.43582465,0.35838349,0.20579186,0,negative,4cf77f99b8c4e1f34bf223aa8dd0af1aac05fa62cd9e7bfbdc251015b52a5f22,1,1
test:2336,0.75502618,0.18574532,0.05922850,0,negative,0d56ed8ad7a214c1dae81c5b1a4f3b8ad7b7f7469456d0ba450ad7813a9f84a8,1,1
test:2337,0.70957414,0.21848481,0.07194105,0,negative,d51c9677b3316c3b43b214b137e772947ef617569dc1eab7aa29c768f202b8e0,1,0
test:2338,0.14783083,0.72070981,0.13145936,1,neutral,6c8c2ad582cd3c08898cc89e5620e3cdb08d0280ec49d9366a32d3d0b2475baf,0,0
test:2341,0.25966791,0.44165231,0.29867979,1,neutral,5a9f20e30e70b80963958c9450907ecfc67cc4e499c4e8ad74c19dcbc3007d0d,0,0
test:2342,0.22194570,0.38223565,0.39581865,2,positive,4a480a5d28dc1a95b169a925c520908af92d0c3cc8830fc25482b9a9b1c3151f,0,1
test:2346,0.11732897,0.70503670,0.17763433,1,neutral,24d66aead66c583b131bc5a0bbd463b3d41b70af9c24069fa31939f12dd26719,2,1
test:2349,0.05127442,0.24927736,0.69944821,2,positive,516b3091960e21e316bb15fac7a064e3fed2cc664a3585736acf4167a314aef3,1,1
test:2352,0.13123924,0.38827550,0.48048526,2,positive,93995fc8c5c370ae1d3e44a9b82b0b36da587087615ec991c0d0cb6a2d17d21e,0,0
test:2353,0.41271753,0.42493645,0.16234602,1,neutral,aa05dc8b9fb67d2c041057903a659951c34f599a0b8fecc4e312a21108a37f83,0,0
test:2354,0.11947426,0.18503203,0.69549371,2,positive,da90a206ae184827b0c7ca06eddce214e1a46f8e266d72d4e88c07b88047edc7,0,2
test:2355,0.64232037,0.19631404,0.16136559,0,negative,d2c9f2bde604c1fad5450e5b453ee335921ba32fa7674f02c18f6dbbd74eecb1,1,0
test:2358,0.38086264,0.41254035,0.20659701,1,neutral,db21d5f4ec706d6ae15b2693597f269e3d5d0ae809b96b16bce2958396fefcd2,0,2
test:2359,0.39950332,0.30541247,0.29508421,0,negative,a0d7fcba180f7c906759a5c4fbfd0f78ab4ac943cae21bafd2e543cbce9f0d07,1,1
test:2361,0.01186868,0.05618266,0.93194865,2,positive,f49280b8689d490055e762b4333059b09a67df2091ad411d3a52713579c4aea6,1,2
test:2363,0.17132933,0.44579086,0.38287981,1,neutral,b36aefe92eee34546396f855981aa646ccd4194b9fa105efabffa1febff2d79c,2,0
test:2368,0.55746052,0.21242942,0.23011006,0,negative,40057278dfa75d463181814955b2a2ca289b21cf60a7ee0c234e04f4cfeb947c,2,2
test:2371,0.08617116,0.32852588,0.58530296,2,positive,2fe2997ecd2514e8e6d77c4f97cc89c7319250b2fbe7d9b6017637bf5d7686a5,1,2
test:2375,0.19256563,0.12923279,0.67820158,2,positive,c49549653fafdc034be4f810a604ada4f1d048a7d885cf285305ecd1eb7a5957,1,2
test:2377,0.46447827,0.45630488,0.07921685,0,negative,bbb07c45961e4e983baa744a1e9504ed9a20b9161ea4decdb200a36b99a65713,1,1
test:2380,0.28469236,0.61877612,0.09653152,1,neutral,4d1b274d8334c72b883f752459af4f335a0a94145eb9099da1a4d5925583162c,0,0
test:2382,0.32297945,0.47445852,0.20256203,1,neutral,396e5e5924ee2adc07636e36c48931125efde4584484e08878b6266887a160ed,2,2
test:2387,0.10730558,0.54685513,0.34583929,1,neutral,2848f33a4b7afd655ac28eb28fc190075c2577ed4bc6b82d80edc1456696063a,2,1
test:2388,0.01071335,0.04399032,0.94529633,2,positive,3e6db70bb954f12c427c5956eee01d90b915f8a207396ef32c4b40afe6fb1ca2,1,2
test:2394,0.12626943,0.56187198,0.31185860,1,neutral,530d24ca50910b26b04b67158834ba9bfffef304d8601c7e614ad492de92f5a0,2,2
test:2395,0.09105522,0.83302661,0.07591816,1,neutral,6c7a8a6bbd964ee0d13061fe84f634da1dc98365a697f7005797bcc3712b1819,2,1
test:2397,0.06693616,0.31795443,0.61510941,2,positive,43153b4a4543e8d6ced982f67bdc090b01077ce0e3295f7e4d2466329b0e7c50,1,0
test:2398,0.11209208,0.18807328,0.69983464,2,positive,835bdb93b8d636e913e90611e0aef48dd1bd11ce03d1256f69ce332e787167ad,0,0
test:2402,0.11825240,0.83778801,0.04395958,1,neutral,5abf75c261cd2b44c3d62ba5f5b8a90114cfb467f4efcbb144c695309fa87aac,0,1
test:2403,0.13588948,0.83426835,0.02984217,1,neutral,c2c73a8f8dcbfa203d0c6b82519dcce6b39c5cbd16f2799013257b44a73a3b37,0,0
test:2404,0.25422351,0.38958527,0.35619122,1,neutral,6908a2390d5ecff7487e7983a9db469ebce770d134b001daaadac82ec1ee9a04,2,1
test:2406,0.02480539,0.74947267,0.22572195,1,neutral,a5f48fd3659fae48bd96c2d338f72592754ea49a3fefab262f7236466a68ef9d,0,2
test:2407,0.28442923,0.46161913,0.25395164,1,neutral,b3c6afc073b2a1e576afdfe3cd336677c92047f5191cde8310b2238faebbfc98,0,0
test:2408,0.26045197,0.45206239,0.28748564,1,neutral,493fd1387d5803e279205025c5f09daa327a7d06270502a7c137b3b7ac4e273e,2,2
test:2410,0.31220655,0.41373119,0.27406225,1,neutral,7cae8b1b6be9a08c9cd29b78b51dbaf6c75ac5cdf9dd62321714337f7530ddb4,0,2
test:2412,0.13600666,0.71090840,0.15308494,1,neutral,1eec5ace542007585c7a32611a6b9f032ff0d178869326393a09ccd56dcaddc3,0,0
test:2413,0.35350024,0.51685300,0.12964675,1,neutral,b9ab28ae3f58a5de6389be577a7fbbaf9af4dbd582553621e61781ecbdb5239e,0,0
test:2414,0.11992723,0.53780499,0.34226778,1,neutral,5dfb162c81477237698c8059f7a3ffbb4e97f73b2080cd9dc557c94e7b6e5ad7,2,2
test:2415,0.05637576,0.19253708,0.75108715,2,positive,bca9e599bdb187a04ff011f1282ede96720d017c0fb2bd5f56b4e40feecf0694,0,2
test:2417,0.18527730,0.07184141,0.74288129,2,positive,a220db478e3c51ded21b64df018aeb4e04ed2fd2842504db017214a003f20894,0,0
test:2420,0.11751462,0.20249232,0.67999306,2,positive,8c541d858554deed9f75c0fc58aad3391f86b6d5776cf32166401af93470e79a,1,2
test:2424,0.60679680,0.35949797,0.03370523,0,negative,16b9caea37b9baf0e708fdee1ac34610919088e3c39a7d957c54783acee33168,1,0
test:2431,0.65037313,0.30726450,0.04236238,0,negative,8f7c7300fa2fa9dc75a2f92b67c79bc45882195fec447e5861652d871dc18824,1,1
test:2435,0.20503280,0.64933629,0.14563091,1,neutral,476c1a36f692b6bd0acbdf4dde9805acff5c7a292099ac1b6862920ccda4615e,0,0
test:2436,0.17451910,0.21805635,0.60742455,2,positive,326479333a93b5d6dc7e4ddca2924f78a9656321913b3f6c9324a9def24c0bef,0,2
test:2437,0.06040156,0.71975389,0.21984455,1,neutral,64f3a3ecbceebde8da6a9af76140d117d0c38e377d65d487b3d38a7344411d90,2,1
test:2439,0.11575475,0.64609959,0.23814566,1,neutral,5a6209be6ebbbe4d4ea436d360513a1850d48e1958e3e76c575f756863e4a584,0,0
test:2441,0.05294093,0.86549947,0.08155959,1,neutral,49d317ea4751084334aa30a58ff55378c01c1f65160c3103e53488ecaebf78e5,2,2
test:2442,0.13164548,0.69182343,0.17653109,1,neutral,7896bad6ce3d43cc599eff90cec6b5052512bca4ba474b2b07be4f3b3a96f525,2,1
test:2445,0.22182870,0.73412775,0.04404355,1,neutral,e762c9ef18c9229fb0ec3bff454e94ba8a239a4ae6168885fcd43b3b7bc13189,0,1
test:2447,0.25679417,0.48826703,0.25493879,1,neutral,2c1747c51813d634c740a24756faa771c33da42b5ef2c63f806fc49bc65c9fae,2,2
test:2448,0.63379552,0.10920997,0.25699452,0,negative,585fcd20461653b464612f7e8e1a76c153e200798fd3ca8dad85b0de5cc5c670,2,2
test:2449,0.11354618,0.62019204,0.26626178,1,neutral,cef950c4625c70632afd70a221c409002fbc3f2b5069e286ad0e9724aecb9f9e,0,0
test:2452,0.21483459,0.29640475,0.48876066,2,positive,30eb09b4cb2d66777395c7c403195d6629552e01552856b774063d8bc3cc6cc9,0,1
test:2454,0.34822452,0.60329198,0.04848350,1,neutral,b5488f46cea63ad151d36f3c69091263e4c502715e0ed07bb82dd3c7a32acb11,0,0
test:2456,0.08165697,0.72794481,0.19039822,1,neutral,cd016f583c60d4b71e5d9dfb5a96a1eee03bc95dcf2d70af22c4ee7e9e579116,0,0
test:2460,0.07370968,0.59047976,0.33581055,1,neutral,33ea6959a773f83c07207667667ef8d15564d55eacccc094fbf5711a381bfbad,2,2
test:2462,0.08991594,0.87995798,0.03012607,1,neutral,6c029e1d14d2134cd13ca993b7c3f61c242885476467efc3191163f8006b1bcd,0,2
test:2468,0.45890055,0.35004006,0.19105939,0,negative,a0b531c2d7e60e6db90a29e674ad88ea488e854fb7b0aa60fb70ae128600bf0b,1,2
test:2471,0.42337825,0.47890513,0.09771662,1,neutral,2211049ec13a02610dfaaccd3efe34981740899e7a23a9e306c2cbccbe60e007,0,0
test:2477,0.24499571,0.25040499,0.50459930,2,positive,a36aa8cebc3f94bb1c8dfac468c7483d9514213451c217a07dc007680d28d0eb,1,2
test:2479,0.13766692,0.21472571,0.64760736,2,positive,d91c721fc997775458bdefa93f9dd4458ac042ec252a4247d40b538b07350ca3,1,1
test:2482,0.36907158,0.49752986,0.13339856,1,neutral,a4657d999ec5220826b5562cc832827944589fd508377d6c6fc05f70bf0649e5,0,1
test:2484,0.07011464,0.61466667,0.31521868,1,neutral,803de04677cafd12dd599b29e4706ac1f85bef8a48a777df926d7f9a72315b5b,0,1
test:2486,0.14922054,0.54964015,0.30113931,1,neutral,b9b3149ee2847277564d6c5b12de333f65a5eaf4cf3fad348fc8240059bed1de,2,2
test:2487,0.05838889,0.77011305,0.17149806,1,neutral,7fe4c49d8b8235269c64c1c695e80ec2366707fd39decc23f49cd96a0ee7c9dc,2,2
test:2488,0.05256461,0.78925560,0.15817979,1,neutral,5def9befd61e16f33fd070f4239f6109eac326e996fe664dc1404fdf7da88f00,2,1
test:2492,0.29011857,0.63945060,0.07043084,1,neutral,3d2040ece3e90da96a86ed3307a89a6150059b4e36d1d997418b68afd04cd1b2,0,1
test:2493,0.06737101,0.46334580,0.46928319,2,positive,ba2abf9cc33e19ee5ad4b9fc75dbcc9dd37d142f13f61194a5a571c8032c0fb7,1,2
test:2495,0.02156696,0.47560262,0.50283041,2,positive,2a4d06c0ace46475b6575856ed594310cf3ed4ff6ea4229c7511c300ce2ca915,1,2
test:2498,0.18405522,0.76892822,0.04701656,1,neutral,d42de4ca65a85f05ec15054723f34be7f1407d571e0c48c7de19c32c868b8854,0,0
test:2501,0.51511716,0.29503221,0.18985063,0,negative,798e4fcf736b127d0e297a42972aa34bff23f4e36fc133db096494aa9d4150e1,1,0
test:2502,0.19871067,0.72569470,0.07559463,1,neutral,3697e58a0c3f7603f640c8f1a492ae3ffc684330cc7241c4cddd6327b7c78dcc,2,1
test:2503,0.41783923,0.31969151,0.26246925,0,negative,a26307516c112bd39deffd429aa544da05ba30e113379c1934454e5e0b167f05,1,0
test:2504,0.25684576,0.69388659,0.04926765,1,neutral,2f1d79e60662e713859fec29ab7992f28c7f28bf8a5dc7b4cfca9a76fe04890b,0,0
test:2505,0.74406660,0.19068244,0.06525096,0,negative,a72bc87398c54bb4617c6b6ea45de404434f34de4390510b6cec1df371fd01e0,1,0
test:2506,0.30259604,0.60961492,0.08778904,1,neutral,d9babc8d616752cddd481e545ecbe9653b695406f22e02ef895eacd6402cf54e,0,0
test:2507,0.05608267,0.81263062,0.13128671,1,neutral,cd1328a3493e389b75f0df008f2ce68863204da31cbbf46c9755c0949bfe2419,0,0
test:2508,0.28307989,0.64507905,0.07184106,1,neutral,6aa21a3ee2f09144f8ff97dd2d08ca8fdcfa77b167d97d7b571f06c70d23a48d,2,1
test:2509,0.11770917,0.76930131,0.11298952,1,neutral,0151db539bbb01e089e11dec3e09f3f724a90edf661da5e23038df47c5b0f4d1,0,0
test:2513,0.16044315,0.79266055,0.04689629,1,neutral,9d6f6b1fce972281c4bc172b0201c05b0b8bfb616f3a4c37707532b9c2e4db03,0,0
test:2515,0.42971699,0.51550542,0.05477759,1,neutral,db23743c290698c38080b7dee185099555155d8713879c9ebf91d8bd424fac9f,0,1
test:2516,0.23759580,0.32717456,0.43522964,2,positive,e015207bbfa79871ae242ac25f35a678b9f7e84a17be2b99018c1ab1b981ff84,1,2
test:2517,0.17353944,0.56316086,0.26329970,1,neutral,af81a9ea1a5ed7a706d8a59e9d0171ae08def80bf75496c99c4b0bfa8359cb0d,0,0
test:2520,0.21059332,0.54682235,0.24258433,1,neutral,f8e8934056f3b6a9a84ef4d1f70279dd8241d2c829839e05219be6ba823dd236,0,2
test:2523,0.10678123,0.55116416,0.34205460,1,neutral,90869828f2710c87f01776842847b772825370e7670929a4ef589d9aeec43987,2,2
test:2524,0.50989197,0.37401962,0.11608841,0,negative,70dd4e1695e4f851c9f99d260f19485316f059d2d9de01312053a92a04167cd4,1,0
test:2525,0.05037080,0.52487103,0.42475817,1,neutral,07f5de98991e3e65efb6dda28d204fd14d9602bd84dc586c2f2e7a9a8f267065,2,2
test:2527,0.11063896,0.62680206,0.26255898,1,neutral,914234e6c61c1827d49b91c49d193a035beaf887db70b2e5ef38e48d0abff10b,2,2
test:2528,0.24702800,0.46455256,0.28841944,1,neutral,f302166a12adb7faf99715fab41edbb7e47e59744fb09257a44816e0b2530757,2,2
test:2535,0.27940736,0.34918831,0.37140433,2,positive,a317544417d7f6c5ec3591207ad988894e7f535ca415495b5b47a845503a9465,1,2
test:2540,0.16470894,0.35747271,0.47781836,2,positive,67de22c97a8a397cf9e07dbfde5f2b0a500877bc1c642a61ed55007e497e7c24,0,2
test:2542,0.13476866,0.62258533,0.24264601,1,neutral,08a8de12800d9430939fc1641548b0942ba215f4b774f1de8c63819fff51f5b3,2,1
test:2543,0.27925532,0.63057743,0.09016725,1,neutral,ac8a8586d3fdbb80728c350d36de94a1789aca592498185a02a31af2d5ca0e5b,0,0
test:2545,0.07054040,0.67168720,0.25777239,1,neutral,3f4ed2e6eab27e6ad174f039cb08682f49e68da88764b43a55df091765486dde,2,1
test:2548,0.08802106,0.61786752,0.29411142,1,neutral,71f2629904f44564577e872cc5ad7b2c8ead13dd8bb3a7794b86eb6f9fb0acf1,2,2
test:2549,0.32421367,0.56252175,0.11326458,1,neutral,c30819efa0a41c3cf5468daa8591b9589fd48d494c843dd4e84a14ce1d1b5cb9,0,1
test:2550,0.41136840,0.51818168,0.07044993,1,neutral,784e9ad35d2cc05b4e11b9a19d45dcdc26a77f7213fe22c2510a4bb275a228ef,0,1
test:2552,0.03233637,0.81383202,0.15383161,1,neutral,ac779e30445c852a3c4d81447907f98545b744145e1ba191db2ce1c12e511694,2,2
test:2554,0.46228597,0.31893705,0.21877698,0,negative,fb61dbcd14ad2f6d9c5873b1a85d80c71b1c72c58e61b1a3d1ce65861c99a845,2,2
test:2555,0.16690923,0.71593184,0.11715892,1,neutral,aff6c4b785d349b4e8a1424acf5e8f857f5682a5abbbb6c916da4b511a9a5c03,2,2
test:2562,0.11502755,0.72366454,0.16130792,1,neutral,0d4b550500c37ebf204d6ab62d52e4f00047a1a869eed2fd7a30f14eeeeefbaa,0,0
test:2563,0.49753939,0.39658573,0.10587488,0,negative,db18e0d3165fbe9455e8b5625c48eec71eb632241138048e8a8bf5295dd05445,1,1
test:2567,0.09554135,0.74249812,0.16196054,1,neutral,5f4073249212a84c04cd3ec777f6723d196837f067405a7e6366d74bfa242d41,2,1
test:2569,0.62214936,0.34620185,0.03164879,0,negative,6134272d029377d15d848db7ec7ac78380335e08d1d5c34e171a5508264c6ced,1,0
test:2571,0.09946130,0.83535130,0.06518739,1,neutral,b6012dae109dd94081fb0c271bdb714b5e65d666e5e44181f468cdd29d742274,0,1
test:2573,0.08259291,0.39215440,0.52525269,2,positive,46dedd37dd0b310fa3d037e27bb2ba655ccecd09fd18f676f784c890e07b9b73,1,1
test:2574,0.28231872,0.58269912,0.13498216,1,neutral,0daab98a0452838bdd002a484def9b12bf02e72f5a5c3b9a4ac1aee46a95ef99,0,0
test:2575,0.55453015,0.37991232,0.06555753,0,negative,ba38584895096dbe503adaf8e81676cdb0e77ec9291c8902d88f097c1236eaa6,1,0
test:2577,0.02306993,0.68157901,0.29535106,1,neutral,f8ef331c18c33f5b307540e67eee7bc18e182a527fbe12c8c26b606927acae5d,2,1
test:2578,0.19050032,0.55260818,0.25689150,1,neutral,f0df31ae0085cf9ba91f8f92fcb445bb96c53bfccc44390831eef700eb25bcd1,0,0
test:2579,0.17894041,0.69432107,0.12673852,1,neutral,426076e67229f491521183e1212430cd3502721ee037972a97dd1d4ad2ee7b67,0,0
test:2580,0.50877010,0.43289735,0.05833255,0,negative,df3c783d47ad92125fe914e709ca4186e2e6443aefa2608ee08de783fb2cad81,1,0
test:2587,0.02129749,0.08487839,0.89382412,2,positive,349d4ffa4eeb9cd9f99004dcb93b94514d16e687bc09bcc4c09b1c76a294f93b,1,2
test:2590,0.59956060,0.31533113,0.08510828,0,negative,20c5e91e53d7f545acb9f068e9582efe35d2d23671fd32c09d59c6c6d84d01d9,1,0
test:2594,0.03528018,0.93623555,0.02848427,1,neutral,7ab78c13d3fc302bdc25f469c7d56dab3ec1a36dc7e52600dbf53ac0ab45787a,0,0
test:2595,0.21806671,0.06328624,0.71864705,2,positive,05c52287e9308a7416fdee05fbc7c6df071be9d1388955080ef88bcbda5c6fe6,0,0
test:2597,0.32885426,0.60483693,0.06630881,1,neutral,a1660a8138ecca67391935b70e1e28d34db39c4a1aebde1423692cbea72047af,0,2
test:2602,0.05427152,0.54886106,0.39686742,1,neutral,1c9702a17ca1c60907e483aa591d858b9c5afbe699eefba8b76031c19b6ac0d1,2,2
test:2603,0.22261889,0.68166166,0.09571945,1,neutral,49f212bf494c97f433683a6c5e4c8d507d16d7a2db6641530371484113c47c62,0,2
test:2606,0.10700863,0.39880791,0.49418346,2,positive,5a31968a21aec3011e2bcb0efa2a727e53f1e653dee11d875f297884c478def2,1,1
test:2611,0.18323436,0.63038699,0.18637865,1,neutral,5fa23b0493ca27f0bd391340cdc9f93623af18484d687d4d9a559123c2c8ebcf,0,2
test:2612,0.08975257,0.40590883,0.50433860,2,positive,064c4d7f6132c9022f954c13cf349a233335acfac2cee4870f319e3d801d53b1,0,2
test:2616,0.34940425,0.60658908,0.04400667,1,neutral,c45899bda8c7fc72988dd96bee7354e25b10e5df1f0a4696cb39751c8b5f1785,0,2
test:2617,0.15206743,0.30250119,0.54543138,2,positive,0e31795d371148b493cc08e8d78af0664b288efafe3c979ac931db863684b466,1,1
test:2618,0.23991938,0.53806392,0.22201670,1,neutral,5c2ff3cab677aa07cd443c18616944ffe1ac7ea471d505b740e4eaff9314b2d2,0,2
test:2619,0.06120971,0.34727084,0.59151945,2,positive,e972bcd9c4e0c05feb510bf3737459484af823f6b4f803098d5bbd23de91fce5,1,2
test:2623,0.06948286,0.82594752,0.10456962,1,neutral,443e165a1c73a4397bdf39e820474bfc8268d8807c6ec351da02f26cc341f0ac,2,1
test:2624,0.11115950,0.36332515,0.52551535,2,positive,98d154d8850d0c9cca3b8ff039e594dad06ac5c1b7eacdd89c7b7f0348c3f5ea,0,0
test:2626,0.34953600,0.55315518,0.09730882,1,neutral,fd8e709fbdb12c6141e0c0daff10dbd7db2922b921149192ea9f2def4b59bc66,0,0
test:2627,0.28099987,0.70886546,0.01013467,1,neutral,6394dd730f80575729294a1a7a078d7c970a97957c3902715d8e16ecbe3b970d,0,0
test:2629,0.01036831,0.36273394,0.62689775,2,positive,8c74df8d77b3bf80a617ac5f837dec6d3e565f7ccc438e16dda83d71a53ad0c9,1,2
test:2630,0.18833390,0.78828619,0.02337991,1,neutral,9d223045d5aeb6ffb09daee38e7338a561c355f6e6e105996177ce7c3b24a8a7,0,1
test:2631,0.20998257,0.52055722,0.26946020,1,neutral,b6e41ab8708034fdc913c5be91abdd0ec3461d368f827cd07b91b4de291565d9,0,1
test:2632,0.23584142,0.58460025,0.17955833,1,neutral,5fdcbd4bedf7f18b5015dea0048a8205dd8ee6705e8ae0e9f626cec59a1f54dd,0,2
test:2636,0.43023198,0.45075619,0.11901184,1,neutral,07c13820f22164fb87453888c34712a03d474085d3380476b51f0e81291fb0cd,0,0
test:2642,0.76705512,0.16211702,0.07082785,0,negative,8bf95eb73b35daf2dac84f889465835b8b16b79348702603f9cf96fc5f73d892,1,2
test:2647,0.13984297,0.71448721,0.14566982,1,neutral,6d88663f17165767fcacf164eee2d55cddfdcf06a80eba83aadb1cf4b24ee02d,0,0
test:2648,0.44681702,0.36905376,0.18412922,0,negative,056cc1931ca63ddc30ea6dd78140942b6882ac5848929b8935fff77285dd030a,1,2
test:2651,0.40824243,0.43461682,0.15714075,1,neutral,c31cdb7d996086afa9ef28fb4587e9382794e76a00f69820cbb80fe209f81df3,0,0
test:2652,0.04325229,0.77035675,0.18639097,1,neutral,6f4d58afa682b002fbe5368101c27b376e2f720a53b4c5349d55c79a4baa2269,2,1
test:2654,0.06202101,0.86030811,0.07767088,1,neutral,a6c46baac03cf1a7c2b0b2d80a1fb762b12ff88f093be0d89c6ef615a84f354a,0,0
test:2656,0.02323939,0.82596926,0.15079135,1,neutral,622569e150dc95182e35fd82dba200eca9836e0b1d624d6c7194a8da27887da3,2,2
test:2659,0.10454097,0.24389721,0.65156182,2,positive,c5eb883ebe54d1b505b9f397762188a3f08fc15656f4390e88a5853799e2c996,1,1
test:2660,0.13055170,0.41006307,0.45938523,2,positive,92836b48d3037b405fdabb46233d925919ee859d9b1f665dbad746c4cd82b5c3,1,1
test:2663,0.49206482,0.44908761,0.05884757,0,negative,4d8470d92d4b9341b10f5df8e79c9c8116eb38e4e0baf32463f7dbf0bf236dfe,1,2
test:2665,0.29434986,0.62185807,0.08379207,1,neutral,dc346b6daff7b20183d93257740cb8adfb807779fe9076f18ca2a434951f5242,0,0
test:2666,0.14644748,0.60367751,0.24987500,1,neutral,711d997e5b26e95f70e8fee42607573c79bb86a9f335407af7549633b694a284,2,1
test:2668,0.14125331,0.61783586,0.24091083,1,neutral,83d8421fe2224e92374dde5b5a76ea9c1571701b0966aa922eaa3ddaf45c83c4,0,0
test:2669,0.05311280,0.91564256,0.03124463,1,neutral,fe45a7028af5b551fc42e6e4a55538d774208f167e06cb088f8cdd80f1e65320,2,1
test:2676,0.18097538,0.67533791,0.14368671,1,neutral,f3ae7070b0ddd6962f5bd79215fc0e47487a48ccd0e1e1ff47e968798fe8c7ae,0,1
test:2681,0.17148247,0.55168361,0.27683391,1,neutral,3cd4342ee99c30fded850bc6da8e55381422b1973a4d85f69607e0c1c2a74bd4,2,2
test:2684,0.29276973,0.38728713,0.31994315,1,neutral,0a92699448d7929c07b6056dd88491a09e6557fe5b955328d70eee72568e7de0,0,2
test:2685,0.71563667,0.26040768,0.02395565,0,negative,33a59b4d50873b27ed20f0fd1f645f8bb90f3efc85cd58c0e0d9a5c84bfb7252,1,0
test:2687,0.03234636,0.39355015,0.57410349,2,positive,0f0bf46bbb046677a520b1e249d6c085e98adb332c75519b6d1c8a277d7aee41,1,2
test:2688,0.06313322,0.40240907,0.53445772,2,positive,4c19ed878196d39136f6674385ea11447e15d8de76314ad34cd28a20e9094016,1,1
test:2689,0.19040469,0.71903859,0.09055672,1,neutral,44d925f82b00cb0bf28488281d5e016ef3173cee64c4457afd450f9ea0d3eeec,0,1
test:2690,0.13164283,0.60635316,0.26200401,1,neutral,3fbe3133afee99efa2e64826a61a04b285574583886995848b270074e3193824,2,2
test:2695,0.24580482,0.62110084,0.13309434,1,neutral,2146a0e566304930ad57369128641b9cc7b428783b1d8c8bd05fde3e9058bb89,0,2
test:2697,0.05884564,0.26091341,0.68024095,2,positive,6e60885bc110cc9a8e80c0c9da43964fc926eb61cb5e2a32dc688397162e457a,1,2
test:2702,0.15517991,0.79331908,0.05150101,1,neutral,335011d51823cb9523f1f3033d2cecab9a9411dbca0df53b3dbdd3cd6ac0a840,0,0
test:2703,0.09824431,0.33056745,0.57118824,2,positive,faede718f204bed57499e01b356e5c0abdefd53349c34705a75095d4380f7bdf,0,2
test:2706,0.09957833,0.45243398,0.44798769,1,neutral,ab767eb6febc3042313c512778cbb84595d0bbb4541663977fa4e9b8762ccd82,2,2
test:2713,0.07767043,0.38049307,0.54183649,2,positive,8ee4046bccca1e3fc71fdc20ff3a83fc1d26c06e3463b8daf3ba67fc8df81bdd,1,1
test:2717,0.36725010,0.20711994,0.42562996,2,positive,6330961266818f1a15c052d9dc25d5d6a65c74678c7cafa6da790c629beb9f33,0,2
test:2720,0.07571160,0.10683701,0.81745139,2,positive,d8144b8c5813421eb6f1f57b2b917969ec7bda10b08a097a9adf053b806ccd0b,1,2
test:2725,0.26276832,0.43300739,0.30422430,1,neutral,afe3a94ee40f1b2680acf4594f2729167b11135a085c9e1aa25a452c18f50a33,0,2
test:2730,0.19025745,0.37303467,0.43670788,2,positive,22579dd56a00b5c49f2f9e03a5244a5cfb021f82ac741449eb236a898c873c59,1,1
test:2734,0.20851652,0.41339420,0.37808927,1,neutral,e3bf96dfc1eefd42285e86c4f07f5f6c1852f877f3d26df3565466a2e3215c3a,0,0
test:2740,0.41051736,0.37525982,0.21422282,0,negative,510367b7735bf945f4e7cffa5fdba5c16bbc53e1620ec4e375f034cbb344efd6,1,0
test:2741,0.26792632,0.52958966,0.20248402,1,neutral,4d5c99648256110447371e771f9837b3165d570112d432879f5af85e177e236e,2,2
test:2743,0.07853587,0.62552682,0.29593731,1,neutral,c0a9b86f926b2c0fcaa740dbd9d613949951f166789c30f7f8aa394f5af324bb,2,2
test:2744,0.31745217,0.28530699,0.39724084,2,positive,bd44a0eb7505a4448193c982b1f51e0aeb6f8e2a3787e19cf7d26eb44b275255,0,2
test:2745,0.19889871,0.72747712,0.07362417,1,neutral,c3143ba4c5e46deb563cccb93b09eb509067d8155e2b25770aa6277abf525e7a,0,0
test:2746,0.32560107,0.36049205,0.31390687,1,neutral,8d4efb7c4021b4ec9ffed7e3a6e062c0618c0c109903f01d5280fde3d596c56f,0,0
test:2747,0.03936419,0.12750024,0.83313558,2,positive,865d5219a575b4a6b7b31e51a03b129f6782761912b25d497fced148d4a92780,1,2
test:2749,0.11490347,0.49106414,0.39403239,1,neutral,edc2b90b8253a8fae40518ba0861a6e678b86077b7d38ac83f19958c05b9d42b,0,2
test:2753,0.16688702,0.23021228,0.60290070,2,positive,43951271c97abd53d8c3bad2032828f8013990d75444b70f8fe4713c094d7ca8,1,2
test:2754,0.06653484,0.28927905,0.64418611,2,positive,c28335078fe517a18cb008c7cea942e607cac7ab9955777cb870cbfe0021e5eb,1,2
test:2755,0.41517042,0.50289304,0.08193654,1,neutral,c38f4d121c80b36f8883c86bdd35abaa91d18ca691626f74fcb532c8f7a47582,0,0
test:2759,0.23123410,0.68914531,0.07962059,1,neutral,0122063888a741844104651d981985c92f4fbb003f819bfd6fd8bd978ad38701,0,1
test:2760,0.39154881,0.40048700,0.20796419,1,neutral,2099ede982099379487ba0859b230506a2731fb36924db8012656650c6d97c48,0,1
test:2761,0.11545198,0.84782079,0.03672723,1,neutral,567013e0c6dee49fd1ef72f50962083eadebf127e7753f03e42903567915a33a,0,2
test:2762,0.12425966,0.63071952,0.24502081,1,neutral,022e33c55e92eee25069a78e7bebe6ca3cae048f23c6cee4c0693647588f74be,0,0
test:2767,0.02737378,0.87014608,0.10248015,1,neutral,79d545c7789144108d00f58251a2fc461e329c09273b164646e6a4141e017be1,2,2
test:2769,0.43695974,0.42738443,0.13565583,0,negative,a52d748a287fb8861476c82a47507ffc94cac3c3c18766efd3cc91e49ac6fc19,1,2
test:2776,0.41511348,0.55669487,0.02819165,1,neutral,c3117db75ca05a194e4cea04f4d127675a81e155aa04d4573b69ad8957175ce2,0,0
test:2777,0.40470213,0.26023799,0.33505988,0,negative,9a14857c17f53c3ff136060e2c3aca05bff32518ee6d0754e0dd78fdcc4f312a,2,2
test:2781,0.05275251,0.15406207,0.79318542,2,positive,e9121e93bf95f81bd4de764323d98a8ee0be850cb5ada9ca87a27b9b3ae0e84d,1,1
test:2782,0.14525203,0.14901697,0.70573100,2,positive,53d6c3fd2c58269482562754c0062edc7df5514fe3229b37448741d177e18a2c,0,2
test:2784,0.11420897,0.43073060,0.45506044,2,positive,605923b6dac4856660fba2ed10dcbce12ce0748d75f715c9a99c275baa9aa710,1,0
test:2785,0.44408004,0.44727953,0.10864043,1,neutral,bc5efa856a7415d79def8575057ce83869eb809ef7057ba2f991c76b468c0312,0,0
test:2787,0.03620035,0.90870591,0.05509374,1,neutral,929146118c2eaebfe515a10eefdd4da2928aa696226f053fbdbbff32dd15cb46,0,0
test:2789,0.29380877,0.51577292,0.19041831,1,neutral,de9ea50e0b9b8526311c51a6ca84ea1695fcc2ab014794e95db60ca7f1c9d545,0,1
test:2795,0.18061389,0.44281307,0.37657303,1,neutral,23681341337bd8c11946ea58b75d8814dcd1d3c0482dfbb5a219c095e0ad1019,2,1
test:2796,0.46705329,0.47391380,0.05903291,1,neutral,f8d805962186926f7913c66515b59cb7d0db114c886e976ef20d38b16f929e51,0,0
test:2797,0.29209655,0.58909249,0.11881096,1,neutral,1164766ec5915e6327e64d1079aa52305bae1c9e3ddfcbd201df68988b9a0ab2,0,1
test:2803,0.12203295,0.32785097,0.55011608,2,positive,b0e4cf49dd9b08496192ed7d8ecaec0cfe5b256e687fd7856071cd8b9b886044,1,2
test:2804,0.17873386,0.73794793,0.08331821,1,neutral,6ce3226f06a12265832e94cb0d635780fc032e9ae68bb68f951f031ab9be4600,2,2
test:2805,0.17610768,0.43661462,0.38727770,1,neutral,6066743ccca92f51b43f1b3d6350d124c27c5988737cffaad00dc5b281441347,2,2
test:2807,0.14182516,0.26205490,0.59611994,2,positive,c74fc2b0cb125486b3ef80f40085807baa75dfb4c4377c066a3754be184d1866,1,2
test:2808,0.05187173,0.67675249,0.27137579,1,neutral,80f8a99fa0da0bb11aa0a1260d63fadbe548dd6375c7e448b09ff97a1f61f161,2,2
test:2811,0.14512425,0.49807777,0.35679798,1,neutral,bdae394cd43337d6a93f6e6325d2648f1f5646025180d6d9e1f58803fcab7742,2,1
test:2813,0.32994386,0.39749881,0.27255733,1,neutral,32249657281b6091d28c016cef1c6b592a8899c598d88534f023b7ea1887d8d0,0,0
test:2816,0.37756620,0.34993156,0.27250224,0,negative,74b5560e31d213d857cb8f4e7ca4e4bfa166cb2e58a08a9d87e2c21c0d48eba8,2,2
test:2819,0.31509458,0.27792332,0.40698210,2,positive,48d5a96354d658782aa58edc4c136ab6c0f76211d49a4e9c7795a1eb749dad88,1,0
test:2821,0.04970903,0.59835935,0.35193163,1,neutral,0965d06107282722463855e5a30b5988771f82a1f535a8cb9d5f2649f1770c96,2,2
test:2822,0.36974205,0.46216127,0.16809668,1,neutral,49d9f2c448eaca9894587065ad002ce6c5c55cd29205ea44fc0d3df8f57e4740,0,2
test:2824,0.75772189,0.20410415,0.03817396,0,negative,4f8491ead71c4d4b549fd813720297f6375443cd999c8a0264294918750c5a43,1,0
test:2826,0.72303500,0.21399641,0.06296859,0,negative,4c772b140c1939eef09ce5d33208f65605b7de76912eea06204f521d66116c81,1,0
test:2829,0.24661059,0.54951401,0.20387540,1,neutral,5d25cbd3c3169c07a70ef77e6a6eee2892da656a158e5aa0f50c8f5479347867,0,0
test:2836,0.02726410,0.85268884,0.12004706,1,neutral,cb2c4325ca7ca140922b7d97560696d9a707f723e32c5c36ad85b13edbb004fb,0,0
test:2837,0.23569369,0.53263467,0.23167165,1,neutral,de604f1ffb82a5a499a696cc595035cc08692928c478a316d2e137e3afefdfbd,0,1
test:2838,0.22568401,0.52060902,0.25370697,1,neutral,f7e063f4d5350551d2f30dfaee84933178223e6cc0f732da57fca1f77ea83621,0,2
test:2840,0.37852511,0.41156659,0.20990830,1,neutral,a7a80de21e20f2f45b33341c74859c979bb240f669e7cc7fa1fd463c4e540631,0,0
test:2841,0.02699238,0.91888702,0.05412060,1,neutral,7bf0e49c2c2e3b3c32ead3263f64b7e6a9fc5190f7a86c9dab42e29a73f59981,0,1
test:2845,0.74934698,0.24648659,0.00416643,0,negative,72f654bc5d00a45b63ec734906b94ca47d4507e86bc274894081d62798100c79,1,1
test:2846,0.21140101,0.51450561,0.27409339,1,neutral,b815c8dd599ff77598db4f6545f214b4fcc00c2b2756c56ba5542afbbba3aca7,0,2
test:2847,0.25526090,0.16847320,0.57626590,2,positive,f7e84410deee789e21e62c2bb52bdfb1165aef6781c5e848d874b65b86e20eb9,0,0
test:2848,0.04400547,0.46551052,0.49048401,2,positive,8971fabaf4b0a92602921001b041a12c8197a1cd7d6f8b4501776962ddc8e998,1,2
test:2849,0.33396100,0.56317226,0.10286674,1,neutral,633defd0e37bcaa4d43b56da74ecb5b2e1bb8bc83003a7745406aabe13ea94db,0,2
test:2850,0.24469670,0.29371331,0.46159000,2,positive,b14a2bd44654f419034a7e0730f41ef4fa04bfaa9812301d333f3b1729551622,1,0
test:2851,0.05872418,0.38417522,0.55710061,2,positive,05e22b2d883fc94f3dde3e29457f5c4df637388e9721040d5ee342f3b8cfb5c8,1,2
test:2853,0.85354161,0.12714388,0.01931451,0,negative,54fcb26f4eb1b6fb9fd2f8600d859da661e9048dfaa2fb7f07ba5e876ad0abe2,1,0
test:2855,0.26331683,0.35334443,0.38333874,2,positive,c026efd76f2e39147a3cbdd199de9f34a821eb5086466f9c5be78309fc77c51b,1,2
test:2860,0.36006792,0.32283309,0.31709900,0,negative,1c002d308a96709e26f96ad519113c1c56bd9bccc0d58e3666a6c3c1f4f80f5b,1,1
test:2861,0.08627342,0.17103589,0.74269068,2,positive,575aa6c2e6c7fda980fe786cd42c1f6372c3739acb59c590235c518bb6734101,1,2
test:2864,0.10677207,0.37285251,0.52037542,2,positive,5e19f523dd5a0485a73fd2ffc032b6db5e6d7bbae05cba7811d24211018ac9d7,1,2
test:2865,0.26941332,0.68284966,0.04773703,1,neutral,622afdf0848febd54fbffe1c7b33717180136df35588c38caac0611aea541142,0,2
test:2869,0.47859901,0.42986202,0.09153898,0,negative,74f0651f1bccca2284fe519dc61ac032f76c557e7dde850d3d1191ff8247f82e,1,1
test:2873,0.23505066,0.50871840,0.25623094,1,neutral,fe9ed309843a06e5b8df6aedf90cb172a004ac0e282521c0c79333b4af04e618,0,0
test:2876,0.12396330,0.49656149,0.37947522,1,neutral,e5a92b2fda7a44dee13318561591f7f6c69c2e1970b5f22031527d8b9668e702,0,2
test:2879,0.03818346,0.39158087,0.57023567,2,positive,803a74981c6b9c6f04d3ca8ad3d343e76fe5264ec95374e2620b2471df122a8f,1,2
test:2880,0.11519087,0.25759986,0.62720927,2,positive,f451afed66052e10d8aa2c9d163b335700b2bddad3158eed532ed410aaeab87f,1,2
test:2883,0.03590265,0.93194041,0.03215693,1,neutral,6e2b4853aec367fb7cfe6c31caa9d4115eae78a7996f0a388b51bf5dd9cd78d4,0,0
test:2885,0.10468744,0.66692396,0.22838860,1,neutral,962e9d72b3dc7c75a66fa893b7b8d1404e96c7fea3bc4eca474cbda2a16451aa,0,0
test:2887,0.12084076,0.80790907,0.07125016,1,neutral,90b403f7d234dce8d0ac47002c399bb9f151725d17be66cc7b38bcf631c0e43c,0,0
test:2891,0.11667912,0.52394289,0.35937799,1,neutral,3396d7b86208137bb28f7704bcc756d35a7eab2b45417a7c18a85bc73e3720c9,2,1
test:2893,0.12719287,0.37540624,0.49740090,2,positive,091349ac25dcb4cf4a67479d6cabc64f7d18f883b8453ac86ffe4cf4af22c111,1,0
test:2894,0.05280665,0.16008138,0.78711198,2,positive,9ea396046b01f412b69079f0f263eece5c7e7e304927baf71fa156147c092e6c,0,2
test:2897,0.15324821,0.66028274,0.18646905,1,neutral,27fff8a2bbd766a3b6e4241fe8fb5701c7ba580476afa440f04a8a3229f86dcc,2,2
test:2902,0.96858832,0.02301852,0.00839316,0,negative,4a8dc33774f4976cb3f6af96caad8774e166b89a1f45235d8cd7fc71f2fe1988,1,0
test:2906,0.35049195,0.28096137,0.36854668,2,positive,e0641bdef4ebbc63213cdf3ea64dff34c6953eafc37151a082085eadc4282ebe,0,1
test:2911,0.43984061,0.40477629,0.15538310,0,negative,7ef9bb10fb843273193d167e608664a6f581ef69aabfa9b5c0bc16949b34d72b,1,2
test:2913,0.19775439,0.28214338,0.52010224,2,positive,0e3622b084ce760435ee0d8ec2047747f54bd229404cc9cd10a11a51e6ba4033,1,1
test:2919,0.67303708,0.21014671,0.11681620,0,negative,625c8ae15558b9ac936c2f0e4c0f460de7ec846052477aeccc0cd48fc26b2f31,1,1
test:2921,0.37028094,0.61319072,0.01652835,1,neutral,cdd8bac4491cf3a5f9f7001ebfdcd2ab4f671ea6b016097ebc22b41a43e5a7aa,0,0
test:2922,0.19404351,0.37052858,0.43542792,2,positive,51e7ba0a65321f4ea78a67299db47efb0b17d0a38a4b66e3b5e2406a5128e6d9,0,0
test:2923,0.08380729,0.67247056,0.24372215,1,neutral,637c1bcce1426010a4856592af6c80370a0858390fc0f70d99fa51e25d1d7832,2,1
test:2924,0.11803029,0.74178064,0.14018907,1,neutral,ad1cc9bac878553d44eed7bee991d0fa9c3aaaced75ba0c3cfe69f51b4b9f99b,0,2
test:2928,0.11128161,0.37940107,0.50931732,2,positive,a60838b7bc457cb9096ad5f8d3415f9b54864c7a144acd81dd2d33230b4c3e5a,1,1
test:2932,0.33661349,0.55717248,0.10621403,1,neutral,010c39b78efb61a4185c7c30f67afd5e700937f8c9c3858d3dd0738592e4a938,0,0
test:2934,0.58114934,0.32633236,0.09251830,0,negative,b6d4a4e1295cd8fc1f813349bbd61c1b371a9ea152f4fa3155acdf2c7af88f0f,1,1
test:2937,0.04587921,0.64855002,0.30557077,1,neutral,fdc09ab062bca6f572d8394bbe44e1ed2bf06dfb5ae0ce7714400ffafd060291,2,1
test:2938,0.18118912,0.66050248,0.15830840,1,neutral,18a66a0e52e05ed112717909c15531ef1660fdf49b3079dc5887107fe02b6c11,0,0
test:2939,0.03905015,0.10041914,0.86053071,2,positive,196b840a333975719fc38364395f5af6792fd716c315100aecd3ba7ee602784d,1,2
test:2942,0.15244261,0.56791531,0.27964209,1,neutral,c4cd69c6e45d374170140d7a7ffa5c2196903de92cf803d7838eafb971c3c737,0,2
test:2945,0.62450125,0.07312553,0.30237322,0,negative,7f2c19225f0fdbdbf89d86d1024d6f40847baab06e38379a2c09f1de2dfc26c9,2,1
test:2947,0.07417927,0.63093296,0.29488777,1,neutral,2ccad61f7d65be84645c6d469380030d1575d0afd2a60613b658a68a467a9ed0,0,2
test:2949,0.16454141,0.55298467,0.28247392,1,neutral,4641cae2bff62c8c647c06746ce7523f4d9d52e4800aab215f16c48782838af5,0,2
test:2951,0.27230924,0.54919692,0.17849384,1,neutral,e2aac95b260dd36f94d9d4939f95e1417ea8a73e315b8755e5e4bf002eaf36fa,0,0
test:2954,0.19019305,0.34167679,0.46813015,2,positive,683b42c35e7d14cf2a9d30945796eeb27ffcfea88cff008543d4eb0966868057,1,2
test:2957,0.05216478,0.87973962,0.06809560,1,neutral,fd3e7f2c7f67f68761da2540c61f0838fdb834a8889b751a2084f5de84edd96d,0,1
test:2958,0.81857877,0.10895126,0.07246997,0,negative,3fcac86631a3a1da6c2344ce71291f5768f460433a95d5dbff1beda8363261df,1,0
test:2961,0.11774555,0.73756312,0.14469133,1,neutral,e999d3057ea7258d5b1eb89b5e43a8403f1d62b8fe4036f8d756f1c940aff760,0,0
test:2962,0.07003685,0.64485159,0.28511156,1,neutral,9a0542b0232d6fcf57520bca97775ca966fa5022eee71917cd81f00df1322b17,2,1
test:2963,0.45805739,0.47024063,0.07170198,1,neutral,25f99aed4ad714fce249aae6a36c07e0b7ec2dafebfb4ba903ed6d8e4ac37eaa,0,0
test:2964,0.25050896,0.19655660,0.55293444,2,positive,a9d5fe840179a4805fbd1b88a913fa1c2b5263b69548368d6e66c45b73683676,1,2
test:2966,0.50447212,0.32330104,0.17222684,0,negative,4df3dc77906b2336015387fc89a5af61351a3cc871fd42556f7608a6fc2c729d,1,0
test:2969,0.17124816,0.30666895,0.52208288,2,positive,6b33aa68fe3535038f34e1e3661e9468b741fdf202176bf3c0aaf3331f79ca87,0,2
test:2970,0.03573888,0.87318177,0.09107935,1,neutral,61b1a1094034c13f76bf556b8cb10c70b13730ee36046e974d3e6b878fd9d617,2,2
test:2971,0.77625932,0.21267264,0.01106804,0,negative,d1a431faa6e0da37dadddd08d19d6be32a3129af3792a8a5f0fbd60d609a68ad,1,0
test:2979,0.04572679,0.49192749,0.46234571,1,neutral,e6ab25e6249935927b65a8d5ce408ed95fe3c6d4a6027c26f2ad45e03e5eee76,2,1
test:2980,0.34788039,0.49714664,0.15497297,1,neutral,f38e31b4ca6e48e5660116093fe40171bb8c8dd1bc25509b72781b37aa48f4f9,0,2
test:2984,0.41173723,0.46079101,0.12747176,1,neutral,2b66225557e2846dd90e5fcd42c25eff03ff8af70295c6254dfa015d2086a81a,0,2
test:2987,0.07357607,0.75024780,0.17617613,1,neutral,e2679069a3c2599596c3b3dbebe130fb8d168243e5c92d583c31c6cace3c27ad,0,2
test:2988,0.26638505,0.70734971,0.02626523,1,neutral,f1b66899a99a4fecfa1cc2405b0cd1bf1725ec6aa9ab628e425a5589a7d1dc8d,0,0
test:2997,0.09972813,0.73663213,0.16363974,1,neutral,e1d6caa3149412ea585b6a1ccdd7053c9841c58b4d18f3401595833b8f436ff2,2,1
test:3000,0.26197472,0.41299232,0.32503296,1,neutral,23ec1fea3c9792a3da84bf77aaaa9c628d6854dd10eb737e78b541cb1cb4521e,2,2
test:3002,0.48965383,0.31822566,0.19212051,0,negative,967d152f7065acc6f1e48707ab6231064d161fa89613b3d4d7a1e67bb53a9a73,2,0
test:3006,0.24839336,0.35266166,0.39894498,2,positive,ad5e07f6bbef208ffbe4e45485ee8fb7c3956e16368a7f3c7309e8a34cb160c1,1,2
test:3008,0.65185058,0.12180547,0.22634395,0,negative,4cb9db9734776ea9075cdb3188627bb7e0049e6b0867a73021208990b540d10a,1,1
test:3009,0.14249664,0.41108241,0.44642095,2,positive,31853f12fef740be9f905ccbe1e05f0136adac2b91d4b408d61983e5347e0e78,1,0
test:3010,0.02864442,0.03995743,0.93139815,2,positive,b233cd263fe89a523bf230a76b475f11456151cf8079b6fade3f219598dbcfb0,0,0
test:3013,0.51792399,0.32274516,0.15933085,0,negative,03b1110e83719de5b0dcf208f1186e6f5cd7a5bffa001f2bfb6deba705d82925,1,0
test:3015,0.12790614,0.22021047,0.65188339,2,positive,e1b8ab78200178292f700c4c110b53bc11a01839b4f07a82c8b8883765e10787,1,2
test:3019,0.67893430,0.19726518,0.12380052,0,negative,31af0baa489d945358cb65872082abd0d0f70b8ac4d0292ea4de782219ed3647,1,0
test:3022,0.42854441,0.41848435,0.15297125,0,negative,01611616b8e9434e5527487caaea18ebff6a5f9286d7aa44477380e5042e3687,1,1
test:3024,0.09672076,0.63487901,0.26840023,1,neutral,45c9e780d51a131078ffac6990d3dca5dee43e4218b740a40beab4944f1c79ac,2,1
test:3025,0.08015268,0.64339332,0.27645400,1,neutral,2a03c22b135f5b9cdda9e5c572f372dcedccdaa03f5c9701b3ce5def15dec465,2,1
test:3029,0.32908121,0.63268994,0.03822885,1,neutral,fd88e10e529b122bf33a8077f63b42f65647e98af514df6e565c07915ce7dee0,0,2
test:3031,0.24652394,0.68827766,0.06519840,1,neutral,cf057095be809b7f7f8a08e3b03ac34f97efa82ed3617b96d5914dfdef18aa73,0,0
test:3036,0.27620965,0.48345487,0.24033548,1,neutral,d1a9cc22a1811fa85f4c875120767a0021e5427999da751ff9e69f4df41fd17a,2,0
test:3038,0.10468814,0.31676598,0.57854588,2,positive,f7d6346c77ebfc3477da7a50d2ebe2a78d8ee81143b693b79c0d2b15608cc9e1,1,2
test:3039,0.18539666,0.61686547,0.19773787,1,neutral,54e92e44250e6d91fffb1d422ebc8a7af2009225f8c5f54205eaafd5fddf18d1,2,2
test:3048,0.08485063,0.67750796,0.23764141,1,neutral,3eed91363a037f6e24a854203bbaf214493797bb5f2ca0335bbccf92a5911ba5,0,1
test:3049,0.28381010,0.34249039,0.37369952,2,positive,531547e5d1092759b74f5efb89f9b28970921a1964f13d36a74d49b9919274e7,0,1
test:3050,0.26630320,0.46484827,0.26884853,1,neutral,76fe48962160b78dfa2e03c191a53f86ea3053c79e40c3bf620719babbfca5de,0,0
test:3053,0.29855006,0.17696359,0.52448635,2,positive,67d1ef10be7860c754eebe0b4451509b0a4d1bed987c160ce0ae5d352e4d9da7,1,1
test:3055,0.16891125,0.63665230,0.19443644,1,neutral,43b642c6c3f6adc3767edc21c965f8cb02c17c43a1ee98256516174986134c26,0,1
test:3058,0.42851721,0.45490852,0.11657426,1,neutral,b66889bb79271cdd5a52cfeab3d137a338ef0e45b5ed4560ba4a384340c969d9,0,2
test:3059,0.44694838,0.54221705,0.01083457,1,neutral,97dc25d8d14977805ccbbaa3adcda4407da1f834b55705f8e5df0a0ee26916b6,0,0
test:3061,0.03480576,0.92347819,0.04171605,1,neutral,2a4f061348afbf0543fc934ad95e28f78ad0b06949e1e07831492e7d4004a380,0,1
test:3063,0.34071785,0.41389254,0.24538961,1,neutral,ef263016eff0f593fcf2a0de62078d1f2bd40bd4b337cd5ee79f23b0bfe6a3f7,0,2
test:3064,0.08064016,0.62206823,0.29729161,1,neutral,2df247fea6be3a3660f48676df78ac5fdedd5bcb547ac05473e72fb8cf95f3fc,0,2
test:3065,0.05116394,0.43028225,0.51855381,2,positive,5324d276d03bd9f6f23cef0c1ae309fd0837fa99dab8bd8e263a62ddc0611b32,0,1
test:3068,0.39214605,0.34413221,0.26372174,0,negative,1559d0d74b60e4b92178b6e3737841e4f91404434f938fd814658105b6ceb592,1,2
test:3070,0.20354249,0.37222162,0.42423589,2,positive,d9a94fcf219d7b139be252c753566e3804befbe5dde26771491982a6dc70c8d5,1,1
test:3074,0.32241367,0.36799580,0.30959053,1,neutral,0964ced6b485b8800acb48698519d01c2ed16f03bf0134b7fbfa0ff67683fbc8,2,2
test:3075,0.43733924,0.09045676,0.47220399,2,positive,dc20a270b34576720d7a379032b0834c455d67346318d737ec35cf7609aa0145,1,2
test:3076,0.29076492,0.41750503,0.29173004,1,neutral,f2b5a956151ff53d5dfbe13b5dabfef37085045ecc9ea62a5a9cf21ffebad4e6,0,2
test:3079,0.25509643,0.17676772,0.56813585,2,positive,87eea94d0e9840c69f3ae2dacefdbcda55395670503f59a3e1cdb5c9fcbde8d7,0,0
test:3082,0.29691353,0.33256203,0.37052445,2,positive,e5271f403886e8fe8f19d967124c4e58f2c9b71c6dab56897113ece3a34082f7,0,1
test:3084,0.34442533,0.57957802,0.07599665,1,neutral,78c289fe843d764697d0460629a95d0245ada3f545cb45a6095ef5f612839634,0,0
test:3086,0.09667267,0.72323819,0.18008914,1,neutral,541c9e8d2c725b1e4b8660416910dff02c806ac5f32a3831ecc9a2761f555459,0,1
test:3089,0.05742891,0.54767861,0.39489248,1,neutral,bf672b1e8f8529a6fd57d4f23f32c0d9ec1cbeeea94d932c779642dbc5b9e5c3,2,1
test:3092,0.12158706,0.79477157,0.08364137,1,neutral,ee04aaa7147d8676edd49663c2df222fde421ad3d299ebee9f5012c65600b6d1,0,0
test:3095,0.19853838,0.51959984,0.28186178,1,neutral,4415aca176ec80552b7daabbf5d5df5f908cae2708f9783a1c5b1ce12ebc5f62,0,1
test:3099,0.18199676,0.41143990,0.40656334,1,neutral,2440f1c9f5347f0e95250929377254f120bebfdfee754f9d01f2d6707a4ca5f9,2,2
test:3100,0.09023529,0.59338427,0.31638044,1,neutral,a19fe81b265b9ca1bb9573112b888b5d83a835e0012d13b47806e3f9ca7563f9,0,2
test:3105,0.31248064,0.42132761,0.26619175,1,neutral,2bcfd437671efacd78c96b6907565e007c186132bb3c467591c068560ef5f4cd,2,2
test:3108,0.32445678,0.47161794,0.20392528,1,neutral,dec191db7abc362c9721c8487871139b11e7bd9913c7ceb4c5da254827103553,0,2
test:3109,0.08060461,0.68997655,0.22941884,1,neutral,dd06230c8a06593347961567df203a33a423fe248a44a1ca90a3d48b215f6095,2,2
test:3110,0.13604548,0.68457734,0.17937718,1,neutral,e516824d44f20a74598a11dabb26445e1855e6c18afca30b17f502a55eaf8775,0,2
test:3111,0.19661089,0.37672206,0.42666705,2,positive,ed8216cf178cec842483c5ba8ae824c716035ea205f0ab9720609d49b52f3c4b,1,1
test:3124,0.72299503,0.19806285,0.07894212,0,negative,0f4dfa2239e86501f796e0751ae6351f1aa308a61a9cae721a41476d0bcf261c,1,1
test:3130,0.06211044,0.80336434,0.13452522,1,neutral,7b66c3a18c68f517f75f435e63309a83078ac0da1f417472ec26202a03b87f71,0,2
test:3134,0.10727921,0.76728095,0.12543984,1,neutral,f24d2df8a8edddf71ed2c9280e0bc1b17b04c2bec7ade256459245f31271e145,2,1
test:3141,0.31278658,0.34295960,0.34425383,2,positive,472f0e833a8e1bcb596e2bffb1520d54243e0bfa2f2c1c19190e6d4f0632fac3,0,0
test:3142,0.37870580,0.40038074,0.22091346,1,neutral,c4180ac3b725fa873b3148a6f010618025818c28590df7ac7dba6de8eca7867f,2,1
test:3143,0.19813850,0.25660193,0.54525956,2,positive,7538af7590888519001ad723647d3507897274864f1d9ebcad649ecdaec5859f,1,2
test:3145,0.22539926,0.44484981,0.32975094,1,neutral,887739380d31e0d4cd04640c915f2e11aa09224ff7ffbeee7da97d04a21505f3,2,1
test:3153,0.27052380,0.56076834,0.16870786,1,neutral,ec9a1879219dd7179e5ee783aea2f6aef8d9388d4587e8d8b16751d6061372a3,0,0
test:3155,0.01430385,0.00431788,0.98137828,2,positive,1768772b9f29e4efce7680de68570863e7b2acc9003ca2e360e53967af693cf9,1,2
test:3156,0.04958710,0.82610043,0.12431247,1,neutral,2d609b038c1023ec4895d98e6a26b3e859e7c05e8897d7250a7c8b81d0f6df2f,2,1
test:3158,0.03124476,0.09335214,0.87540310,2,positive,672ff6001229010bf7bdf877994c7253fec883a4dfed491f9b006fb358d40346,1,2
test:3160,0.80538450,0.12243502,0.07218049,0,negative,ad7bfd8e5085c83f3963040bef2981b5591f6a904557e9a0c84aea751a2a32a8,1,1
test:3164,0.07830910,0.31312569,0.60856521,2,positive,485d05eca7823bf33721a96b36439ff8afbe695f3cd91d1c032c4d3e40ce965d,1,2
test:3166,0.24526642,0.56756022,0.18717336,1,neutral,aa5a9f00350d94a0f0f19039373075c0ebad0281354abcac55ebd1a145c3e763,0,0
test:3169,0.46036204,0.47181982,0.06781814,1,neutral,631610ba68f63e095bfffe282960c37ac1f2471425ff33c6e14757443c788d17,0,0
test:3170,0.25463125,0.55534739,0.19002136,1,neutral,2aed1cf0a95c3f93df68fd2b28473d367ec548337cf554b27cca0ca4c23a0d30,0,0
test:3173,0.04157704,0.51634550,0.44207746,1,neutral,59d1a4232a5b1650be506d3a01c0f3c26fedfe8e45a7b741befd929ee57e6670,2,2
test:3175,0.16647599,0.08573567,0.74778834,2,positive,e7eb59dda96baf2b2f65239221de2a8da003b4aad0777d99d657db8b614ee10e,0,2
test:3180,0.40537628,0.47045854,0.12416518,1,neutral,d75cd0ec98ce955165219f8c775ea4b404baafac8ebc62d65b0d9f4d3d3d5666,0,0
test:3184,0.10262824,0.06690642,0.83046534,2,positive,482c61c8f964cade5d99fb801afc9b93a35b2437f70ed916a1c00d302b81016f,0,2
test:3185,0.26068925,0.39405929,0.34525146,1,neutral,e82cdb0a9c7e6cb1159f7d571d4ebdc1c3be8d11ae44d8970056c4ae3a048a0c,2,2
test:3187,0.38835338,0.54389045,0.06775617,1,neutral,0d78e111a89e1a330946db78dcf5eae19daec7c09868e3f237df09d6e5027c77,0,0
test:3189,0.11618646,0.43119723,0.45261630,2,positive,77cf1fce5215c9adde7e832583d5d0f4745fb69279783fe9989ae7e47836f22b,1,2
test:3190,0.02332607,0.63943044,0.33724348,1,neutral,64a581dbd66aa8457d3fae05335885c459412fd8f07462b366b9bd9a5f7544e7,2,2
test:3191,0.39036921,0.42392069,0.18571010,1,neutral,6da80222619749772e0a5f4712b30007371e1263ea6e0893acc21937bee13801,0,0
test:3194,0.33167393,0.62766310,0.04066297,1,neutral,90ce8fdc6953e8fe4275ae4cafb02c6c2b772eb8f8cab2326c3897b986024a05,0,0
test:3195,0.30049021,0.41200803,0.28750177,1,neutral,2631fbd3ca1cf89eafe94b385bc68ef33fd46fe5b90d6f8025fc4b2c77defe60,2,1
test:3198,0.18887513,0.33046147,0.48066340,2,positive,9427082640ffaaa6826ff174d73f5c296a6433ad41be4a41c6a9c72c0280d82c,1,1
test:3204,0.11384178,0.33061135,0.55554687,2,positive,822d89bd7e13d52f28c5f32211f4c5cffa1b475c6cdc615c2bf8d22c939b2d54,1,2
test:3205,0.26098040,0.45476708,0.28425251,1,neutral,bb04d9f2ac44c161a51cf444d07f3c493eb995cd2b946192f150e455d2f0b968,0,2
test:3206,0.04606590,0.35483206,0.59910204,2,positive,d1ed77234e9ea9f93f02f1c23dc9e5ec4da48ec9d975383f2df2e4e2546bb63c,1,1
test:3208,0.12253481,0.76656497,0.11090023,1,neutral,c51dbc3c4d8880cafd18392fe9b209c9564c7383144872bcb3f4df9fef1d79d9,0,1
test:3210,0.15567604,0.54669384,0.29763012,1,neutral,e1d96566b535710f816fb6a16b5f69b20943f3172e27778efd70224311a59e66,2,2
test:3213,0.11540929,0.85788302,0.02670769,1,neutral,7721e32054887816643f60876a76948ab8dc48ff7970a14e36523fbe658b5f16,0,0
test:3217,0.24481596,0.40346129,0.35172275,1,neutral,72bc6a24e6d2f2b6a6fe38743f5e3198a066317ba74baafd862a211c5625f827,0,1
test:3219,0.32414624,0.48934639,0.18650737,1,neutral,b78418f3af0fcd99a59fbe0a611adbac23460121ed371bc8bc2b8b429018bdd8,0,0
test:3221,0.04625822,0.38305409,0.57068769,2,positive,6574d8b3fd009e03a21d4e3a0b34da41401481907e81291b2a3e15e7b1e9290d,1,2
test:3224,0.09057235,0.44505384,0.46437382,2,positive,5675a5547cc4a80de6e930329211c4d9e3456774760053b4c81a498cef406356,0,2
test:3225,0.26297180,0.65745581,0.07957239,1,neutral,7fc91e95bead83cad323bdcc9eae5c6dd2773f9fd5cae32aefd6e56521c80a18,0,1
test:3226,0.19041453,0.48247054,0.32711492,1,neutral,5b9b590cbf9b54a344341e971ccdfc7cf1385c5a806bef58088720c94ee4e71b,2,2
test:3234,0.55444407,0.40035374,0.04520219,0,negative,424d7daf8f74b268a12b0b2f5f442a7349505ed026febea6318fce8621a422ac,1,0
test:3237,0.09368545,0.31467184,0.59164271,2,positive,5858ba23e4bb38cc4d7a328a8e06bd730117d5b8f7d3eb236dae414095f1267e,1,1
test:3238,0.22580402,0.55176583,0.22243015,1,neutral,11f0957da9ee1042c04f68910af92d9eabcb1fb7e20f0ddaa8938c09ab79dfd3,0,0
test:3240,0.11259586,0.75458873,0.13281541,1,neutral,4eebe455db87b596352301fb76583028fab9d5bbbddfa211040b0907c5a58052,0,2
test:3241,0.08727980,0.20454129,0.70817891,2,positive,5642c9b60a5fe9123207b52c19e421e17d502be9ad7e578fdad04bb20b5b182a,1,2
test:3243,0.37887368,0.36000802,0.26111830,0,negative,ca12a93ae60ca1d3fe7e832b17235a2798c3696e273ef21f665dd9b605909be7,2,1
test:3247,0.19337513,0.55030239,0.25632249,1,neutral,203d10fb2f64fd6fec1e7f345ac26a3b17363ab51cddad7b9de8e5b303d1f2c5,2,2
test:3248,0.05476754,0.13128059,0.81395187,2,positive,658235647129217c59c4d905a42a8cefaf03daa7c790138100471e5530ffefca,1,2
test:3251,0.30022808,0.54630526,0.15346666,1,neutral,753eebe5b68b3aae7611745c9b3fc4b5096b9b8333e19498bc1eb83c8d575035,0,0
test:3252,0.25419521,0.71871925,0.02708555,1,neutral,f9f3afa44304d9a2c0f1a8fdc545c8bba5e415a1402f30e6d6a2c1184e2f10c6,0,1
test:3254,0.56033500,0.24441033,0.19525467,0,negative,fb49fd117284dd4544fc9b6e6353e12563a24bf15407c868a6be4b89127a15ce,2,1
test:3258,0.37104307,0.39068821,0.23826872,1,neutral,63bea2d956828190b35d36eb4845bbc3091e77d8e0685efac2715f1637c678ff,0,0
test:3262,0.54188582,0.31787204,0.14024213,0,negative,2ea3188131487198f596d0f59f4abcccb0511f38fc5012a3a31ccb2ac77f51d1,1,2
test:3267,0.27846251,0.26544591,0.45609158,2,positive,40c60818dd5058a78a98703e1f277c9ada5d4423ef3708350f62e3f7b8205fb0,1,0
test:3268,0.01365777,0.06081279,0.92552944,2,positive,4e628ede547b1b1d5267e216946872d9b2e517208a6fd32ea3ea1787c0781ece,1,2
test:3272,0.06965271,0.70173758,0.22860971,1,neutral,5fd3cffa9d1a2b1ac93691d7defad9f9a99562d8524b468f14d301580c884fae,2,0
test:3274,0.12403021,0.57899418,0.29697561,1,neutral,2eb521bda81d5196856fa63d28d50eb61883b13acaee13c462c2a836e512473d,0,1
test:3275,0.57727421,0.31464484,0.10808095,0,negative,150f94c98bec1e39a99b17248ff17cf7747d09ca14a8f3fb3e6e854c86dfa3b9,1,0
test:3276,0.38314464,0.43940423,0.17745113,1,neutral,81f47113d4a29b43b397ce1ab94ab4601f3930505f0ec44326c0fa3a790e90cb,0,0
test:3278,0.05101515,0.38419348,0.56479137,2,positive,15f8aa9a0c278f294fdaffd97e91d8d17e0aad70d0372806c8f041ef06f70d9d,1,2
test:3280,0.09379987,0.54831848,0.35788164,1,neutral,0a08d5c8192db328f6f3c1a4c2e6266c94558f6580926c414834bb23494b21cc,0,0
test:3286,0.07713627,0.75520790,0.16765583,1,neutral,234ac7ad85e4905064bca195b8cec2b41167d234413a34f9710c877ef1e20221,2,1
test:3296,0.09990825,0.13974123,0.76035053,2,positive,3e0b538d48ba2fb4b5bf03e137c69ab5c75a64d19dead085dfea34fde21377e8,1,2
test:3298,0.11485945,0.80880861,0.07633194,1,neutral,4d1f8d2ece1f035344161eac4071df5a38aa2615cea1b1fd06ebe32b0e54a31f,0,0
test:3301,0.48851440,0.42733017,0.08415543,0,negative,b685eb1637a868c2c6eacca09651352c0125b51ebb9b3d8986a3a56a2ab30aa2,1,0
test:3303,0.23511220,0.56978530,0.19510250,1,neutral,7ae1cfd32592a116360c4cc746bef6d1538e1db3ace43cb2b8e18282e21e7bea,0,2
test:3304,0.39879486,0.39365471,0.20755044,0,negative,3e978880ec1dbc0ff23bfb39865c0a61d60526b4f968b4447393ad7e68169804,1,0
test:3306,0.30352188,0.60812744,0.08835068,1,neutral,a2bfd7145a2b9e581112ccac7d7747654beb9e27211f1282eacc95d441ce299d,0,0
test:3309,0.35240117,0.54630279,0.10129603,1,neutral,ab2f9be269463b288dc092459e9b6c627ab590ddc7c345c0552e42a701754044,0,2
test:3310,0.04688012,0.69473218,0.25838770,1,neutral,6be757b034b7f692c944d0ca4e3a453a8daf07da657484cd64ba03dce7fcb06b,0,0
test:3313,0.27172078,0.66775447,0.06052475,1,neutral,59ac9c7c80149a014229928e8b3cb9fc55798309fa107372b771904d53d1d805,0,1
test:3315,0.59540085,0.32983734,0.07476181,0,negative,70ee08bcc25f01fd6ea1edb97d59c74a9f2e7203c2ff30f62903bb51fc098237,1,1
test:3318,0.22070003,0.17248537,0.60681460,2,positive,ab5bfa87ff17acdfd718c2bcfaa4a833c994e6d552836d34f5e90836e5b368b2,0,0
test:3323,0.12719287,0.37540624,0.49740090,2,positive,a0d8d19ac0a11b0cb6617f67bcca8956d161e78f67d94fc85b74992880e51d57,1,0
test:3324,0.03222534,0.74513854,0.22263612,1,neutral,7dea4e5e1d957925780d79d169bb3c08d879c4e3cd82adbd91abf323d05992bc,2,1
test:3328,0.58708850,0.11382963,0.29908187,0,negative,f092671b81cd99fc6b821ad5b4aa690a4eeb5c8bb83988dfcdcc4fead92620ee,1,0
test:3329,0.24035540,0.45063261,0.30901199,1,neutral,ae285b25aeb53c935942e219fb1433f49bc7b2cae633bb6027f3f7ddaaaa6c23,0,0
test:3330,0.23780057,0.34952996,0.41266946,2,positive,9c8f5908ef0da944da30443e87d1311ba4a336e839004746b09a686a03cb954f,0,0
test:3331,0.22599755,0.60171906,0.17228339,1,neutral,f12156a7f9e6fc05d5810a1916229015fd8cb6d22faa3a9697cd3e1d863b008e,2,1
test:3332,0.08114723,0.25682372,0.66202905,2,positive,8ec557d283ed5436d815a7e0c226ecb38fcbd981461600d758d1c3ee222f0e32,1,2
test:3333,0.22257745,0.41012636,0.36729619,1,neutral,91122f15be571234c135eacbe593e96f6a282a911f5cbe9ca790c2f08f0c1fc2,0,1
test:3336,0.71511952,0.15443740,0.13044308,0,negative,e3a47b8b45ca75c0e420eef0eaeabaf4afee8809a8741e4e3b11ad11e501891e,2,2
test:3337,0.45226430,0.46433619,0.08339951,1,neutral,90a0b6c39522557436027ed44bf2dc495576f93cefe2a33ed522e587761ab5a3,0,2
test:3338,0.30287435,0.37501405,0.32211160,1,neutral,eef1827a927246e0575c47c801c6497df541b81f2a297c4dbf3429b0c34b051b,0,0
test:3339,0.25744010,0.33690880,0.40565110,2,positive,7a84688c6ac707fd02dd800d15eb16bd0674c598c2bfa1284381cd4123167ce2,1,2
test:3340,0.14322795,0.78267657,0.07409549,1,neutral,27ff85f1f72f2fbe4e1e2d519913fa0b1b201dbed7d6dc051f28e6269135e4ce,0,2
test:3345,0.02213474,0.55432829,0.42353697,1,neutral,0d159e452a706b10ff68a7b0a10553a78efeb5e5c68ce3d5ffcd088682674926,0,2
test:3347,0.42344685,0.46334487,0.11320827,1,neutral,46818ee1a78cff404def6e3d7ba18cd8775257475828fcba4516f51a20141ef9,0,2
test:3350,0.57331595,0.40400580,0.02267825,0,negative,78b81a7c835d6b7a41f2dfe93bfe05c2e871177fa98846dc381eae396353a621,1,1
test:3351,0.15703345,0.76171253,0.08125402,1,neutral,8e4d9f1b7b71161d2539d223b12ed0c8dbfe910d28f4f90c9c07bf147fb9b7e6,0,0
test:3353,0.06228058,0.35454363,0.58317579,2,positive,0de8ac7555b40423688178a4694262485cbb505d4460fd6689bd6422ba9b4698,1,2
test:3358,0.19389780,0.71349885,0.09260335,1,neutral,10d205baf9456f285dd3c980616a6a75ef683c81fcce9c5fceaf56f29e8c0c6f,0,1
test:3359,0.53234432,0.34718712,0.12046856,0,negative,00af036c135cd3cd5d14e75c440d9d402f3c79fec2cd58d9845a017d4bf2ced4,2,2
test:3362,0.18120855,0.64402056,0.17477089,1,neutral,1d3c990d38464c09d1c8c22ae72c452b24e42db4a5847e51bd78a96414d1ac48,0,2
test:3364,0.14196495,0.44266705,0.41536800,1,neutral,4ba36f10774253f350b2404679af7cd05ee01f9840fd7543acd4ae91993f57e5,2,2
test:3366,0.06465964,0.37878737,0.55655299,2,positive,1fd7d8249903542fae6fd700b0b99bad0e36f4bc6d4d92938e723dad17d05b5b,0,2
test:3374,0.22049418,0.03300895,0.74649686,2,positive,9119ee4e08f38664cfdc582cd4fb6bb00441e45494f2564ae7f80944d8708907,0,2
test:3384,0.12957703,0.16965436,0.70076861,2,positive,3fcf6da0abadf4410f9ce0bc1cfaddfbe6a2d526fd736bb46ddbb38753205709,1,2
test:3385,0.13152113,0.41088988,0.45758899,2,positive,e221522f148d7d8411efeabd3467b3903318f287db7cc843196a2d16910977f3,1,1
test:3387,0.22249839,0.73259298,0.04490862,1,neutral,da9a0026c8a7eac3cc0fec96e2a027e6449fe611be64033b588d3340a801bf39,0,0
test:3388,0.18514217,0.67499844,0.13985939,1,neutral,22cf5b3d59f764cdc48bc9ff5a24eb6d30deb26431080d63eb988612a54906ae,0,0
test:3389,0.44596605,0.52206537,0.03196858,1,neutral,8d959dfac9273021cdaa7a241d723e58528a68d9ec8613e58c6d88f039419357,0,0
test:3394,0.52761240,0.34824728,0.12414031,0,negative,38b225c63e83cd5016bb8a8cf28a174330dfc55a641223fc23be503166845054,1,1
test:3399,0.18203093,0.58318787,0.23478120,1,neutral,1f0a5ff9740c01806e54b4f37c3e1ca5c1a9005f569a4a9bdc4b4e3a4df0cb55,2,1
test:3400,0.13082561,0.72530377,0.14387062,1,neutral,f4dc840d09044b1aa50be0ca673f5610b6731bc8da64db33f7424a30bf853927,0,2
test:3402,0.16632524,0.66184716,0.17182760,1,neutral,a2ab44a193e77c2531c5208713dadf76397d10c76ff91663efde2f8391cdbb1f,0,2
test:3404,0.42218636,0.47459794,0.10321571,1,neutral,35cb45f49319fba0b2ae6dd20943358541999acaa97618ada17c87407825b78a,2,1
test:3407,0.20973767,0.59833562,0.19192671,1,neutral,7a3286055330ebd570762495bdba6815639846d29d5f33aef65b1be76f322c0c,2,2
test:3408,0.05845632,0.41505893,0.52648475,2,positive,dfc0d250da06e112a3d52c2e4d8bafc60f5076dfd03bcfd18a7f8126edc1dda1,1,1
test:3412,0.27381123,0.52046249,0.20572628,1,neutral,20051af31731d2cbbd861281b874aed6fcc3dfb3d23d706a202b6307c0c38083,0,0
test:3414,0.15970473,0.35812471,0.48217056,2,positive,378d7ac8ed1e3e8c1b92669746459b9612e9aa84983cdce4e31b0dea3ec7382c,1,1
test:3417,0.02321793,0.28309287,0.69368919,2,positive,7346c6be5da5edc0f5ada5e4b79623fa8afb163612a57194c2448bfec978d522,0,1
test:3419,0.19972946,0.50101017,0.29926037,1,neutral,72afb8e49c36af86334d0dc2724ed9ec8e7f688ae0ebb135b81d6b95d027fc80,0,2
test:3420,0.76328364,0.06973611,0.16698025,0,negative,2b29e3f5d3d1fa59d61acb853b369ee09d58bfb893905d5c6b59194d784c6857,1,0
test:3421,0.46169395,0.34664191,0.19166414,0,negative,acb49495dec9c637b8bd22cea7ea963aec9a77a4b0fd025dc4a30fb527e5a8f0,2,0
test:3426,0.24506102,0.48245997,0.27247901,1,neutral,18375ffbbf707667fc5349c5ffc0105fdbe4f339d1ed14607771a31369488e95,0,2
test:3430,0.30458026,0.65027413,0.04514561,1,neutral,91facc833b87d160f839342b17a9c4f80eb9fe2dcb644c2726f998e29cf44415,0,0
test:3434,0.43882512,0.36848146,0.19269342,0,negative,1de475b82a467a2db3f0e9f96679bbb149c97764e9ffa5e86a600d334d04d2b9,1,2
test:3439,0.15182753,0.68435435,0.16381812,1,neutral,41d1bf17eb0ffc1c68669deb36113c9838d9c13486a71347d831596aad9d6098,0,1
test:3440,0.27794319,0.54417172,0.17788509,1,neutral,ae7b0235879d22ca4baccc6bbd399c7d7316a18adae6ab1519a2d40245d74513,0,1
test:3441,0.69897326,0.29330932,0.00771742,0,negative,1ebe84c41687097c4de6c6911aac3af94968e3fffb331e134bf81493014949d8,1,0
test:3442,0.47741046,0.32942352,0.19316602,0,negative,d2c38c5128c05bf7a5f8788c4e6a910c605fbdd0a7016b237fada1914d2151bd,2,2
test:3443,0.04818639,0.72615989,0.22565372,1,neutral,083a2f335a5b16d4b9165d8749aa56d3fd38d95b462e2b7626a9c00473244ebe,2,2
test:3446,0.50871526,0.42250418,0.06878056,0,negative,cc00d3d69249558076c5d111f0151be7fd210d3e09e497b05e86ee7de723958d,1,1
test:3448,0.05740887,0.26966771,0.67292343,2,positive,1405eba8288097b96fcd92a5f4561ba88ca68fa4e4fb06268c453b1e440df3d4,1,2
test:3449,0.08453780,0.81259886,0.10286334,1,neutral,23c86c49235b11d3667b99ae3f0acf452466d7e36105b67729ab00b1baba7a38,0,1
test:3454,0.47700409,0.32036981,0.20262611,0,negative,460f7bd59178f9f9ae1a7d401fb40dcacd6cc683bd749fbc6644c13393026c8e,1,1
test:3456,0.18984608,0.50077976,0.30937415,1,neutral,4103c67977e4c6803e5f0399416df0601cf6e0521d08f51245a03683afe35f40,0,2
test:3458,0.14725833,0.34919384,0.50354783,2,positive,015636eef3cdacada086bd4d376d0aaf5a749e90e40453e644cecaf702dd8f3f,1,2
test:3460,0.01486748,0.69310804,0.29202449,1,neutral,00cb07bd76d6d489aa8f886b9e42a8fc5679a421d2a42df08506de292eeaa49c,2,2
test:3466,0.22103010,0.69757096,0.08139894,1,neutral,d33af386be5b45a22d974ef07adf3f661e64ec13c4afb0ee74c98f50a0168088,0,0
test:3467,0.41494067,0.54492997,0.04012936,1,neutral,6d22f30bb1791fdf2c7e0e9de9dd9c0b0b00da663857dcde7c75e5de75893bd7,0,2
test:3470,0.52719942,0.38920597,0.08359461,0,negative,63c2977bd2b2d4329cb33b5b35e9545008d326c35dc8485d6274b84d399e653e,2,1
test:3471,0.07383044,0.69571747,0.23045209,1,neutral,abe2c02510c191dbefca1486a4716e8db9a7370930b64a347e052c2feb3a9c42,0,1
test:3472,0.06728532,0.27733372,0.65538096,2,positive,36a6c16e4dafed07440f209b9c1887501f1b8ab89084ff1a1f2e02ec13d2fe7e,0,2
test:3473,0.45098790,0.44490729,0.10410481,0,negative,9bbea6420d055a4a59d1d9b49d62733d6668ab48e378fe2e1d0565eebdc0f02f,1,2
test:3474,0.08323123,0.81171083,0.10505794,1,neutral,24e385107ea2683c73a3cead6c653d44759c7fec2da6c85846e15a3a6abf4d3c,2,1
test:3479,0.43778695,0.51290186,0.04931119,1,neutral,4847df621b7702c2b6c5466969261c527e212cbee215d81676600e3c2e89900f,0,0
test:3480,0.05941757,0.60995168,0.33063075,1,neutral,8a2503b13ee30a8c537ddd63f243f34aa2d09405862a2ce0f7cb6d057e8ae90e,0,2
test:3482,0.47562872,0.32073230,0.20363898,0,negative,2639426a733b7d4710c716fdee0ba3afe1969681bfc9364df76de48995636518,1,0
test:3483,0.24302272,0.28289779,0.47407950,2,positive,8f75629ee4bc29f75fccc7d053201c86f4879221ae933f96b5664b2942ab5d7d,1,2
test:3484,0.11024747,0.53276240,0.35699013,1,neutral,91224a7cafd12f089a0eb1ce431506b3e4622e26afb795f5cf400a2f7c446e39,0,0
test:3487,0.30288212,0.43590302,0.26121486,1,neutral,417d66fa2c4be575fd00533f1f5a124b1e13182d31ef2f7d8d880cc611040e66,0,0
test:3490,0.26051884,0.29835478,0.44112638,2,positive,0ca6618650641a597a0ef371a3f3cd6b4b43d322ce3cea0d2da820bab3f80638,1,1
test:3492,0.24984362,0.71433232,0.03582406,1,neutral,804b26479cef3bc305136b0dab08d130668b97f09d72199b5fd15fe46b5a740f,0,1
test:3496,0.11539055,0.35083689,0.53377256,2,positive,97fb1e0a4383857ab9ed3f6aefa45f2f47c5860bf02973cbc7b321fc97b914aa,1,2
test:3498,0.41673667,0.50016443,0.08309890,1,neutral,03b357999d1dc8fd6d2de76c6e8c332aca0408cce56bcbcb62a1c50aa66e41c8,0,1
test:3499,0.04452069,0.60026481,0.35521450,1,neutral,b18070573b1f9c8b1cda1b942275735c35ca0f5788b648ec88d0693aed777433,2,1
test:3501,0.07668128,0.30484975,0.61846896,2,positive,a36defe8d4ffe4c043d654e25b231acd3ac7210611ad91c9e2b6bc8b70967b37,1,2
test:3507,0.14519763,0.22552938,0.62927299,2,positive,4e4ab5d01481f7293ed19d4469fc2ed60cfebb366006b5fbc99dad6638020a36,1,2
test:3517,0.37575582,0.55974007,0.06450410,1,neutral,c5eb33ad0787622746c5e8517c5f46a85fb32e5848f7937ff5b39278580e1695,0,0
test:3521,0.47107217,0.49101967,0.03790816,1,neutral,6c7c8bb3b16ddb29f86cd2c4f5939bebb661bf3d00225143db36581942157d11,0,1
test:3524,0.63251788,0.29388619,0.07359593,0,negative,5837781302a0977092644f1069abff9f86bafde116812688f4f716c9ca53f4ff,1,0
test:3526,0.18431644,0.69100247,0.12468109,1,neutral,f3ec19ae20e4a046e1a69d6023672e615a6e78b18e88991f9ef253363d7fc3d9,0,1
test:3528,0.07326262,0.56951016,0.35722721,1,neutral,18a8653c79b472fd1ee428a04b557a3b2faa900f72f6aaf74f2e05d0b2bec1f5,2,0
test:3532,0.22796242,0.36683361,0.40520397,2,positive,339f70b99ed9da06c21f0510dc1d335656efefb7a79be68962c24874037ff190,0,0
test:3533,0.12175206,0.52297388,0.35527406,1,neutral,36a818f6a970dff12097c693469f97f0909ec1beb365cd3dd3d0dc8d95bb2a51,0,0
test:3535,0.36226794,0.27536620,0.36236586,2,positive,97f0706cb6da6fcc00a8eb1fb4e7e8081da9df2556eae5a19c17e87be821111d,0,0
test:3536,0.33229942,0.52351200,0.14418858,1,neutral,3d32e41a29c9efa3cc51a0c38530f9252933e58bd70c238bbdd329005e276166,0,2
test:3538,0.04854880,0.72704317,0.22440803,1,neutral,fa182e7886b13529cd3a27f2b1e9cd23e92d0e917621b18fa7ea2bc077bf7186,0,0
test:3539,0.12018974,0.57420456,0.30560569,1,neutral,2feb06fd7f7a22deb6a05f87126b3bc35133d4b9a2900d7feb6614edfedc71f3,2,2
test:3541,0.18652375,0.67774376,0.13573249,1,neutral,daf33706642cdea32f6ee6b1697778c751f7769c14d1333f5ee93f7b70c681cf,2,2
test:3543,0.04457855,0.24784677,0.70757469,2,positive,2a5f25506ebf61e2d857b6bef81c3671df52214a64ed68c46a218b3cc839914b,0,0
test:3544,0.56800324,0.37997886,0.05201790,0,negative,2b01e60d657149513f2296364dfc7402d518e0fd368777ee85dc16885ee8a069,1,0
test:3545,0.04324424,0.09354427,0.86321148,2,positive,90fff4461917c8f7490c4868926c7b7202f5667be845d33a29b487fac3643686,1,2
test:3547,0.27365458,0.64039371,0.08595172,1,neutral,ca1b7d7404dd35a85faf021a92018ccd13a38c4397354c4ece18977529e7b41a,0,2
test:3555,0.05431498,0.75503805,0.19064697,1,neutral,88fac80b9035f8d1b83f60145e0c9680cfa84307f648ea5bb7d5858a934ee112,2,1
test:3562,0.34722369,0.59498749,0.05778882,1,neutral,33f91f93cf96129d5ca5fcc8a42aeef30de4ebba731d3c8732ea48051770d6ca,0,0
test:3564,0.08255193,0.57906913,0.33837893,1,neutral,fd4a0e6363e6c898bb468fb5a82145223aad59678d1b578cf72d04936fd28db6,2,2
test:3565,0.65529174,0.25111506,0.09359320,0,negative,dcf630bd84a6e055fb647e83592b474b21cddff333cd737c957177bc59ccf6eb,1,1
test:3569,0.05365315,0.71553754,0.23080931,1,neutral,5e23ae5e2fce4a99a3dcfcaaac829164609ff1d13847e151b1f460041cfa8811,2,1
test:3571,0.58812214,0.38292882,0.02894904,0,negative,37cbcd6dd2326ee9306063f00412935cf5286a70ac8cbfd0dd3e569160ad1447,1,0
test:3576,0.37138001,0.30090229,0.32771770,0,negative,6bfb919e99565fa4670778fe24ddd6f9815ca49f96d9d897751eee827263032c,1,2
test:3578,0.18801033,0.28969545,0.52229423,2,positive,0ced07848224efdd6bbe216f6f8d75e0ae7ed371e26d414c93396d6714b1c52b,0,2
test:3581,0.46618442,0.42984114,0.10397444,0,negative,a2c5c9c2ff8e320ac0cdb2c551bafcee608f982af04181a7750bf4025c948300,1,1
test:3583,0.30703972,0.56574061,0.12721967,1,neutral,a90ccf98ca976bcb4bd1ee8dd27febd72c667501b13453bc4f504d5cfe11e6f0,0,0
test:3584,0.87918746,0.07867594,0.04213660,0,negative,363eae8f501f700bd58e064b7df49764286b7abfa4c910c08f15d57610537723,1,0
test:3585,0.07821350,0.43349686,0.48828964,2,positive,ba5d39f54468eb56ba94943d22656c194f0cd368cf7bc0906f8e4b9a68744a2c,1,1
test:3586,0.09052382,0.86184000,0.04763618,1,neutral,6fd8cd1d48fa70661d63d66925121cf69d85eb2b117b22a235a2271eb435516c,0,0
test:3587,0.20091829,0.35192337,0.44715833,2,positive,3653ae55d037bbda7ff1627afb5b1bc82a073d9a6d32ed53e00772c01253cbd3,1,2
test:3592,0.35352033,0.49033319,0.15614648,1,neutral,096db76686a21833aa3b5a3a9cdbcd8b71d3621d457a4d6a60c921195800b93d,0,0
test:3593,0.16947615,0.54649983,0.28402402,1,neutral,ccc5439041695cac5e28efa64374030e79fb0308081aebef73f95a8b5ada7a75,2,1
test:3598,0.16365498,0.61819789,0.21814713,1,neutral,c0fa767c12f15ed218f365c80d740bc1d389f24e281240eea8913b2e488ff878,0,0
test:3599,0.30421123,0.55361754,0.14217123,1,neutral,eb57348369f20062dd99e0ff050b8f5907613dbe51c844291ea0f907206c80a3,0,0
test:3602,0.04782845,0.75920994,0.19296161,1,neutral,099ef140755c51925bd89b19b790ee90e9c660c5df7311c38c39c868cd9c0c81,0,0
test:3603,0.56944398,0.33339880,0.09715721,0,negative,95f13ed45ff3aedab64978d3ff6f7900ca2d6ad519579fd38f5d7ed9e69d188b,1,0
test:3605,0.08214217,0.53911350,0.37874433,1,neutral,559fafaa2cd421ba0de7f83ad0781deb5149e5d4f6c938312752c93ffea5ab60,2,1
test:3611,0.03524545,0.39632817,0.56842638,2,positive,a18bc3673107be4f5590eacfd0b7b2781469d90014da2f994e9a26537bf30022,1,2
test:3613,0.77030312,0.20825047,0.02144640,0,negative,20d05f6bf206b9564131ec48215ed19e333c17450ec727cfa7740689da687a67,1,2
test:3618,0.67409757,0.23496197,0.09094046,0,negative,f68f67923302c5139db3fdcda513746e8e13bbcf8ca7da6b8e20bd969b84eb99,1,2
test:3623,0.59427040,0.34432610,0.06140351,0,negative,cacad9a951065b078156616c98657c17cb7c89065ab1a359e277647963967b50,1,2
test:3625,0.34825439,0.25337425,0.39837136,2,positive,1b542f3894192e2222dcddde39e5666d555da692a87ca1e2d3a420dd9a9b5d35,1,2
test:3629,0.36060360,0.58968689,0.04970951,1,neutral,1ce4b36ba1be36d27b14e2970b5b9dfbed8adc7009a2764317fdf3da22778a85,0,0
test:3631,0.05393887,0.52661890,0.41944223,1,neutral,3373546224195952af7d15f374a73a750f2a4dbb9bacb95a0b19c7bd483e8769,2,2
test:3632,0.15280838,0.68669374,0.16049788,1,neutral,ed1b435b36eaddfcd77696a0b8a23b6ccc94b8075007641f2dbd68fbb05c83d5,0,0
test:3636,0.26868565,0.67700722,0.05430713,1,neutral,3ccc7616889232db3cc7a00e9b630e40d92af0657faa6f4fd86f3bbf722e8c11,0,1
test:3638,0.09542033,0.37493220,0.52964747,2,positive,efcd3b0525201852e443edf23a2a5dae60e2edac7f116dd04fe4345f2564840b,0,2
test:3639,0.36400500,0.31146694,0.32452806,0,negative,7640336688ddfc763d733d06a26e44ca5389b320cbd3eb1069b4f2d4e1ba0519,1,0
test:3641,0.08248872,0.81841188,0.09909940,1,neutral,d3077d9461df1a02a6e9bfc4af82d4034a8d6cf92a7671983cac422ae76a24e3,0,0
test:3643,0.34471931,0.28824603,0.36703466,2,positive,7777c3385093c853268aefb2e431d38affe310384b74169c1159b789b88a8c3a,1,2
test:3646,0.36024074,0.60768464,0.03207463,1,neutral,7e4112d14264dfaf7ef588d954260835756b3e9d16e695389a6cde22469853fd,0,0
test:3647,0.09012092,0.72360613,0.18627296,1,neutral,d4015c64cecb8601bf0b422987c97b9be0d445f5d5d91c4047e087ec2c6a303d,0,2
test:3649,0.13044598,0.44720045,0.42235358,1,neutral,44e3b28d15eff30e2ab8e4dd9c111c0984af9f89696be7c112e0eea49b60e310,2,2
test:3650,0.59467288,0.37529474,0.03003238,0,negative,b498a7bbf11ba69d52494d244258a5bb96aa093019b5191bb107d73322272c0c,1,0
test:3651,0.19257091,0.66952359,0.13790550,1,neutral,171b742723d8fba1f631949ef0601b137820258afc005b5314e3cdfeb507403a,0,0
test:3652,0.65744157,0.29107505,0.05148339,0,negative,9cd71c49876a625d685ad2222e2b90a41b47b49ea70afb93b454b18674704874,1,0
test:3657,0.19036257,0.75561377,0.05402366,1,neutral,07e0fb476cb38f0750a8e588aa56049f414339a304d3dee245ab234a51e27074,0,2
test:3664,0.05129992,0.20801150,0.74068857,2,positive,1870c2e84b2638f98a9d2017ba9b370b6cc7f0b110eb6367098069f39cb0ea8e,1,1
test:3665,0.10952729,0.40093289,0.48953982,2,positive,fea155debe7f99a80397c7355609c7f1c52eb4b645ecab527931c04392d618ad,1,1
test:3666,0.45389462,0.40481991,0.14128548,0,negative,7af5dee28f3e471f317c9b971e16583cf8fe0f06a4b3e85c90feeb76d684e5b3,1,0
test:3669,0.23931689,0.59849176,0.16219134,1,neutral,e55b01d6a3ffd80bee2c523435b7749542df4eabc82dba19d0371a9223c6564c,0,1
test:3671,0.38623186,0.48711914,0.12664899,1,neutral,687016471bc014f51930e8e7b6db06a659013e97f88bdc9bcf0e90a3f580d22a,0,2
test:3677,0.07361444,0.88694618,0.03943938,1,neutral,190c1db23d1a44518de7c84283b4b2f465f80be8e9a8e90e98fdf95085b85579,0,2
test:3678,0.19020534,0.38400222,0.42579244,2,positive,c44c1a3fe1dfcfa3d4552facc12c53d1cdd4977183729de313c17f5370e5186b,1,2
test:3680,0.12133645,0.72920038,0.14946317,1,neutral,ae1c476dc75d57460bfa9086bcb74f933ae356fc999997f325e30791dc0fa719,0,2
test:3683,0.07743312,0.21260257,0.70996430,2,positive,f21d1d867aa845ff762690523ac5df5cd450288873cc0a07f20ede0ef3fb0734,1,1
test:3684,0.78561127,0.17734795,0.03704078,0,negative,22a8ae3495bcca1ed7a9f9eb7532a3429f6c7269043a4b66f38bb1281d5d17bc,1,1
test:3688,0.50531084,0.43305089,0.06163826,0,negative,517be0e2c9cf7955f3b4812dc31f14b1d013d726827413cd5b459ef412da500a,1,1
test:3691,0.05700286,0.17784479,0.76515235,2,positive,d85e7862f3ae02c6852af409f2d8d0d5fa6e7c387568b09c9e47ad5f47f16f30,1,1
test:3693,0.77540878,0.19469018,0.02990104,0,negative,37a7b058f41ac683a595e16ae6baad4a1b70cb035693e61be6ade27c2c90b7ed,1,1
test:3695,0.10335956,0.86683469,0.02980574,1,neutral,8e4d7937de3111347f7ffedda303863a6d747807714abaf4d04dd0f2908057ca,0,1
test:3696,0.26532578,0.68080091,0.05387332,1,neutral,9d45a4fee70f95b3730cdd94f83f5a1b068277e81518c7a6537a95abd4ffc715,0,2
test:3697,0.17796996,0.58311405,0.23891599,1,neutral,a1ca5f605f68a4542fd656cc463953ba74c62ea6df28c15c5a662cc5315a2820,0,1
test:3700,0.26180164,0.40784297,0.33035539,1,neutral,5656d819a61be53defb4b5c6a459267200c1bd71e72adb71d0315838fdebf980,0,0
test:3701,0.12377612,0.72608652,0.15013736,1,neutral,19045db742727f34d1390488663981362b181c5a1d1a150cade91e66565750dd,0,2
test:3702,0.23849182,0.58684409,0.17466409,1,neutral,c43a679fe4f7e453524565a1fedd07ee8a1c53a8845973d09f320328b2dde3ba,2,1
test:3704,0.11913211,0.50904429,0.37182360,1,neutral,cc36b3c60208b94097f4363514147b6a8284e75e0896e3321267db3d43d4c975,2,1
test:3706,0.04500705,0.27420138,0.68079156,2,positive,26bae5550f53a50f2c35a2a21f16f364dfed64442eefce0ced82060ad869d817,0,2
test:3709,0.67741595,0.26303926,0.05954479,0,negative,f6c4eba0af4e7246690a941eeed910f8cc8cd170683e929151e999a8335c8a19,1,1
test:3710,0.14537986,0.72690285,0.12771729,1,neutral,4a15abd2ca483494546887bdf7945920498578e252ae793f3765a21601a00615,0,2
test:3717,0.30393675,0.39499307,0.30107018,1,neutral,e6f92a5555032b3fc3d5cb34629190ccb34d8df2b2b4083e1a9d8b494a5344a8,0,0
test:3721,0.13826882,0.71368815,0.14804303,1,neutral,9976e23362911e81515a6b54be3b40a024221f6ed116339ede585be0af49f3c5,0,1
test:3723,0.11664441,0.04070337,0.84265223,2,positive,2f029e718d084becff34a496cc92e4d6e828baa41e7e6810da1b8ce375f7937a,1,2
test:3726,0.09293288,0.30619807,0.60086905,2,positive,96bc5e242d48a1d71ce399c752edb4964a06089425a40ddafc6b9b8b45787fba,1,2
test:3729,0.98191127,0.00855537,0.00953336,0,negative,112000e6a12565129536b048d9f4923e0b96917509927d761b68eb746033c992,1,2
test:3731,0.24517191,0.27772907,0.47709902,2,positive,5162bef2f58257f8a5a366f6a0d6097c59e51733d58a3782652be1f5d5b3dfd2,0,0
test:3735,0.01324520,0.14442772,0.84232708,2,positive,acc30c12c561223df851a11de877bbb35878656f5d93ac9532ce0439cabe951a,0,1
test:3736,0.09525221,0.38744684,0.51730095,2,positive,d481d65fb40ac7958c1e85cf7735497fa7af2267daf940eec2f3cae852ffed76,1,1
test:3739,0.34996171,0.24478594,0.40525235,2,positive,de1ffa4d1b74b8bf161d34991fbc921c62fd142c4c57278a02b2a9a0392b7ca0,1,1
test:3741,0.18443414,0.22851912,0.58704674,2,positive,974e45afce0640d0de1fda29b908e23f1c6c8d93d2fca3530ada9c0477fddb88,1,2
test:3742,0.14746753,0.67125649,0.18127597,1,neutral,a5a2dbe0ad903216d0222bc1b03896a4cc7dc922e7db6718c4ae40cadd070fb0,2,1
test:3744,0.46387752,0.11571949,0.42040299,0,negative,5166cca5ad6a7f7c731a5e274f2b692164d006e42ad8959773f44c70f551efef,2,2
test:3746,0.18575576,0.31029609,0.50394815,2,positive,c8540180d03ee50cb7dc7d0390c06d4cb69fe9c117d866a8404f53fb05dec918,0,2
test:3751,0.75114036,0.20324772,0.04561191,0,negative,5efce6df8acb4bf15904e8243016778828b31a136c1fe0ecc632ee5808c4a278,1,0
test:3752,0.43066892,0.32681723,0.24251385,0,negative,9e31bd72ece40dceabcdeed2e4d91c635d899a2817cbad0d4b0af389f6fe726f,1,0
test:3753,0.32749456,0.42497992,0.24752552,1,neutral,0aa2a8466d58c23f7847ee9abc5c8454b0093d62ff9a44ce00b645af04333a66,0,2
test:3755,0.36587093,0.40143373,0.23269534,1,neutral,cf8f477d2ea970b2d50eeed8db534dc21767ced5972b046fdbe4ccd644dfb564,0,0
test:3758,0.43721834,0.44649900,0.11628267,1,neutral,398aef72eb43d9d888781ed59975a1b24db2790e1a7867ede9ffcf33f34f6dfa,0,0
test:3759,0.50151792,0.17809611,0.32038597,0,negative,0fef3e4a4eebc1b51279731d32fa1ca4f4960ea6281d6995ecb33be97b027564,1,2
test:3760,0.28244845,0.11289286,0.60465869,2,positive,ef856ae97c876a1a1a1382122361c668eca0b8610f8cab79c2d80bcff878d5de,1,2
test:3761,0.09664792,0.28117018,0.62218189,2,positive,7f19759db54de6f10c8b0e691d5c5ad7eb69409be1f6169254e440482cfab118,1,2
test:3765,0.19044398,0.22394902,0.58560700,2,positive,34d4f0ca488a10adf4c7178c15898e19e70946650ec32ee1c4c23f103e80aca0,1,0
test:3766,0.27679151,0.66973506,0.05347343,1,neutral,949884a284962d71efc7371a9b024c11793760c94b8a9d61831cea0cee3d3092,0,0
test:3768,0.27495813,0.37071277,0.35432909,1,neutral,bf61e1aeee795650f7b713afa57ab30d3a45a05bb070f91938d8548016947cf6,0,2
test:3769,0.53967998,0.16370670,0.29661331,0,negative,9b85109a67af13baac69cc2f1afeb09c093cb06aeb1c1836ed5497e45f9e9f87,1,2
test:3770,0.16270211,0.62811123,0.20918666,1,neutral,cde1a2069c578e0cac5deae761b24e3b9fb2304122a7ac438b3ae25770166ec0,0,2
test:3771,0.28502957,0.61774537,0.09722506,1,neutral,1a4a0c0a463240c9bd47ee0e95f4e33d0a93f2a8122c840891ffd3293a755334,0,0
test:3773,0.57496702,0.29821376,0.12681922,0,negative,fdf06f6b28a962a706f3a580a3062147ae6abd4e512edc7f38fc38c99edd0f09,1,0
test:3778,0.14155418,0.45421284,0.40423299,1,neutral,074e575858cbe3ce6014e4eb7cf054ab9ecdd211081fcb7b01ca1b964d1f47ff,2,1
test:3782,0.06117412,0.67000224,0.26882364,1,neutral,2e17d149a615bbd735b413588420a91c3a5d7c02484dc496930dcbd929ff8a23,0,0
test:3783,0.09658120,0.35701331,0.54640550,2,positive,34686ca1ce5e3237d87e1fc8669c886a0ab7155a2b19f1b0d7bb5f866b443ed1,1,2
test:3788,0.01730500,0.04860579,0.93408921,2,positive,172f1b1fd513f8a808e67a0730fb78f747e9d6b34972a976b4ab006501c48cf3,1,1
test:3789,0.38102807,0.56391664,0.05505528,1,neutral,bcb500d810ab5f75c05bd3520bc337faf8f9256ebdbb242a45552e2618efbfdf,0,1
test:3790,0.09295991,0.42724798,0.47979211,2,positive,6f45c71b8d0a9af7fecbbdf6a76e7a996c4a82fa2872b8ba3779a23e6e275be9,1,1
test:3794,0.06831275,0.45620531,0.47548194,2,positive,b17772a1b9ff90fe823818258784eaf92bdd5bef18808c3a5d58729f4c42bfc2,0,1
test:3795,0.09325038,0.58877185,0.31797777,1,neutral,9bc2af77745b6f7f0b5cf3cf443514952a1ca8f33c528d9bc897bca142c85c95,2,2
test:3796,0.22794702,0.59240718,0.17964580,1,neutral,c29426d983501c6279538923be612a16d5e8c9ba607992ec517edb9f1feff486,0,0
test:3798,0.24646831,0.66343601,0.09009569,1,neutral,bf051ca05712736649b96d732032a80d95443a33cd560c16076b95a52c8d2fe0,0,0
test:3801,0.12843679,0.75652460,0.11503861,1,neutral,1db98d7070051e79bcf9b6d8f57b4e48dddfe8cc55531415f1eb5d4de5f58c0f,0,2
test:3802,0.03657682,0.78981154,0.17361165,1,neutral,2c9d1edf47519f6517cf75fe3853db2b08e25abd37f021fbfea799f43abebba8,2,1
test:3803,0.35496209,0.62221986,0.02281805,1,neutral,ab990924af79ebb0a385afa2bb2b8e0c67aa699f8552f8c123d4adbb55945b98,0,1
test:3809,0.10636091,0.60994894,0.28369015,1,neutral,07513440f80bc6c92531b6457a4dd039e1660818515ce878857bd53248433c41,0,0
test:3810,0.21600654,0.35529582,0.42869764,2,positive,d46d037610c0a30d808ebafa87695a4a386bc087470c19acdce821b16a38f345,0,0
test:3813,0.04268906,0.68442675,0.27288419,1,neutral,8dc286fb1dfa8217276f2a7a807fb98bddc89c872a909aae9964a917098bf165,2,1
test:3814,0.40624203,0.55191445,0.04184352,1,neutral,e68563c94ef0ef0d75c37c8ba03ad4244f383e079b9b56e19aa2bc0b6ba3e05f,0,0
test:3818,0.05729454,0.29106304,0.65164242,2,positive,9d5871aacf9459fc29383b8bd6bd731023368b5d645efc3a63b6af579db15680,1,1
test:3819,0.37859029,0.46675953,0.15465017,1,neutral,cb5408f6368c0780a4f1bbd7a3542dcb54a1312d84ff9d37cb1887e962f77d18,0,0
test:3820,0.45272059,0.47521368,0.07206573,1,neutral,f557490b91a11e4ba5ad040614f55a7c7ef2d9d2d945fea9373c986c70b503f0,0,0
test:3822,0.06551409,0.90553213,0.02895379,1,neutral,e0619c2f8e3d0e177049aa4eb736408d6226605de31fb542f70be8e23f08623c,0,0
test:3823,0.07397489,0.87067374,0.05535138,1,neutral,632419a1736c66c9a01074f5fad1aa5d0864748b27e574d620c4ad399fc4c9f7,2,0
test:3824,0.07736800,0.48768333,0.43494866,1,neutral,83a2add5b7c2c95f7cce2f39cad6755bd51f871ac5da054a75228b40c6437cff,2,2
test:3825,0.18035322,0.71612014,0.10352663,1,neutral,41ca69defb9ad5e36f8a33d14a41f9fb271c6535e157e1d0008103ab7f8fb646,0,0
test:3827,0.15010582,0.80129442,0.04859976,1,neutral,da74149e4e31d11d328450e978b3c56ef2b1a8f951cc40e101d529898279515b,2,2
test:3830,0.10785034,0.53601485,0.35613481,1,neutral,56b51a3b3d2c371500bc1f15e5d77037ad4866fdc4f4a7efa3a62f983ee52989,2,2
test:3831,0.02728916,0.48143466,0.49127618,2,positive,c4136915be10b4179f92c0256749f926dd9e8e58386d726442c355cf500b8713,1,1
test:3832,0.06027502,0.37834354,0.56138144,2,positive,b5adb0878157dce9ff9cd327ffc58864ce2a685ef68015ffd576e1817374d11f,1,1
test:3833,0.91583624,0.05056486,0.03359889,0,negative,e6240bd5b51467f516fd9bc6327ce8bd0a47ea8a3a8b207863f3c839bf174944,1,2
test:3837,0.26043795,0.17694854,0.56261350,2,positive,ce7e9317135a5c7b65dc96ec9e3b248071cdfa115794b0e7213c026dcd0cf419,1,2
test:3839,0.43762883,0.40497458,0.15739659,0,negative,863154f2ba26f6ca34483335a571c58da184846fcc031dfa7749035cdd48a4bd,1,2
test:3843,0.75242528,0.20390887,0.04366585,0,negative,b5deca632e591bbceb935f5fe8b7a25eb4178a789a7398b841113d59a76a5179,1,2
test:3844,0.22641078,0.55519674,0.21839248,1,neutral,05a5f78347cded358d50bec1a1b702e90d78793527c77e41af422b78533943ae,0,0
test:3846,0.10176151,0.72476185,0.17347664,1,neutral,20b4f351b4009550e488ab598ba8288e3abb532c951969b463fdbbf84e5042a4,2,0
test:3847,0.02414198,0.59744688,0.37841114,1,neutral,eb4a3ccd4758c6eb5de34368d8be8231926caab33db1bd35335bba45119843a9,2,1
test:3852,0.04078630,0.78438549,0.17482822,1,neutral,f65d793535a9ded37e9a8e8e1b5796ea1e17d62ffd125e8694e8b134f63b61c2,2,1
test:3857,0.19081605,0.26594304,0.54324092,2,positive,bc3cbf5c450d1a339562c15cf6ae38c737c398754ef2df7a458828357f543f41,1,0
test:3860,0.23961367,0.70931889,0.05106743,1,neutral,d6ffff7a56cd6f88f4b8d77f894730537c2bbf4aad984957d69aa077f262a585,0,0
test:3861,0.05778981,0.44115771,0.50105248,2,positive,8253c28684bb16607faae050a6c57319418626dd7d23a3fbd9d301d7675ceb58,1,1
test:3862,0.64944835,0.23420548,0.11634617,0,negative,f9047013752220d40a9a485470c69b2b1cc3d361bd0d29506f30b55285024c99,1,0
test:3863,0.41492205,0.26691125,0.31816670,0,negative,cd18ab2a41f7669b67fac471a95da3f8b2c941946e48658b9bbc29f3a209e14d,1,2
test:3866,0.39256472,0.33724839,0.27018688,0,negative,977fa4c06d3963a6ca06675b77c7e253d7fe6865a3e2b058779c1178e5725b28,1,1
test:3868,0.42137290,0.46431053,0.11431658,1,neutral,5f251f1572af56aebf9d1a73fed6b092f79334f3dba7a061e00f54c3f4556a83,0,0
test:3870,0.39614825,0.24974319,0.35410857,0,negative,083047dd823230066efb534abb45549b9be62bbe2342e4b70921980199966b7e,1,0
test:3877,0.33340726,0.44303624,0.22355650,1,neutral,e1afed0e7a8b2b6fdb95a6e76a1f5933ecf0ca31af042d467c1e40b16412970e,2,0
test:3878,0.19348002,0.45923164,0.34728833,1,neutral,e60a41a81f6d7138ab6b30ccc503c2f6b97cec96ed372114387a5f33b0ab1b71,0,0
test:3879,0.06423592,0.49416023,0.44160384,1,neutral,7e7878d702468ec05c6c3c166ebf71ecae0327efcda5ce3668bc2f88f1c8078c,0,1
test:3881,0.50141168,0.23427017,0.26431815,0,negative,ea26f2c9bf3e70b6a950cc4a1a1f25c0c364309e99d2b601fc8faf791d8ffc8d,1,2
test:3883,0.15048654,0.65074931,0.19876415,1,neutral,8f0af38017d00ab6a191c57ded6addd8eab10745cc3564fbcd0a10aae0c51c26,2,2
test:3884,0.06353873,0.80892028,0.12754099,1,neutral,133e42578f701bc604761ed6c66a8b1051802d9cb54d1be828bdeb135c3a0416,0,0
test:3890,0.08308803,0.84946708,0.06744489,1,neutral,8cc4386486c53065c78be849aabf3d5c9917ec22294674049826d4d00d9e0563,0,0
test:3891,0.09527306,0.74742755,0.15729939,1,neutral,fd4b4760b32dda03ba9c75b7000d2afb3ef3fbb6b0cfa0c3d2768218f5b1304e,2,1
test:3893,0.04672692,0.52461591,0.42865717,1,neutral,09604b180dc402f3255a337a9454d59dc3b4fd7b0438db356897408a9e58dda8,2,1
test:3895,0.91566002,0.06058791,0.02375207,0,negative,e69c25091c22a81c8e29bf7d43620c474d39820bea5b2bc4437d8f17b0eeb509,2,2
test:3896,0.27268694,0.69075037,0.03656269,1,neutral,f855fc4cc794d556cb63777ef148162244367a88ca87cc9d7109d429d082aa20,0,2
test:3898,0.70723058,0.22762798,0.06514144,0,negative,646151f3789863ac55743964465a46449520665683bcd505fac34553dba48d2d,1,2
test:3904,0.14106656,0.83665059,0.02228285,1,neutral,e00423c62fc37e2c920f2ebbf60c9c179fb38a843ca7701da126bd23dbd4813a,0,2
test:3905,0.19011479,0.76315951,0.04672570,1,neutral,6f5a1b21335ab8651f94989cd0ddcb92f9d2dedaff85629a7c3df345f45333b3,0,1
test:3906,0.23443994,0.40744876,0.35811130,1,neutral,6e407a9b01ffe18c75d0a2d1ccc3d966e12a9e6cabdf122c558302fb86ebc4e1,0,2
test:3910,0.14401322,0.77657344,0.07941334,1,neutral,48b380567776ca6b1c25fbd311b88a16208d180e6637408c687c31a16f4822b6,0,0
test:3914,0.08113550,0.42239603,0.49646847,2,positive,86ec635934444738b7df699c65c67a8a12a598936503255ce06262ad2b1911c4,1,1
test:3915,0.29468289,0.63073289,0.07458422,1,neutral,512995ed723714c08647d02f1d7642dca9a423b8292b1bea51c009414dbb9253,0,0
test:3916,0.14705130,0.71028584,0.14266286,1,neutral,2459371deecf54fc884dfb2a4e87f9562cad412099451e1bedc97866bfefcd08,0,0
test:3917,0.88792239,0.08962511,0.02245250,0,negative,3ab50b9f1490b510a925537a44d5c96493eb0ad41bf8d070e21a824b4b6a9d5b,1,0
test:3922,0.16720264,0.30323859,0.52955876,2,positive,3de530dc9de5b1b82320a25516d5ca6f2d00ccd0e2d202a8deed2a3384ca599c,0,2
test:3924,0.37144224,0.37212947,0.25642830,1,neutral,3476025b6c56fb70ecf99c457439d5a2e096b30b90712639fb71c969fb6b7cd3,0,0
test:3927,0.28089661,0.64180693,0.07729646,1,neutral,57a47d160ed2825aa556e3a0dd506b8984a6bb22c0845d622a7a57a4e1ddf206,0,1
test:3928,0.09556412,0.44756270,0.45687319,2,positive,21f8febddbc8860cc88530baf7afc5f33aa4377931f77b339f43616de4f13bd4,1,1
test:3929,0.20093258,0.08701003,0.71205740,2,positive,6711fe22ba0e7cddfc05962e14647afb23fbdf236f98b2b94b75b13a0f6eb321,0,0
test:3930,0.29167728,0.64313080,0.06519193,1,neutral,157edcc30a51b7109f20e54948725b97bc157f3f9afbe8ce45ad770708cfd0e9,0,1
test:3932,0.08185905,0.73279127,0.18534968,1,neutral,0d07207a0ad7b55f36f1a3063dd6c17405e076d49aa12669855e394993d7217a,0,2
test:3936,0.22209902,0.72538331,0.05251767,1,neutral,568f1d84a83cdd69903fb0598db6a7b8789f58a551e40c77da82495c1811a254,0,0
test:3937,0.36826495,0.35751046,0.27422458,0,negative,de2c3d6394ba9c5a14a2d49f5da12baa60927038a71079f8544748c44ff7a3eb,1,2
test:3940,0.15210236,0.62701673,0.22088091,1,neutral,e66882c9858815a6c26e9da24039c2d14803ecbc96283c254c69f41d6592e7ea,2,1
test:3941,0.31613454,0.50361565,0.18024981,1,neutral,70967e351c3834ca6ec768d9b8b48ff8b72edc8c44d00e7b1de56c240cf4a4de,0,0
test:3942,0.04520154,0.59245041,0.36234805,1,neutral,1053cacf0cf2128a8e8e5a3e6c1dddabe1e55ff3f4e79d249e3697bfcf46f6c1,2,2
test:3944,0.30016665,0.56589742,0.13393593,1,neutral,ac892c5962192590d58f75f57242c3be2cde079563560b8fb1a21745f7dc0352,0,0
test:3945,0.16820424,0.81659854,0.01519722,1,neutral,3675015f770d9863cdc84cc1f8d32096985b69d528377683f8a0bfcc1bea1da9,0,0
test:3946,0.48626112,0.24135658,0.27238230,0,negative,e388f008ae9b640dc01b73f8245e6f2ea910ca96aef98965a7db6a4557008ec4,1,0
test:3947,0.26516383,0.23888780,0.49594837,2,positive,7315b455c6775408ab46b12a69298115f79f0347fbd6002c31b3de9ecdc76e5c,0,0
test:3949,0.19605236,0.48200869,0.32193894,1,neutral,7c2a4e4d61d0e0edc4bc7171c5c7851a8cdfee29d47324d5b1b29d497934ca1e,2,2
test:3951,0.22299922,0.22081796,0.55618281,2,positive,95f7714a7b7e05e53cf5091c0ea06a0680c6861972b492ec766609990fdf8a99,1,1
test:3952,0.07157945,0.42387864,0.50454191,2,positive,e99ea6773c3d06d2730342ad4bd5d38912ed58d899392ef4650cb68fd2be02d6,0,2
test:3954,0.01360877,0.92769318,0.05869804,1,neutral,e13c667fd10ff103fecc295359b50528fbe0c5afe643a3b459bf67de735111d2,2,1
test:3955,0.05061055,0.79808877,0.15130068,1,neutral,193be4f4d21cf55e798ebde982c2d6859bc4c4a5debe93cc9e9dceddf24c975b,0,1
test:3956,0.30196040,0.36364037,0.33439923,1,neutral,d2715a57c4f13d0cf6a61b177868cd7c92309db12f595b63ee00b941f47975ff,0,1
test:3957,0.63512118,0.35243367,0.01244514,0,negative,1fde7baea4eaf11c6744b4d7b01c0da1c71bbdbd663570fb2d394bce87bfc031,1,0
test:3960,0.38597084,0.48606585,0.12796331,1,neutral,c479b16af979d26e0c0683928c38d5c3bfe68dfd07277af6183b86552f16fe76,0,2
test:3961,0.13022222,0.24764830,0.62212948,2,positive,6047441607f965be19004ce9d0cef0286cc2c2935100bd134964e7ec7ea42451,0,2
test:3963,0.03517280,0.01547210,0.94935510,2,positive,6e3844703e2df9ee2423041a92b16bccd8b074c5bf113faa105865e4d384c313,1,2
test:3965,0.31275489,0.63808070,0.04916441,1,neutral,d0d12869c258a89a4e07f581087e30e528bdad681dcd602ca4a8818373caa088,0,0
test:3967,0.01748571,0.09620068,0.88631361,2,positive,1bcd9f431ca47e361629563b60e226787af12bd4aa1a18f31ee515b58c27e989,1,2
test:3970,0.11293805,0.26225711,0.62480484,2,positive,577d42a762b0aa49ae2d2c80566982ddad34b0cb2139d4b591a6c6d7d1074d0f,1,2
test:3971,0.79530193,0.17118906,0.03350900,0,negative,6c6848564294e44a7f064787c08d244ea2923286537458e13cbae21e685c635b,1,2
test:3974,0.05883367,0.14374127,0.79742506,2,positive,9c34ab594c9c11fb0c9fc718849bb7ce1d1716d948c237bded6052019e507a59,1,1
test:3976,0.07019698,0.75235937,0.17744365,1,neutral,1b4e199bcfd251652713795911bc76882c0b491a2d2b7a466e3aba5258e5afab,2,2
test:3977,0.78389017,0.13675407,0.07935576,0,negative,d207165a759f66e3fef071866a8b2cf04d7036c230471663292ee1d88ec9b9f5,1,1
test:3979,0.25754972,0.66659304,0.07585724,1,neutral,037fbac1c66a5b20fcb3b8db4239221f712481904b7bc04a68a59899e0cf0e35,0,0
test:3980,0.11071840,0.67205069,0.21723091,1,neutral,555dd3f96f1b3eeb33b63574865a71efecdd1de3f56b484febac2d9835230e90,2,1
test:3982,0.14518150,0.71078891,0.14402959,1,neutral,e9d70f4db9c561eb4225e3522de3ed0df386a101d7c8998eb41df64467372b3d,0,2
test:3984,0.26248598,0.68373243,0.05378158,1,neutral,fd3f0a4ab99ec969bc9462b3db21c5b46bad798a6b4252c5894d05ebd0f1d469,0,2
test:3985,0.10498240,0.75924565,0.13577196,1,neutral,e106315cd5501568c0cee657e92bae0940ec667e597dbc6684430a34e6138b07,0,1
test:3989,0.30195409,0.08857272,0.60947319,2,positive,9a3ffd81fafbd7b51639471101e12c773d628559d7ea6e4c8c68fd4031552a3e,1,0
test:3990,0.26869541,0.55286038,0.17844421,1,neutral,783861a5a85dae6160643ab235e9c51c8131bc5ee79c775387b9f4e1cfb667db,0,2
test:3991,0.53846667,0.41183588,0.04969745,0,negative,d17456760679d85034965861fd1cdd19a8b6c5a9a13208e9dce03c2b25be1341,1,2
test:3992,0.10856807,0.02789325,0.86353868,2,positive,7d95742df05dfaae94d66a1c6dfaa8bbfa15df2a8f033e1e48e8303ca2647807,1,2
test:3993,0.10553234,0.54837677,0.34609088,1,neutral,9dddc5b283178c88f026680b005f8c56a2ecd8f62720d3b06ba832d05b77b82d,0,2
test:3995,0.08822293,0.64879417,0.26298290,1,neutral,006de16ebaf3bbc288c451ce67e9e7f9db830e782b5e8dac6444fa284d30fdfd,2,2
test:3997,0.06725776,0.68868379,0.24405845,1,neutral,b83c1fa237b72c938aa28bce244a637a7d63309f9c5e515eb40128c3e039b8da,2,1
test:4000,0.12280419,0.64131297,0.23588284,1,neutral,4c409bb13b89ccd2c87365cc9d796ff13f4668ffac7d4c3ac433928178b4b5cb,2,2
test:4002,0.41635194,0.33626141,0.24738664,0,negative,b2aca014d1b4d9b8a1ca435b77f2b68c192892c14dece06485b4d7314433e2e1,2,2
test:4003,0.82983801,0.08454081,0.08562118,0,negative,11a4be2ae2a01bd0cfd490586e116c9789dca23ffd9d7cf7591f673a135d9d7b,1,0
test:4007,0.54433644,0.18678722,0.26887634,0,negative,d7b89c5eb9bba9ec1cd3302056a8e4e228fea9eb9e2e7887decb6c153618a85f,1,2
test:4013,0.23759580,0.32717456,0.43522964,2,positive,28821fa51c7e15fa9b1145c66591566d5118e01c95c5252550f08baa078ea5c4,1,2
test:4018,0.15181037,0.52369131,0.32449832,1,neutral,42e33d33a29189a9d47439cc6eb434c682549da45b0843f8e9a3d177ed32b329,0,1
test:4023,0.38033694,0.55906794,0.06059512,1,neutral,5cfcc9a596d9c8c202854374b22e456b6e41827e4fda8f4ba09541e63e9e9614,0,0
test:4024,0.21733858,0.49952442,0.28313701,1,neutral,9df01b446f85dd68e92a8ad344f690063f80abc0f85f4ca21ed1c81f6b125a0b,2,2
test:4027,0.02377807,0.94999448,0.02622745,1,neutral,5e484b06104bd18d6e7aaeee6f8eea6a86c602298936330fc662c81aa8cfc42a,2,0
test:4029,0.11216377,0.73049359,0.15734264,1,neutral,906dc1976909138a8bb9f3d151099644d35e2c6a8d5f6ebf8b7f435c0e4ecc31,0,0
test:4030,0.11711563,0.58367817,0.29920620,1,neutral,1614ac0c6bd1151568470688707d5fb899afc14088484ffbf071f08ddaac9c35,2,1
test:4035,0.08485739,0.65045939,0.26468322,1,neutral,661ae1379b698540295758ed64ddbfa335f65aef110782b19543af2fed39e685,0,0
test:4040,0.06025173,0.46025631,0.47949196,2,positive,a6be14978a1c44be0dcae26ce6d387f718edb5784f0e84ed4216bf6c0da50928,1,1
test:4047,0.24537652,0.33798424,0.41663924,2,positive,d65c0324b93cf487ab1f010405a65416835c167c5a6b8a4d7ef0ac24fc855496,1,2
test:4048,0.05794189,0.78005456,0.16200355,1,neutral,5d207268093b2aa83e9136da5e25a79c32c24381aa9978cf11de6a63cfa17046,2,2
test:4050,0.08192419,0.29667109,0.62140472,2,positive,097ff5c7baedbb150033c9b23919f34e89874492bf8d8ea047611d45b099159c,1,0
test:4051,0.33374704,0.65480829,0.01144467,1,neutral,a48a3abacb15ad5b1891ebb937fd6d08281ec1cf74255b5171ca4f961fc639e9,0,2
test:4053,0.07813724,0.82272170,0.09914106,1,neutral,f7fec95f1f832a2796841c86624854a4a6a6e6ef345fce562903dfb1e64c3eef,0,0
test:4055,0.12959857,0.07091229,0.79948914,2,positive,5899124d3951684a5d2d5f2b38dbd3b47c71c35f915cff594f7be77ad6032a2d,1,2
test:4056,0.18026550,0.74602577,0.07370873,1,neutral,9039170ea63121899540c78af0a01390c107a45459a2f38a9976b604a6035dfa,0,1
test:4057,0.38718690,0.14447829,0.46833481,2,positive,ad80fbf33f39a8b0791428421354bf683697ea8ea7b6d753feaa137033843806,0,2
test:4060,0.13902839,0.54551688,0.31545473,1,neutral,60aa3b7c2de8a7caa85ab849245a8f4995539ae52e4a3ea4af7e1322c8ec964e,0,2
test:4065,0.12240880,0.80440249,0.07318872,1,neutral,9ed1fb07f6fe8086cb300d80280e44e0c52d7c4ea86f924d7e4b2e94764fc925,0,1
test:4068,0.14759786,0.61850574,0.23389641,1,neutral,f1ce40da23f565d89e3cfd80dc322d814cde32eb9990fb8b85b75615a7688eda,2,2
test:4070,0.12348158,0.73568340,0.14083501,1,neutral,b1d467ce9a9cd481c6b446dc8fb8b91f0135453cc012c9b29a1822b520b10a14,0,1
test:4074,0.19375032,0.68360108,0.12264860,1,neutral,9ac0ee1f36ee64e29878ba3377809805b9fa9c9578d8736cd2957bfb62411118,0,1
test:4075,0.04319701,0.61519586,0.34160713,1,neutral,a406cb7b925ad389c9e35ace3b85def948822b3e80f21bb33a5555e78c624c0a,2,1
test:4076,0.13087676,0.21458870,0.65453454,2,positive,27dbdb1f0717688a749b80c8a1318196b583f07b1ecdb18aea3b2692b3771e05,0,0
test:4077,0.19581264,0.32187966,0.48230770,2,positive,b5b457957b01861049e46e9450c1e08085fbc1c60194c7819d37d18df9175f58,1,2
test:4081,0.13959007,0.43695532,0.42345460,1,neutral,be37a542883fb62a7da837d01c82bc8f32e26dc775e30ba5353be5e6f4db9754,2,2
test:4082,0.52153106,0.35887908,0.11958986,0,negative,b7882edfbf118a200bfcd135ffe81b820e955373af35cae02a94283f7d6e5d55,1,0
test:4084,0.20207873,0.73003562,0.06788565,1,neutral,a5496cadb3dd3ad95aa93e5eee65cc211b234695f35cb36c7ada7d47420aaf79,0,2
test:4085,0.35785664,0.37482972,0.26731364,1,neutral,0a7627e79454cdffb8e04cb8137c7e57d759a7e51a2c583c6f0bd712d6382153,2,2
test:4087,0.17634737,0.76669415,0.05695847,1,neutral,7407d5901a90ba959aef6e45122b0310291d6e71a24e7ee52d2a6f99a998e7d4,0,1
test:4089,0.10028790,0.67552923,0.22418287,1,neutral,0300aaf13ee4b255325d3a14aa12f03bda9d046c3cca69d1e961a115672bb519,0,1
test:4090,0.23876798,0.59937808,0.16185394,1,neutral,3acf0e51ef6e73378c1ab89923fd2d7823f832ed6bb846470dc374941d42279c,0,1
test:4091,0.27027647,0.45473573,0.27498779,1,neutral,21467d550fd1a74d0df06babe1c2b1402b7d162fc0f4a249534dd2910fe9f060,0,1
test:4092,0.05677635,0.45696883,0.48625482,2,positive,b1a396ad114bec9227a369cb00982a6f5aa97728e3659cf7718dfc1481ecb99b,1,2
test:4093,0.04333213,0.17839264,0.77827522,2,positive,df471ba5ec2f932951b7d9f998789771073406efca567cf0babec1494622f602,1,2
test:4096,0.14742088,0.77927494,0.07330418,1,neutral,f7227218cb5afb14749855c942d835fa3a4223edf2a32b862c0d6799c677f850,0,2
test:4098,0.38551443,0.49683364,0.11765194,1,neutral,a28af51db85a76d6572ef93e4a50dc041ae45961a50349e7e75b391f7b4584f8,2,1
test:4100,0.07101114,0.36683967,0.56214919,2,positive,a1105b307fb087c888120b5b2cba3820b358cc68ce21e3b5bde8f9c1b7601239,0,2
test:4103,0.25487266,0.22206705,0.52306029,2,positive,371adcd3d2ddb2e2978115ad5c1f4cd062dc0425f17e80d60c749643e099d79b,1,2
test:4104,0.10326303,0.83874538,0.05799159,1,neutral,21aecb964a170fc73bb295eab6e028a2770b9a9d205570b822e9b86a808f5047,0,0
test:4105,0.27549186,0.50873166,0.21577647,1,neutral,b56f7415b3d553cad3d74d49744280f408900df94f353d3b4f2e2ab68a25ca4b,2,1
test:4106,0.42806927,0.52727272,0.04465802,1,neutral,a308f39c7a0b59bc8e4f83bcb7dc90129431ced2e3247bbb0101d22d365c37cd,0,0
test:4107,0.64907323,0.31074287,0.04018390,0,negative,a942656809fe2c89767b39f5e28c458e66b2ffe38fcb9864b34859b3241164d9,1,0
test:4108,0.08155306,0.49533963,0.42310731,1,neutral,80756c0f335c311a03331150c92e390ea18db7fceaeec8d68fd29c42c862dbaf,0,1
test:4109,0.54987342,0.43610618,0.01402041,0,negative,75c6e13989afa31c95016258757cddbd470faeb2f80c137915e99ca32abb459a,1,0
test:4110,0.34574621,0.45863994,0.19561386,1,neutral,e1f2c3de0eb05c29066a9549d9c09f6aea27a25b4ccab9b2def38e3cc86cb602,0,0
test:4111,0.57318012,0.29693021,0.12988966,0,negative,266f9bae47146f288ae7dcce089c1ddeccf998186d9318f7e35c3fc834fb0db0,1,1
test:4114,0.13093372,0.42575914,0.44330714,2,positive,9d0fe296adb74acb6f928b88ef80f206342e49b8d6e83207c218fdf668432d4c,0,0
test:4119,0.13752916,0.77456083,0.08791002,1,neutral,ebb160b1c7b012a1549c76ac958fecf462a162152d34f6d5d9652a655b59e60c,0,1
test:4121,0.08490718,0.08783650,0.82725632,2,positive,bc4a4fa197dfdc52a21e44a947a23dd533ffbd50658eba4db1d0a4f5af1346ee,1,2
test:4123,0.30684779,0.54649695,0.14665526,1,neutral,6535b23e0295c143629476f3d94ac65025ee227b913c13141f454b2ed47bbc1e,2,2
test:4124,0.06460414,0.25490912,0.68048674,2,positive,24faf60ac8bb3e5423c6bed9e4fb6956951094044cf759a0e1880c98f389425f,1,2
test:4125,0.42900871,0.29228239,0.27870891,0,negative,0aafafdf5fb24c0173fc27fea75ab7d707a09e4852172ae036c218b7ebf5c0b0,1,2
test:4128,0.21359467,0.48496648,0.30143884,1,neutral,57e5cf1449ccdeea2aacb69b66c5551e097a4ecc7d6cf641dc8317b81ddbe8e3,0,0
test:4141,0.14573712,0.20961419,0.64464868,2,positive,376f427f9345aa5f6d1c49fc32a5a4047c299bc615111bfb6165b813caafb539,1,2
test:4142,0.37753514,0.52657148,0.09589337,1,neutral,07bc56bf895ba4de799ba141e9548a43d16a06eb3bc263c147f426d1c8c6fc03,0,0
test:4143,0.13102332,0.11881772,0.75015897,2,positive,9e9f86d3575a5a64089d4c512dc18222065a063c180960ac7f77c1b7146373cc,1,2
test:4144,0.40408694,0.36303493,0.23287813,0,negative,363f0c5b5865cce545af14928c4aee74c33b10ca15c6c04d1b654603973b7fee,1,1
test:4149,0.03190048,0.32043849,0.64766103,2,positive,b45c9e36bf3cfa39a2b7c50a96c6b39e48b0bd68990a1f0fb8b285f2258e6873,1,2
test:4150,0.31041882,0.14524229,0.54433889,2,positive,795ad363e2429158bd493f64ef5e488db6108947e28fd2334a19100756764cb6,1,0
test:4151,0.82371603,0.16023941,0.01604456,0,negative,572ab867e4212ee2e7d39e43fb2ffa9fc8c3513a17ef6f3e0ab1b52e313dcfe0,1,0
test:4153,0.35052267,0.49142339,0.15805394,1,neutral,441047b8aaa57bece1c3034bbcc3d85f0e48a07b80b4c05ea4f679f463c07a42,0,2
test:4155,0.21324716,0.69677326,0.08997958,1,neutral,5ba855875c50ba73d0f9e941a748bed3b5cc44ce01634a4d4b16725a276764b5,0,0
test:4156,0.42656484,0.49593673,0.07749843,1,neutral,fdb5c846dbce46e55b6dd1473d65434366a407c5dfdac07a1eed067457acf361,0,2
test:4157,0.54707238,0.39980191,0.05312571,0,negative,ee1bf2f5f754328315884fe8a0deba34d0925ad146c87549b62e69dad83a70c7,1,0
test:4161,0.52701930,0.26066183,0.21231886,0,negative,0af427864a9c6c6dcac8131fe641f58bbd2570e93e3d0d7eb09f2e979f50e9b9,1,2
test:4162,0.29257130,0.64293082,0.06449787,1,neutral,5f5f489be572e1ecba20d4386fbf34b4c951b3b0504cbb7a047e2a714d6a1fc6,2,1
test:4164,0.29745009,0.64735000,0.05519991,1,neutral,50b3b37ef04063c6ffe2bfa3ac979c4df3f6947fd7ee0cd5d3b891d06261f80c,0,2
test:4169,0.11542833,0.40634274,0.47822892,2,positive,53d0906196497afeccb4fa428caadb9101bf9241e2e1d21ed89999b9700c14ed,0,2
test:4172,0.16972809,0.67208992,0.15818200,1,neutral,dfc1b0555187bd501d655fdb40206fd17a7b30239c0689955d9b8fd20d274024,0,1
test:4173,0.06457739,0.71135819,0.22406442,1,neutral,67dd336abfe0969186e39fc23fb47de8a28dfa61c649ad2cca2a9a8d206d2182,2,2
test:4175,0.55700899,0.16066554,0.28232547,0,negative,fa730d383d5579e538ca736aae867d38675aa74643144c25b35b96049c90d626,1,2
test:4176,0.09766178,0.80122794,0.10111028,1,neutral,57022b8ad5234e24621d2f87376571fc0b4fcd3928abdfcf17a603a7e662f772,0,2
test:4178,0.13753755,0.61863696,0.24382549,1,neutral,e757b7b941c42fcca3c8d0527de131965f9e7068506eb9e97f7a860cd579c763,0,0
test:4179,0.41511698,0.27461860,0.31026442,0,negative,a0588bc7051e68ace44e586621a4f97ec8b76c1fc46f036763c02c1be7f81fb3,2,0
test:4180,0.35567565,0.37890070,0.26542366,1,neutral,48c16566818da5e27c5de7b5a4188de8949fb9401c50795895628637d7de552b,0,2
test:4182,0.03520816,0.46492397,0.49986787,2,positive,6b9a9e885eebbcd008275c1da180553340cdd6db11b3fc28ee87716504f19c5b,1,1
test:4184,0.34010020,0.47405955,0.18584025,1,neutral,3e394c6781e275e84a1bd04fa3636aafec937786b9589fabefdc7e5aed5877df,0,1
test:4187,0.67796614,0.16049428,0.16153957,0,negative,feefe78e1317cb47acfad2bd25b4910fb2f84916a80810f43cfdfa32324a01e1,1,0
test:4188,0.44942938,0.43873704,0.11183358,0,negative,47c9793cb2c43a07a5ae7d93eb630363f8730f4655fefb5870ff7f113b3235c5,1,0
test:4192,0.15194730,0.57033170,0.27772100,1,neutral,e64d96617a586a196706cc46dd064194a894b68a9ddb2854fcbc756fd7170c11,2,2
test:4194,0.14721288,0.57253073,0.28025639,1,neutral,2044607250c453e7dec9321680219c195f72620e6816d6287645a18ec67ea01c,0,0
test:4195,0.29560454,0.50867423,0.19572122,1,neutral,559960432f97a05f7ace61168a4677cbfdea22b1f43eb541aafa190a6b79ceba,2,1
test:4196,0.05391685,0.82386033,0.12222281,1,neutral,e3a296408613dbf9153e189684013969864920b775fce97b850e28068207bdd0,2,1
test:4199,0.12093077,0.59829878,0.28077045,1,neutral,6a8e30eff569f4eded6deb8010196c9a478305703e6d0340248197bb79222ba1,0,1
test:4201,0.66115609,0.06991964,0.26892426,0,negative,9301c9a403a3e7554bb51175cbc50bf6f9d4f75199e78c8b515200a42cfde4d1,2,0
test:4203,0.09772706,0.41696274,0.48531020,2,positive,b82fe6a0cf63b557cc455380b18484ad563ae5c9d3d56253f977f382fc100204,1,2
test:4205,0.27749939,0.35626900,0.36623161,2,positive,ab3861e4feb609bc7f989c7cf94700cd7e7498b9d85979b7e9b339a4e7b7956b,1,1
test:4206,0.19424317,0.34572056,0.46003627,2,positive,5eb2eb493233c85c9071f064e48f5383d63cfc4589e54406cdad3f8233ab2d61,1,2
test:4207,0.54089412,0.42516124,0.03394463,0,negative,a55961a317fc7e62507629fa86bc96160980716703cb6ca743e1867bbfba13f8,2,0
test:4208,0.49995228,0.39152617,0.10852154,0,negative,bd12515a7321647d9e99e07ac56e060c855ca1cf878163367e600da74b3f5e39,2,2
test:4209,0.41046399,0.50515138,0.08438463,1,neutral,feae8ef8ea6c8e127eadffc1925e55714debe389287672cd423de95c7d02e5bf,0,0
test:4210,0.17403425,0.68552068,0.14044508,1,neutral,e572ef92054ddcd064acb60666f66775a851ae9c268620413f333675ce566cff,2,1
test:4212,0.13487439,0.06934668,0.79577893,2,positive,14d774c7624b91586b470f715d742b38e7275d6fb89bffb0b67949f89d360155,1,2
test:4217,0.08739796,0.11563491,0.79696713,2,positive,fe43899356502f08cbb854c1b307d1d3ba1ea9254e2a2d1f5ab8ae3fcb200fa6,1,2
test:4220,0.03861730,0.28667348,0.67470923,2,positive,b7d99c020e318fd78cf800521958574d698e665a016ab36ba7ae7af0ed6662f1,1,1
test:4222,0.05361409,0.13418845,0.81219746,2,positive,99421bab42830b8d01c8829c79c138ac8fd81b06adda8b185a0d65111dba6496,1,1
test:4224,0.06851956,0.58081806,0.35066238,1,neutral,0ef12022b0449a28a4fd6d193385f10b1858b26289d8921358ca36c3a34b76c7,0,2
test:4226,0.05159072,0.85943814,0.08897113,1,neutral,7c02189062d68bedbbee79f2f6b769f8d5492d4976fd7ac09409a68c161622fc,2,2
test:4227,0.08325875,0.31725064,0.59949062,2,positive,cbf2d8b2a1a3a9099a6ba674daa1ef1143e067247a1033e2c4deebbace134f36,1,0
test:4232,0.07954429,0.57134368,0.34911203,1,neutral,d42fd5058515f147be362c3661a2d224ff9e6a86f8acc7f9e455e8097b9110d2,2,1
test:4237,0.37060185,0.22609946,0.40329868,2,positive,005441c792ac1fe853b36dc5034e55b50858004f5b3ef3f28be349c500fe7a3e,1,2
test:4238,0.07361330,0.11234132,0.81404538,2,positive,65f218b8f824b14ed27772ce290d8cbbb8701736c94cef15212caf60fa3e76c9,1,2
test:4244,0.22513623,0.69923413,0.07562964,1,neutral,e4d1ca8a3c625632ee35ccc56e941ac4c4c126cb8308c1c1bfcd24c4d9c85ae4,0,0
test:4247,0.74733453,0.20883209,0.04383338,0,negative,ce6230e94982a5411f39d63f1775311578491eee4f89f6c41a5d5933199d15bf,1,0
test:4249,0.01828234,0.68227652,0.29944114,1,neutral,56c38358d56a1d40cb03f33b957c69a989cad14a149496159ed9f7926d37f3b0,2,1
test:4255,0.14603699,0.51360494,0.34035807,1,neutral,27d1c450911fe04ae5ac2288c396fd4cb77fc1d7cbf42f54f52789d2f39bcbad,2,2
test:4261,0.23174767,0.59430389,0.17394844,1,neutral,9579518c5707713690ea8675657af5faa577acd145fc2b9cd7406d3085497685,0,0
test:4268,0.17750712,0.55251003,0.26998285,1,neutral,2d7609784413ebc5721ab223a044026eed8b9bbee9c83757dbe19c7c88b3c372,2,1
test:4274,0.50150286,0.35965633,0.13884081,0,negative,2f6f0f16ac0b0f72fded156dacbbbd38f355bb22ff4a25cfd363e4350e9af2ca,1,0
test:4277,0.25796378,0.60807205,0.13396417,1,neutral,8030b6432b2233c05e0576fb1776f570b5a17e8080d6ba540eccf857e263a7d6,0,0
test:4280,0.06493318,0.40115191,0.53391491,2,positive,fce844914531d43fc10f7cc9f3619c4d1b882de29756b58deb161bbb0eed4c28,1,2
test:4282,0.56556541,0.22678806,0.20764653,0,negative,2f24bd40d49daeac1e946d286c40aa5902594c6aa8d8b3da8abc8aa0bbd310ac,1,0
test:4283,0.29075166,0.07458797,0.63466037,2,positive,dcc5c91c63c8f97169d38682f60420941cdd85a764076dbbb6fe4c8956685df3,1,2
test:4284,0.33064367,0.44816990,0.22118643,1,neutral,53d1418db232cce35b374c47504e411dd930bd2e2b8d2368fd0374f1d76627e8,0,0
test:4286,0.15667589,0.50696401,0.33636011,1,neutral,98e6038b8abd0c7f22d44652fa4fb12e0d33a5ee5fee491df5ba610e97e534bd,2,0
test:4289,0.06607093,0.22967147,0.70425760,2,positive,d5c1d3622cb5393d215b386bc0134406246f72ace680a05a7e62fee47c189e75,1,1
test:4305,0.80175989,0.13318053,0.06505957,0,negative,3cf194bfd5038624a84b256e39fb68b2dd509a3690118a9fbd5e06c4eba56e06,1,0
test:4309,0.21165616,0.29619211,0.49215172,2,positive,4dc0acdce9449e130956d8c371b1866426d5372992c0fefcee49bb28a3d1e787,1,2
test:4310,0.78887774,0.14384331,0.06727895,0,negative,7b3c1ee63167c3df4bd170a6e8e3962549822bf95641483c1a9c04a1b840122d,1,0
test:4315,0.27254057,0.47732748,0.25013195,1,neutral,efdb58a90c47ea01a6b64a41bb745f0455dda3a06f69b1515a1f6dc7230defe4,0,2
test:4316,0.08022556,0.52570057,0.39407388,1,neutral,c5fc957f1c66ee1e6179c5c53cb5846fc6ebda34bc4529af2749d540839d50f4,0,0
test:4321,0.23840487,0.53261220,0.22898293,1,neutral,3fd4bd4658951e27e958231c0ae345fe784c1ad46df8b0e0456fe427ce59a101,0,2
test:4325,0.29885811,0.25998646,0.44115542,2,positive,fb188bc07339e9b83d2321ba8a2d6101dd4da1a71ae91228be9d17b9300a58e4,1,2
test:4326,0.33121042,0.41867562,0.25011395,1,neutral,ce3d6bd232a7207bc9308651a1dbc7df3a2ebdf35f47e2014231c226a8bcee91,0,2
test:4328,0.22184197,0.09098462,0.68717341,2,positive,baa5dbe999a3d09cbb072272146df4d78e2a206e670d56e7d5036dce1e14bbbb,0,0
test:4330,0.35880189,0.40782657,0.23337154,1,neutral,5a5516e3a051a2f175576494f2c1e2e320218f7c50aeae3f3173b9d076c9068a,0,0
test:4331,0.41056740,0.34400367,0.24542893,0,negative,4c0ca9c51fb2bbbe06e81b945faf4ac48ddc23982a42465824652f33a3fc7605,1,0
test:4333,0.25281178,0.58607219,0.16111604,1,neutral,20655c5d2f56308d9abe2401274c024081a55515863889e2c5a2bcec7461ac21,0,0
test:4335,0.85295013,0.10905434,0.03799553,0,negative,1729fe204677f02409c515f2d46ac2f219c61e8aa78c41bc5ef1003ebd0c87ea,1,0
test:4339,0.13439915,0.33039021,0.53521064,2,positive,af722ba7849659c7e45127def0ff3f49cd641e0f0524ecf4690e440303ba3c5f,1,2
test:4341,0.15234670,0.73798615,0.10966715,1,neutral,a87e6a811163e97183ec9566d547036c15eeed64fbca9399b5a5ca12dee5591a,0,1
test:4342,0.71022915,0.21489965,0.07487120,0,negative,73116ef65ea689ea71af463d8541db614bc1e9708f0e329c3984a499a9cb4dd2,1,0
test:4346,0.07489117,0.26691715,0.65819169,2,positive,22081e63b13bef164c70418fec515d85499832bc93ea2c39097b902cf2e417f4,1,1
test:4352,0.15974872,0.64927908,0.19097220,1,neutral,8a9ec76eaac4afe03ccaf2ff29f653f430ae3e6d5907aadb1601739e067ee3e8,0,1
test:4354,0.39265533,0.39028440,0.21706027,0,negative,3b1569560f8cb888afafaafeaabc197a9b115222d0eb33ca9fbf12e905272a9f,1,1
test:4356,0.19405759,0.56299280,0.24294961,1,neutral,644b231a988660d6f9e7e04bbf0b7ad9d25bf0c4697b2f33acf9162bb4f29958,2,1
test:4357,0.09903235,0.19835471,0.70261293,2,positive,f91266c1c42b7140a84f6c1d66a73f3689beb6ce807bab0285b6ad585d75112a,1,1
test:4361,0.06352580,0.37279904,0.56367516,2,positive,ec9234bb3ef2e269cc649a14f7e955c5001c7431f6cd5e458f39896e66830c93,1,2
test:4362,0.23782211,0.28875941,0.47341847,2,positive,a6cd544975ddae5d7c0c50f5597bc467bf6cd3edcb0519dc134a6fd13e26da6f,1,1
test:4364,0.04862442,0.88564785,0.06572773,1,neutral,d6b1cc25c910ebe4213ccc839fc0f5240c43ecb81fc58e60ac2b3503e1bcc7b8,0,0
test:4365,0.02841886,0.46654943,0.50503171,2,positive,668efcabb7ba8034590abc9a3c7b7d7b16fd153ff66466cfa48d5f33a53b4e60,1,2
test:4372,0.16786692,0.67178480,0.16034828,1,neutral,77fab8d4b9da94526d72f46b5a1dbd5d73e3080728f9a196330d3bfe012fd811,0,2
test:4373,0.49431161,0.45480354,0.05088485,0,negative,b65b5b939873621f84dae2709a98697fb0e188d1d28330dda89d5133de3bc874,1,1
test:4376,0.21565561,0.54245739,0.24188700,1,neutral,282e5436f3bfbcdbc36045e66d74d9319073954ceb820321a6473a6de5fc9921,2,2
test:4383,0.02500210,0.78844623,0.18655167,1,neutral,a7b8fbcfb4bd7cc1bf9cb985c650fecf0c80d094953286bd870db580aec9b6c4,2,2
test:4385,0.05745483,0.25488844,0.68765673,2,positive,a5f60bfe5f380591b0acb0e7e299e1c9c377379804a1f5be4f52375788b29788,1,2
test:4389,0.40732324,0.33743581,0.25524094,0,negative,ec3711b40a4a701ba60c9cd60e01e5cfbdadb0ba520bce228dc432c01d352f5b,1,1
test:4391,0.17144840,0.39319236,0.43535923,2,positive,bfa866ed4335d5d2bb16ee8e055fefcb38e28954797890c4aca09b43f1035c47,0,1
test:4393,0.49174316,0.30842682,0.19983003,0,negative,dc54168c32beaa51f6a1a6e450e6acbdc93d642e42ef6098c18177e541ac28f0,1,1
test:4395,0.08127676,0.32250440,0.59621883,2,positive,961af5746282817c1aaee383d468f2d8646b2c8c4299db7eae9a532d14b86d5e,1,2
test:4396,0.14995406,0.22473862,0.62530732,2,positive,df5d517e298432d3c33e85f42e304d6c15a1d2350a33c638ca71a939825e73f9,1,0
test:4400,0.31459015,0.64908851,0.03632133,1,neutral,14bf8585846eb005fa91f73f2e11a6760f85720d0ba146c480581d342227026c,0,1
test:4401,0.15559248,0.69944026,0.14496726,1,neutral,d997c3ef7ce4fc48553c615ec1d76a27fc964a945f4fa37e734935668ccae720,0,1
test:4402,0.08714154,0.44204662,0.47081183,2,positive,d91c84474f1855c3c28df3f7ddc29ec630fe4ee4c013a2c7d2bbaf997fc43a08,1,2
test:4404,0.41214259,0.42503301,0.16282440,1,neutral,30727f7cf12c4135e638116728cd0689f3078ddfbb93f6b5be11f740b0e10309,0,0
test:4406,0.21365654,0.69845092,0.08789254,1,neutral,c389498586073cee4984fcb846a942c66ba6ebb9be5b4c50b5278aca13aaa697,0,0
test:4407,0.11793136,0.33009920,0.55196944,2,positive,af07af0bf7b656e82a471d60690d3b262fb4e733c1a125f422e34d34d9089b76,1,2
test:4409,0.50792573,0.26185035,0.23022392,0,negative,4ca4df8cbf19a163646bafcc47a0af69fa6d25a430919ad6713195c7f49d88f5,1,1
test:4410,0.03856124,0.89899641,0.06244235,1,neutral,3e372ba060e5e879885902fb742c7d6266f59d8cc64d930a7b09964e30311a36,2,2
test:4414,0.28065599,0.51863619,0.20070782,1,neutral,282b4136784a3a4f5bf9d3e18e803f37b85568ad8ea89085784f1f1e5e17d8f0,0,0
test:4415,0.06240422,0.82669976,0.11089602,1,neutral,56eb67e689e4eb5fcf9fe7aad9fd529d686058fdddf6a8c3a6c73a02d1e9a04d,0,0
test:4418,0.08518896,0.64458950,0.27022153,1,neutral,cbed7075e8c001033bdecba05138885a9996c97e670d3c9ea8f58e43d4274bca,0,0
test:4419,0.30592240,0.63640742,0.05767017,1,neutral,7a206f968c1b0214e46e4775a4546a308eea1741e878c15cae36d5580415fdde,0,0
test:4421,0.03524639,0.88471456,0.08003906,1,neutral,4abb60b736663e0aef843db4c4e2413d9555eecfaee77d981adfbf7f53cbaf78,0,2
test:4423,0.11365991,0.82745964,0.05888046,1,neutral,b24f8621dba972371d4e5712d0bacae67f9ebc4cc95339f6bdc9da2307619c1d,2,2
test:4424,0.24159436,0.46939139,0.28901425,1,neutral,c45f1df834def00487aec8419c5ed567ac78ef41e74942967d9a359ab104ed84,0,1
test:4427,0.12139102,0.36421838,0.51439060,2,positive,4fc593e668c1430f98e08d48082f7148b2c3c64616751834e9389d5ab0d708c9,0,0
test:4431,0.55934664,0.28587850,0.15477486,0,negative,dc2d46d2fcd99480ef29dca927bd082679423c14103aaf9db3c57ea7bb83ea6d,1,0
test:4433,0.05684214,0.39352071,0.54963715,2,positive,bf9f4ea4b2b48d4593ff82bc88f13647e9a680e9c64232f9fc7f8006c327c266,1,1
test:4436,0.25706352,0.48930497,0.25363151,1,neutral,7eb272386f451714597820e517e4ad1fc7f18f99fa920c173c036d91466113f9,0,0
test:4439,0.37981228,0.22798114,0.39220658,2,positive,ef9aee75dbcc3d319cad574f95f3d81b32c064e2fa7f4c06240b605347f4a2dc,0,0
test:4440,0.04650757,0.73449426,0.21899818,1,neutral,db450f92eca406380e158a47a90f8008cc1afa18779d84a828feadc37ebea067,2,1
test:4442,0.26216879,0.63235947,0.10547174,1,neutral,ed3664cf1630ef15319e24b87621d20ef0917cf49d21741acc2b19c92af303c2,0,2
test:4443,0.60788099,0.19864028,0.19347872,0,negative,cfa19e639a4f5cdaa685dced2be5d06cd8eead840186ef0a92e0eefb18468df6,2,0
test:4449,0.04417320,0.89791176,0.05791504,1,neutral,153d6ab1538c3e649e60b04b0a1289902adece27813793cdb1564a45596d0c17,0,0
test:4453,0.10265595,0.76468217,0.13266187,1,neutral,9ce4980c6d97f086ba14781fa9836431572bfef62351b81335fb9fea1d268cac,0,0
test:4456,0.36185445,0.37416052,0.26398502,1,neutral,aa10c653ac9813f5288604d38019c9031bda883150c1baaccef7075e999e1f3a,0,0
test:4461,0.35890988,0.52800736,0.11308276,1,neutral,7621894f56af75c6fe1b180bff188be16a9c30a5f87edd8f6ad1c35738ab4d34,0,0
test:4463,0.55319541,0.18715460,0.25964999,0,negative,009b59a1358631f4750e6486e1fc42ceea1a6cd9cb88902fc11b64120ece9ad5,1,0
test:4464,0.21688048,0.10731412,0.67580540,2,positive,e77a4f1f6e9050269a7a966718c0d4322485121c60899dabee3a1a18bc1c36d3,1,2
test:4467,0.09408698,0.27581377,0.63009925,2,positive,864d2d72c4f6667d0b3eb68b3c5873f8b4506cb232301a5e2a433efbaf87395b,0,2
test:4472,0.60836563,0.25705509,0.13457928,0,negative,8e5fffba36a7199f3c78143a290a5bee302d428789c5270c97d6ec092fa79bcf,1,0
test:4475,0.34056480,0.30077778,0.35865742,2,positive,a591ba13fef23b12b1a73efee2d08bf8977de258ec084541d2a515863d1ddc81,1,1
test:4476,0.09993973,0.49343871,0.40662156,1,neutral,a7d2d7c1c95ae064b3fa687bd719dc5aeee67005bfc8f7f5a8a93cc7f0807db4,0,2
test:4477,0.10187476,0.61571564,0.28240959,1,neutral,27aef2ad893cc6a4f5d1a06ab75ebaa05b9b6e8cdcda26ab2cdb0e49382dc4dd,2,2
test:4479,0.26005224,0.55570654,0.18424122,1,neutral,091c89fca118397a5a1380b04529c9ad914eeba573411fc1c3e91c37daa4ff90,0,0
test:4480,0.23779024,0.27315825,0.48905151,2,positive,8c4c384f5621ee1ebad8723fe5d37db2408f5afcd5df4446d74912145eeea62f,1,2
test:4481,0.59861944,0.35856339,0.04281718,0,negative,22a10718cd992811dba3d1d503ec8db7f17f605c2492c07de1aa0b18b8a68852,1,2
test:4482,0.42090507,0.49913319,0.07996174,1,neutral,00ddd0bf8ac3d8278eab7083f4cdc10c4630769cb1d10ff3f32cebb0e8a2e958,0,1
test:4483,0.13463728,0.82900443,0.03635829,1,neutral,60557167315c64ded4c1b112b0f5bbde4318828f8daf5da7ffe18fd5693b2cc0,0,0
test:4484,0.09106770,0.79959762,0.10933468,1,neutral,d06c6b87d58ca7f29e1078936bfebeb5dd2e1640f007ee0aa24132fc60d54b53,0,1
test:4485,0.49321095,0.30929511,0.19749393,0,negative,ff679bbfd5f4a897e0407c506054145513d9c9a6f28d755b4afd90ec8363878a,1,2
test:4486,0.24170511,0.35241085,0.40588404,2,positive,5b9db7ceb6cb617946382148a2fe019c1203e72034a940c12d6d3fbff328f9bb,0,0
test:4490,0.35088850,0.55457652,0.09453499,1,neutral,71e2afd91680e57d063fcf57088bd534db00562c556466a8c1b48d0df0baf7d6,0,0
test:4492,0.08376269,0.18532569,0.73091162,2,positive,e8cada798f365bc9836d4f696f1e54991d1d8ddaae1bf8aebfd9a8ac5bfeafa9,1,2
test:4493,0.32032941,0.56693598,0.11273461,1,neutral,191f15dbd51770177edbbe9b42a90cefbefdc4eb0e6fad3289ddf993969b0ab7,0,0
test:4495,0.30445748,0.60374913,0.09179339,1,neutral,8f466acc46e7d27ea74c8b2750f6fa5a7fa5a050d1a8b465ad595cdcae93c20d,0,0
test:4497,0.36469945,0.55363018,0.08167037,1,neutral,294e0d837d04fcfdff30224438133a2fc2d3d9d6fd6b8eea0c05b2e54bfeaf74,0,0
test:4498,0.16409581,0.40695793,0.42894626,2,positive,3edda0b6c73c4a0720d4c14990322bdd6ffa20d2813e9f2e75e848ccca707cc8,1,1
test:4500,0.36997515,0.17360197,0.45642288,2,positive,65aafdebc5bc96ccfd87ab1369db1cc42242e1287e4f2ab9908b014717374c5d,1,1
test:4503,0.18346523,0.80619238,0.01034239,1,neutral,6a1ce357281ebbc801a7b6069daa3a1a03febff7c87100b9a2b5e8bf429a7746,0,1
test:4507,0.05946847,0.11338723,0.82714430,2,positive,1e461ac930e5c2451190150f6ce37c0347e4fdbbc28accc7c4167f620d994bd5,1,1
test:4511,0.32372163,0.50318883,0.17308955,1,neutral,3e92a83c0bbf1c64941d84476d7ecfeaacd5c05a5bef2c19ed83260285d96f4a,0,0
test:4512,0.06737538,0.73853542,0.19408921,1,neutral,a9641b2548d0e1bcd5a24d135cac8ee43bc95c5d721847bbfcc18a8a6d27074e,2,2
test:4519,0.08369592,0.82844639,0.08785769,1,neutral,e563a7c6332ca90d42b6e8bfcefc9007285f22d06d185c40baf74f3434214aff,0,0
test:4521,0.41459459,0.23837063,0.34703477,0,negative,29dced56e592bf74079d7bd315dd8fc685c594b48a488a0a0459586196e74afe,2,2
test:4527,0.01183483,0.03293593,0.95522925,2,positive,e22a5c52543e662e723ff20c544b058d401861616f3ff676c6be7ae5825d7274,1,1
test:4530,0.31223023,0.08494920,0.60282057,2,positive,b1e49c763a95c0bd96362ad676b5558184a71d679f6693727482096ce7fa19a4,0,2
test:4532,0.56071086,0.39087625,0.04841290,0,negative,df1c5a199539de8c710c59fd9281c1ca9469a77a06ae3aaab4c51be72bede561,1,1
test:4533,0.19843068,0.34695932,0.45461001,2,positive,eb87e109243060b2fbc5d8ef9f91aad9c3a7c1e1fe6061ae724203dd3b221306,1,2
test:4537,0.23684666,0.38540257,0.37775076,1,neutral,0cf24c8b9897791748b453533978b682431f05d694378e3ef5195f9650a0548a,0,0
test:4541,0.08002264,0.35896761,0.56100975,2,positive,3a6a7822df138b9aa335b8fe5a9ebe2fa6613344dd3ff2e4c38c0cda7876b56a,1,1
test:4542,0.24824157,0.36950773,0.38225070,2,positive,ae2d5b0c4b95c5a05b921a43270e5e8e070c5e4e04e4a7d9b02c28318f269563,1,1
test:4544,0.30096485,0.68915435,0.00988079,1,neutral,95d6b4dcd07fd04e7452a1151f3b7d5522d6d9aef8c27b3b20a8b854c99e31be,0,2
test:4549,0.09914616,0.75797267,0.14288117,1,neutral,f56d1e7179bf4e1ba38f186c276f1ee328ebda55a628b8245cd62f8cb0c0367b,2,1
test:4550,0.62822090,0.12127295,0.25050615,0,negative,bb22a85123ac040847dc3e8331591bbd384f421a85656a60e664820b2a4e494e,1,0
test:4554,0.47274810,0.36812688,0.15912502,0,negative,bd9392206c88e6080d66af3318d2e0f511b595e74199d09dc583107448f2a75f,1,0
test:4555,0.20589544,0.44424892,0.34985564,1,neutral,135f9fbdf4c6466edbc49968476149a668adc57e4bb0da185a59d66d7ce413ea,2,1
test:4556,0.45622857,0.48932459,0.05444684,1,neutral,0df9f804043201795f58d8ffdeb9dde327de499dcdadb89223b7f087eae2b0a2,0,0
test:4559,0.07274712,0.52811913,0.39913375,1,neutral,786e19e1c9aaaa68929a8db9846e5d3c4079a39ec35855602923eeb44ca8735c,0,1
test:4560,0.26013487,0.54832920,0.19153592,1,neutral,b77236149b6b93fc81366b68bfe3c3c902ad2513503e29fc4fb4ca43b3f13aba,0,1
test:4563,0.04493465,0.77975150,0.17531385,1,neutral,e91229024a4458d6309c32de59aae5a5a91b8c2487332a66231e1c8b8596c127,2,2
test:4566,0.05160899,0.84242165,0.10596936,1,neutral,cb8d858b62ccb7bd8482930e33a6a3081bd6c9721bcc6c814e790d3f7896ca7f,0,0
test:4567,0.04004226,0.41214378,0.54781396,2,positive,6010f9342275818da9c0bfbab968a1f9a92f9ea0c611e0763abec52ea847d7b4,1,1
test:4570,0.14267959,0.76554229,0.09177812,1,neutral,1976860df4986b2f8beb60810cb983f0ae40a5a0b364fc8788cab182623c2d30,0,0
test:4573,0.66504015,0.31187396,0.02308589,0,negative,388eb71109a07d5f1d34a4938c7fd4717b7ff0d851af97289daff9da6ce12ffa,1,2
test:4578,0.17563479,0.33759745,0.48676776,2,positive,f125af39d8d3cd2b53f7929d0e32f679ced2227f09bbdb81fd1ed5e2d1453465,0,0
test:4580,0.09961656,0.69389986,0.20648359,1,neutral,2166184bf65c66f01dea2af1b69d7ae99dcb433397f00e41da86e006d100916d,2,2
test:4583,0.47133768,0.28930430,0.23935802,0,negative,b9ad26b6b89e57f5945a75513af86855c6908f739195c78615691cd1e442aed3,1,2
test:4587,0.15397496,0.31105782,0.53496722,2,positive,998a7144d8e596f21621f7008cf2b5289c2db26650f07c545407d29719698b0b,1,2
test:4588,0.21445534,0.62478118,0.16076348,1,neutral,9d2a02e999bc5c618437b08102df3a1c8954464bb4bdaf2798f886248009253f,0,2
test:4590,0.31418477,0.64531231,0.04050291,1,neutral,82def76d07ca1ae7d14bdd8bf034d91972cd73d1e458df9457b65d94521c97f1,0,0
test:4592,0.09129382,0.71862208,0.19008410,1,neutral,3afeb7910ea9d433947b5439ee9ee7dd30956450319464edab6722bee2879278,2,2
test:4594,0.01514477,0.04549358,0.93936165,2,positive,0921e0025e25810fe748351d9fcb31f52dd610d42969edba3c0cb1893feff4c3,1,2
test:4596,0.25326860,0.65521437,0.09151703,1,neutral,fecf9615b7798daf9c2630dc5956c82dfbd5296be2bd8498523eeb5c99e0db33,0,1
test:4600,0.24985424,0.34152818,0.40861758,2,positive,212c83d711c4b89f9738aace38fad145d0b579d984eadc8d915cb152e65de390,0,2
test:4602,0.40636767,0.50080560,0.09282673,1,neutral,a748e18af866eec2ecb8073d4582d3882d1a077ad469e190753a6fd7d0ad6117,0,0
test:4604,0.35989268,0.30173789,0.33836944,0,negative,c9c25b7299df269f4ed274e2b5ef65440d48e0f77c7c59ff7b3d55bfe76fd2d1,2,2
test:4605,0.01171000,0.24197334,0.74631666,2,positive,cd8fdba3e447d3f231db040b9bea77784e5ed9ed7a9050a52fba18531bf70732,1,0
test:4606,0.23462862,0.45743941,0.30793197,1,neutral,d092f72d53864ed800adebd624142ce66d20e58cf0921460aa3334823398c4e0,0,1
test:4608,0.08937542,0.84387518,0.06674940,1,neutral,52180c9e17a6519a7ec312673f0d115545c701824ad7de86116500826fac5df7,0,0
test:4609,0.05706784,0.36286081,0.58007135,2,positive,9aaa45ad6ac2d23f9a272f66876e814b099b7bd654132b377b437f85b413234d,1,1
test:4610,0.13360401,0.33065296,0.53574303,2,positive,80890e8dc78cd85a042e4adcac312b5c2d096cb75b5f14458544d978116c565e,0,2
test:4616,0.07386656,0.67472360,0.25140984,1,neutral,f6ed7bb7926670594ec8ae55a2851d22855e7733ddf46dadf5667e846faa5150,0,2
test:4618,0.04141047,0.68650876,0.27208078,1,neutral,171f2f7725e78478a23cea0afc6f173918a9c212bfebe53028e688397a09a588,2,1
test:4619,0.07805377,0.23293309,0.68901314,2,positive,8122aa214002e6b90a2ab745df49b300018ae85bccfaf048822999473dfa3b1f,1,1
test:4621,0.10995314,0.68737213,0.20267473,1,neutral,555d7ffb63c6564acd59a3184031826a9e5bf3f5c28d1507ee3c9afd03f69544,2,1
test:4625,0.10423312,0.84906234,0.04670454,1,neutral,f9760a0ce82d2f1d92a7987323716475921a41e0944b68250d1ac68e5d99170b,0,1
test:4627,0.85365644,0.08462473,0.06171883,0,negative,6a1e54bb67eb2eb10821a97e6cee5a0c11860dad6c50d9915e4de74a7553854f,1,0
test:4630,0.69941284,0.28538785,0.01519931,0,negative,f128924d0f434d21dec7a9307b396472088a0d43524474b8bce58e2c8e14f772,1,2
test:4631,0.07967298,0.66103372,0.25929330,1,neutral,33310b17d4daf63a25b470688db6c315721be893a85281073204bdcce29e7388,2,2
test:4632,0.31337774,0.61891560,0.06770667,1,neutral,43472851eaaca601aaacd7c8860ed6975f363c2624fed0b9d0860eb96450650a,0,1
test:4636,0.24667825,0.51654529,0.23677646,1,neutral,1bc68ea07a549999bd9b1d5dde2d98774c6c5971be17a1f1e1abfd4d655d859c,2,2
test:4637,0.49363300,0.39208119,0.11428581,0,negative,badb5300c48334d924dcdf34fc973aef2100e95ea8c23c3554076d967929a9bf,1,0
test:4638,0.39304627,0.44541823,0.16153549,1,neutral,aec1a4e6cf8c8413d2a0fd081a6d279b97efc39cb11097e62b80b601be385396,0,0
test:4641,0.18647714,0.48779473,0.32572813,1,neutral,3758688a4641c198a6a018e483d301bed3f191678c17f2c6b44597bbb528fc13,0,1
test:4642,0.10860668,0.64104974,0.25034358,1,neutral,d6fc97f1bdf23abecb4575abeb3de718057fc9eff93b0c5f37119a85109ac404,0,0
test:4643,0.19554050,0.21301729,0.59144221,2,positive,db9255c4b058ff7dfbf0b0c59bc3c680c6d7bb9da41287923364f66dc50faae5,1,1
test:4645,0.27819428,0.53872712,0.18307860,1,neutral,65cad0c61e969ee10242f4ddcd394d3d2b59ba6ce30a2ce0d4cbfb4c0c880155,0,0
test:4646,0.15493215,0.18013661,0.66493124,2,positive,51e498c12a7d9d057102d566ad0de66dede219a16c9821db3ca7f39b46771fa0,0,2
test:4649,0.18452821,0.52331684,0.29215495,1,neutral,d2a60cecc7a25aabf5e336399076bedb7d6aeb6ceac98d8b9addbb27dc8c58da,0,0
test:4650,0.14483877,0.71731761,0.13784362,1,neutral,bd09dca6880d3af227793b1cecc5caad61361781b540317818a05113d2c51e5f,0,1
test:4656,0.46368010,0.39263101,0.14368889,0,negative,880b6b00e8aaf02d26d6e0d1d786f12d4927a53ce4df9b885b1f1a6629159f4d,2,0
test:4657,0.06699713,0.40514683,0.52785604,2,positive,d47e7f810ddd0a90a811c3bbf97a3f053d45ea895d9ce54b1a3c13ddef67ab48,1,2
test:4658,0.24584178,0.39616309,0.35799513,1,neutral,1e100afd581e95dc3c18b04e515c5095a280c86b8ed057f40d995d9a578e7274,0,0
test:4659,0.20131482,0.21728663,0.58139855,2,positive,58ac6dcdb018c2ed0a412d2e6db4854f29d2051dcda05469206bcd44461a4a01,1,2
test:4663,0.53723467,0.37159482,0.09117050,0,negative,0b608974651c3677edbe567d6d8c6cb90e1aa8e3951a6b52ab41ddde7372b4db,1,1
test:4668,0.55435863,0.37644566,0.06919571,0,negative,ac92424702467d11f81feeede5a75c8b8fa798bbdc9455454b33acd78181571b,1,1
test:4670,0.19875907,0.73864117,0.06259976,1,neutral,e14ed523e842dafbd357cff202c5a210dc1d9abcbc0a5cccbb86de899bd10d2e,0,0
test:4672,0.30115197,0.60673980,0.09210823,1,neutral,c7d3b3eff3e3ee0582fa1597756b311cfb2632d89f3d8e9476e0de25c49b05ce,0,1
test:4674,0.10551370,0.13473314,0.75975316,2,positive,c2cf1e67751a00b55530e941beffb6abcf89a50e6495a357381bf621728a842f,1,2
test:4677,0.22104374,0.32013612,0.45882015,2,positive,e6cf44ef8caf66c897b06f2069c19bdc139c9cd8054a82949c8b7eff58c34154,1,1
test:4681,0.35271360,0.45270240,0.19458400,1,neutral,8c1220cc5845e8a8f630e7410eb31ee8c04713024e0e488804615d359808ff0c,2,1
test:4684,0.33058978,0.37130811,0.29810211,1,neutral,3383ed34656318debb67aa08de2ad46d8b6ee7db3dcbb11c62edf51632180810,0,2
test:4687,0.33044361,0.38284864,0.28670775,1,neutral,386277fc378139f3f08aa4683f146b366a8ec70748574d77cd8834e0f6a7045e,0,0
test:4688,0.03682609,0.80074064,0.16243327,1,neutral,b38b8c75facc3bec740966213e42c3c94d16e9323e37a5aff85b5895b25601c4,0,0
test:4689,0.46531245,0.46578162,0.06890593,1,neutral,f84ce4c9bc8633a20516d4bfe2b068c5cc1e2ca409dc4e727d576bd7d0aaa854,0,0
test:4691,0.20093917,0.57750643,0.22155441,1,neutral,539b52f6b91b784b87d38a7fd54faba0264256a63f2f92926fb169f3f9c719d8,2,1
test:4694,0.11167276,0.50923278,0.37909445,1,neutral,3ceb93615fffa30783fbac7f9d404d6a70c4dc6bc3ef4a02dd67040e07fbc2c4,0,2
test:4696,0.03418385,0.76759289,0.19822326,1,neutral,43bd5f285a53911fe89d347fe486b04bcfe7951ca0f89d34bc0a398093affae9,0,1
test:4701,0.39939965,0.51622247,0.08437789,1,neutral,dfac4c5b639313d982e19640412180173d8926a6797721552cbbbbff0c22ede1,0,2
test:4704,0.48832811,0.38059307,0.13107882,0,negative,7956af78f1c2e0baf7d5a322355f0e83702b6cb3bb97fad8c8e5c68319aa8dcb,1,2
test:4705,0.11794046,0.81746961,0.06458994,1,neutral,76a2dba2851e39e2a0e18926658f8a6c73aa3c76197ed937ee178b0c6e3bb327,0,0
test:4706,0.08941083,0.74037021,0.17021896,1,neutral,813ace31f3164b59b140c0b14b20c3726bf0e3ea5613bbac254459e803810a0b,0,0
test:4707,0.15770616,0.51024440,0.33204944,1,neutral,e3f1df0e3585265859a037d995b3b3de5ba93b928213449e00b0f53ded628841,2,2
test:4711,0.04309973,0.10697383,0.84992644,2,positive,03174931fac0866a1b2a8cb935049d8026df05802482a71d09f091091d84e8b2,1,2
test:4713,0.15064111,0.36470461,0.48465428,2,positive,e88abcf38aa44169a9bd9d63ff017ecb43ee40ad139fd8457481e8d72bb86de9,1,0
test:4715,0.01132779,0.24513449,0.74353772,2,positive,de944b44b712bb632f957a5f839edaa7eead712217e5fdb415e770e1bcf4a7aa,1,1
test:4716,0.03276054,0.91218557,0.05505389,1,neutral,51a2c8d7513815d4f31e30cb216c2e557a7004c1dde570abcc77dac7280f0f94,0,0
test:4717,0.40278246,0.41591066,0.18130688,1,neutral,7f6ba97ef547579e678a2497aa86289426303d77daf884c5946cdac49b89b8a5,0,0
test:4718,0.30534554,0.47968149,0.21497296,1,neutral,d54f52ca1d6fb462bddeb983d2150478f1fe347d7e865c326481b3b326be2837,2,2
test:4719,0.07093314,0.26093898,0.66812787,2,positive,d6f4614d5479d57e9f3da8862a64ff0ffa1919c3d4b24f66b13b6e4b17311351,1,2
test:4721,0.27571801,0.32532754,0.39895445,2,positive,889b53c2042b29c5146b68b4a66fc02655a083f3a3c615286cc17adbe6432426,0,1
test:4722,0.21231029,0.70287846,0.08481126,1,neutral,12ec1c0549d9c400d3c764d0d43bbbddf6868c94d64227e01b93f9a6a6997ec6,0,1
test:4724,0.13396116,0.30872605,0.55731279,2,positive,5cc38e4f749eecf84dcdd086f1e7b0f7701d5f35430568b16501c6e4e4f4acd9,1,2
test:4726,0.32929322,0.44450421,0.22620258,1,neutral,5efa5de3291f3f960dc612f5e2c115b57f2e85a541feccf76866e91c176fcf61,0,1
test:4727,0.25176760,0.19007668,0.55815572,2,positive,5966a4f7efa250ab5cdde44b5a700c7059eb264a696137643139254aa298beb8,0,0
test:4728,0.11715490,0.43591317,0.44693193,2,positive,22e57a9d00f12c090f07ad6b4bc349f1823c9d57fb48bff7d124bdf02e9de61d,1,1
test:4732,0.06320768,0.70342338,0.23336895,1,neutral,db2ac340e3ebd1cc23cad020d286b99299fda7e6cfe833f177dfa817f04d0278,2,1
test:4737,0.10071293,0.65135078,0.24793629,1,neutral,b8d935d9ce9c187a193b8ce3af257dd1baab69ea9356677c2b938ed3e416ec43,2,2
test:4742,0.08846284,0.18068808,0.73084908,2,positive,45afa8e7980c431038da32f28bfd2ce7c9594aaa9e741f590775287f0c6c706e,1,1
test:4743,0.06274376,0.90441777,0.03283846,1,neutral,21cc88320fab4391e1800ee16d625733fd5d8ffa16716868b4b66840aa9122e3,0,1
test:4746,0.06128721,0.75114112,0.18757167,1,neutral,4f1e2aaa4f42cd167c181b3da16834aee858d62c62972cc6bd0556e10ad4cbf6,0,2
test:4747,0.24788564,0.30504870,0.44706566,2,positive,c82d1e23c674bd4a5ef63169491e24ee1b7297daeb70ebbe61b8d256e7047e1b,1,2
test:4760,0.37199707,0.19184444,0.43615849,2,positive,30796d02edd6ae6e28a876dcc4614320472eabe6792440a83e6875d58b57618c,1,0
test:4761,0.07733327,0.60647540,0.31619133,1,neutral,8a319ef557170d31f0a1a47541101e26b0f943795bfeb698e3af87ef23bd140e,0,2
test:4762,0.11056411,0.47268086,0.41675504,1,neutral,2b54eefc373284f0e18651b9fdfa1bef92ab9a249a1625d049d71ba4daff842a,2,2
test:4763,0.09097630,0.87476883,0.03425487,1,neutral,c0c7750dd2da6c637d2fc8183cbc86f850e668115a8158c7ee99f671140426d0,0,1
test:4765,0.45875807,0.36890368,0.17233826,0,negative,20d41bee5c59073fd50cd4a011731d6449cae263c289844a82e72c2164c659ce,1,0
test:4770,0.16340509,0.63000443,0.20659048,1,neutral,654c8a2d432deffc9865eae7977af7c88282151481c58a48a3f5fc87129d4533,0,1
test:4776,0.14776009,0.69374048,0.15849943,1,neutral,5e7cb625732500e69bb0a991c0ef9f907816ec8f982c3470bcd585d6382d18c5,0,1
test:4778,0.23056081,0.70456161,0.06487758,1,neutral,6425e4316f356d2385075b9b3f4f41c6c6ac1dd438d980bebca3a1070622808a,0,0
test:4779,0.12407339,0.21188545,0.66404116,2,positive,e788fd978b4d499b2d090acecbc886473eacb84f829a54a55315194cd2a854ad,0,2
test:4780,0.03645163,0.78309477,0.18045360,1,neutral,0cafa64ee3324c66828403479ac6d39e03befabeaa13070f949875910f3102a7,2,2
test:4781,0.41063301,0.55047872,0.03888828,1,neutral,4a8cd4c64fa2310964c91d92c7593803d248bcb1acd3a1ad72e531d883477df5,0,0
test:4782,0.02247033,0.46474840,0.51278128,2,positive,1d1869ffb1daac30edd6cbc53ebbd76adeaa41301698285ad0886391194db9f8,1,1
test:4784,0.03326221,0.20574543,0.76099236,2,positive,35f1bd649ada0b0d5cc861f9138b5810b15add2261c79fed80d6e571a7b48921,1,2
test:4785,0.10721028,0.60475946,0.28803026,1,neutral,e662af05d9b18d45ea5e2a01f8f07f08e8298438ca034ea2c30530af3ec0294c,2,1
test:4786,0.47646643,0.24546095,0.27807262,0,negative,e9b3383e5a896ca3cf7684562fa59f29adf8d09916beca511b636af5d7b9691e,1,0
test:4787,0.09269759,0.85219916,0.05510325,1,neutral,e57616139818fa1b1e6373f22b7e46bcb0e6b93072cf77ce28afa34e5abf6568,0,0
test:4789,0.37139171,0.17997053,0.44863777,2,positive,25a9a5d52b77c8f8ca883163fbcd9f90504a26752fd1fb36969f46d6452c3a73,0,1
test:4793,0.12061729,0.20145146,0.67793125,2,positive,efcb7fe898baf9dc17fdde292f6472be81facf1ca0d32919fa4dc2be40920ffd,1,2
test:4795,0.18464022,0.36727668,0.44808309,2,positive,0d266c371f8d762dcaffac8ce208fddeefda31279120e26253b3b21af85d4520,0,2
test:4796,0.08700447,0.75368362,0.15931191,1,neutral,991bdb2a96e505ce3fd10494ded05b658324f3479b502e16647f3e12ba13c55c,0,1
test:4797,0.52540694,0.39329118,0.08130188,0,negative,181edc44c61af6178177b92645615f7c5bc12f8f46f0dd9df611a1dec2be914e,1,2
test:4800,0.20524593,0.50652524,0.28822883,1,neutral,fc6f8d89935d37e719b19033eb2fd218e5aee41c98fd4587e868d709a3781089,0,0
test:4801,0.50360996,0.32000940,0.17638064,0,negative,7f08e5b4b6c7356934dfc5d54177d4525c40ff6ef71981d3fec9932c96197021,1,1
test:4802,0.04214746,0.32042281,0.63742973,2,positive,2b756a6a482e24b3cb00e96a1d521d15c768b3748383bc17838871adc4e7bb4c,1,2
test:4804,0.12281899,0.64055507,0.23662595,1,neutral,839d9287ae813c45d89b2f4de5c6b785caf664d876b2e846449f51a5236d90ae,2,2
test:4805,0.07239935,0.44226553,0.48533513,2,positive,d2d97180adbf7cea43110c865f5fc0b68bd99070bcfd3192f1b71b857c70c690,1,1
test:4807,0.45238439,0.44669255,0.10092306,0,negative,b1689f7a9a4f989a55ebfd0559c8931da1f333c254c3482ecd838394b43f40ac,1,1
test:4808,0.15085498,0.77183836,0.07730666,1,neutral,7aa30e62f6464f872952fcc735c38c0a8d7e14ad8962dec93807ca2318726bc7,0,0
test:4810,0.04846515,0.61415552,0.33737933,1,neutral,0977baf2348120ec841a7db9d3afb57af3ea5b24f3e71f8c556c1ff0088f87e4,2,1
test:4811,0.32139350,0.39161382,0.28699269,1,neutral,ea46c069a8a89a2f87f90f7e82d8359e42720eebfd6cfdd77bd20ef26f07dce7,2,2
test:4812,0.27477284,0.58502077,0.14020639,1,neutral,4895be18f7f2605cf9670fc9f990b545a2acc9b2a0533a810df3844a1b71ec65,0,0
test:4813,0.28833825,0.52022761,0.19143414,1,neutral,8f8777e754de54c7b6811af6d8618da71578dfd5ee6b46fe5172115e1333cb9d,0,2
test:4814,0.85946346,0.07321556,0.06732098,0,negative,83692d42b7a154b3fbf01763ea457dc8ac1aa66058d4abac7c8c77f9162acfb6,1,2
test:4815,0.24442166,0.18511481,0.57046352,2,positive,cba2fa1f12ea84be74ea7b9b5347769ac96d32ccf973ad65d38c7c508341a16b,1,1
test:4818,0.32566290,0.57491181,0.09942530,1,neutral,f7338ba1297f8ec48bffed34c4205bc7e971ec98f04adf3aba582e63e042e195,0,2
test:4819,0.63212906,0.33860266,0.02926828,0,negative,b493505e81264cfc55f9777a2bcdeed30e54e819357882e398bcc3d63bc1de6e,1,0
test:4820,0.05194774,0.31859112,0.62946114,2,positive,f391c64375e0a146626ffa28dbdaf3a756b8dcf9ae04e14c0d093ab4e687fce7,0,2
test:4821,0.07655517,0.40277749,0.52066734,2,positive,3424c9f192c0439bd748f89d2e83f95f03b28690d8db4040ca9dc9bf695af78c,1,1
test:4822,0.36772361,0.12573070,0.50654569,2,positive,74810bc7bf00c0a856faac3ef1746448061bcbbffeb475acb424d9952854b775,1,2
test:4823,0.06544209,0.69957273,0.23498518,1,neutral,602595484177598b4eb4bdf19b6ce18637522fa86f382ddf8402a80c55d89a2a,0,2
test:4824,0.36658405,0.34442353,0.28899241,0,negative,c1a1f6726698159fa4ef153b45e7c37a3163ff11121f2adde500b69f0702d789,1,0
test:4826,0.05324621,0.30876725,0.63798655,2,positive,15acd07bb9addbc05e0d77c216ebd47c03f3bbb16bfaac3d775ba06d0073f52b,1,2
test:4828,0.05511405,0.05221082,0.89267513,2,positive,2476ee627a6b9aa17fe3b42cbdeb80d3d05f553faa0f2d4c208da9a186fbd3ef,1,2
test:4829,0.02751557,0.23981054,0.73267389,2,positive,795c97b402b4433a5aee771df649e9ad6fb2d88c0988ce56dfcf592c9fa346a2,1,2
test:4830,0.06059515,0.02084124,0.91856361,2,positive,4895878ecabf43d9d94027b9f56e76a720fe4bdd66ea9557db2b349461df39cd,1,2
test:4831,0.50789990,0.34056885,0.15153125,0,negative,7f17b0fe47f6dc80f3d7a37107a039392e8f22fd3da87b8e55c78cb87c7f7bac,2,2
test:4832,0.80940298,0.12213370,0.06846333,0,negative,dde0ba3662df280cad54527aea743dbcf18acbd1b25213fda1455d6abf012bc3,1,2
test:4839,0.07376912,0.32227877,0.60395210,2,positive,4334f76bbbf11d4f7cc07aed1b38774525efa9bb8b3bcbacb6aaedeef93ed5de,0,0
test:4840,0.16095416,0.72368819,0.11535765,1,neutral,e657c784fa7ba1a502b9fe881f65bfb3e7b01e94cdf04d4dd45138237ca9f2d2,0,1
test:4844,0.15618841,0.46577903,0.37803256,1,neutral,db665ab71eb3c0908ac8b30ef0797c2523b5a173c1f7fc47c4009a921d995a54,0,1
test:4845,0.02771187,0.54400969,0.42827844,1,neutral,3739ed49ec6bb44f0f508a780db010ede34f6d349d47c0833d11c7cfdbb40902,2,2
test:4846,0.12006088,0.71055214,0.16938698,1,neutral,dd6c37ba791f61a7ad875f2054b566ce7245a6d3e47d0eaa587efa009a2d2258,0,0
test:4847,0.15954850,0.05979862,0.78065288,2,positive,c778ac9605916ca833a7363e6607aa7111983a43776bfffb7044048dd17d9525,1,2
test:4856,0.58558581,0.37408877,0.04032542,0,negative,cd75a1c7107c50dd92bcf809e78f3d5dd91c007a6a505c39848b5e1677f149e3,1,0
test:4858,0.10221708,0.43629919,0.46148372,2,positive,42bb8dbe051d0609fd0701874aaaad9e4d6f39233271ac101476c2f562ff78e0,1,2
test:4859,0.12499530,0.24876067,0.62624403,2,positive,9080b62ec7e5f21456232eb6e5d3a7aa80663598bfa54409aef006091d5e29f7,1,1
test:4863,0.02277283,0.03533529,0.94189187,2,positive,cc28ff7214c2293e12fa370f2d898355894060a44a8060a8ff175b625e1abbbb,1,2
test:4864,0.16914173,0.64874308,0.18211519,1,neutral,02632117ba3d57810b47720882a71162a18cc9a209f55064ed6740c3140ee9bb,0,1
test:4866,0.12691453,0.83594200,0.03714347,1,neutral,f954e9e29190ba4f55c59c557558fc74897a8cb4ad5791d7a79fa7eb4435a9ab,0,1
test:4867,0.43322453,0.29842574,0.26834972,0,negative,92c47429ebee5bc7129378e75ec723985cca4e6dbda5736a44f539ec6a6abc89,2,2
test:4869,0.15183479,0.76568085,0.08248436,1,neutral,ea63d444423d1a8e34af7e12abf13d1c365f4ef3950d86c824367ea081529f44,0,1
test:4875,0.00823294,0.28705598,0.70471109,2,positive,c84747fe91a14adee12e7649b4f52547a1b375e5df42c5c28554a4566d058bda,1,2
test:4876,0.13813290,0.62545768,0.23640942,1,neutral,7b92906ccceb1d7b1e54ab5115ea96431a84571f5ee07ab2c1c01ef65126e4f0,0,1
test:4877,0.11563800,0.32727292,0.55708908,2,positive,f539cb1527f802208fc1347ded05ff5964efa683fa6a9db3c84204b10c4dc397,1,1
test:4879,0.20185520,0.39954575,0.39859905,1,neutral,b3028e4cdfc6992158f6e2cb55b0040309e27feb8cea431933599a8114e2d131,2,2
test:4880,0.05184391,0.39174779,0.55640830,2,positive,632dbe799c6f33ff195de2fd6fb4735c7016d8db9d5f840e810155610987efc8,1,2
test:4882,0.15471948,0.79138992,0.05389060,1,neutral,c86e1df55a2d2d49ade43faaa76f0697253d9d2bfddd1b3f840a7351c9361e31,2,2
test:4885,0.01326827,0.81144337,0.17528836,1,neutral,72a199feb1be53358c7af3843017df40c476e46be3ec79178e34940fadffa842,2,2
test:4887,0.36147049,0.32285877,0.31567074,0,negative,61167fa1922537edc41d797f6dd4d27404401f0710cd5c9dd31699051b46135f,1,0
test:4891,0.17600063,0.48158105,0.34241832,1,neutral,678f2145e1a8067dafbd9c58b433ca40b2ec3f65ac8e63ef1e1b683e0baf3949,2,2
test:4899,0.21015413,0.44266350,0.34718236,1,neutral,399976e1579e058b41a6c79a1a00cb54011c05db938ae6cf296ccb71217932fc,0,0
test:4901,0.20854917,0.54446923,0.24698160,1,neutral,107543f3943d54547460587e9e12805a082c171a579e2dad578a103a66992843,0,1
test:4905,0.28773283,0.63248701,0.07978015,1,neutral,a26e0b414a2712271eb547bbccdec45cd2d5070cada6698b505f0ffcd9c5e0ef,0,0
test:4909,0.61748441,0.29199194,0.09052365,0,negative,df201508a9e769795ec8b91653fd33be2e6e07b96791f5bb663fb2cb49d0c691,1,0
test:4912,0.08470788,0.53863298,0.37665914,1,neutral,c9d7d8a839507b12969720e8728ab0cc6e6c109b04d13e4882e2404eb2690027,2,2
test:4913,0.26470163,0.64463364,0.09066473,1,neutral,011ebcddf3d3e3ff1fb55946530a716eee567cc8eba40f10e79c90a832ccd8da,0,1
test:4916,0.18315605,0.52128299,0.29556096,1,neutral,6a9397e6d89cd406d78982aeaaebd32ed689c0443dbeb5e11d2ac060a366aa4f,0,0
test:4917,0.09356414,0.16299219,0.74344367,2,positive,757c96c1ead89d3c7462173c82f6d1c3f6159c3e9e8fd685a911698d285d26ec,1,2
test:4920,0.06127547,0.30984890,0.62887563,2,positive,a59150e495e7280e3ab06425c7d911a4352f59c692f90fe7c74c13b58798e8a9,1,2
test:4921,0.55487733,0.31295508,0.13216759,0,negative,92ae437a49a313eee89b5d0c5e074af42f04143a0e31e2b0fce58d6d632c63cf,1,2
test:4925,0.12963538,0.78082503,0.08953958,1,neutral,d0cc8789ad22537f5e198acaa2615108284b3a7e333a3b8a939fe8a78610108f,2,2
test:4929,0.01674739,0.28920663,0.69404598,2,positive,863241ec91cea5452a9393c000a921aefcd34230feb132158e8b61166c70e8df,1,2
test:4932,0.53679182,0.45573016,0.00747802,0,negative,0c00064103c75e438fb88cc3236ca75dc8743bccf6a4402c73ecdb331e3742ae,1,1
test:4933,0.12029094,0.77673332,0.10297575,1,neutral,7a02a09209a2a3b5b8b5a55c8bd750349c020c6f27b2a3b072ac30db395242d9,0,1
test:4934,0.07543527,0.45821914,0.46634559,2,positive,255120dae88a4a8e7a3c77f39064f089fb9cf5f8a46e330184a956fd373fe41b,1,2
test:4938,0.08675918,0.50164943,0.41159139,1,neutral,ef8d6bf8fec08ed378a100d3bfb7756f87c51ca1e9a3a1da44cc1371478da9fe,2,0
test:4939,0.38203198,0.51396534,0.10400268,1,neutral,2fa28adca3f6477610dd1fb7b3c74da26691dc5b6981574f63f7287aef1e521d,0,2
test:4940,0.09675968,0.84163755,0.06160277,1,neutral,bcba7ce387367179efbde49d8a980df593a78df0f36ee99c693d64eaa29cfb86,0,2
test:4941,0.40832619,0.37941982,0.21225399,0,negative,0f287b9a48954fdc840558bae38dbc08435ccfedf98569bf4218e0602d297d04,1,2
test:4946,0.06335210,0.21882603,0.71782187,2,positive,63fc58023922d7ec0b2fa4264a01af7ba9cc53a9e4dc9f57d8c3b26389d09d04,1,2
test:4948,0.11444216,0.50176221,0.38379563,1,neutral,7837a53c1f3cb948449fbad95a96704fe22a66c8da585a989c5e6fc27bb7bbb3,2,2
test:4950,0.29040823,0.65898806,0.05060371,1,neutral,bfd435c392bf07bd4d9ea61f77727c05a813298e595e07fd9058585a3a87fd5f,0,2
test:4956,0.32425792,0.16383964,0.51190243,2,positive,4052e5e0471708d9a9671098518258d7198c6b01f8f39bc81ebb800f4503d57f,1,1
test:4961,0.28884304,0.68923010,0.02192686,1,neutral,634c1731e147ba4f5ec68a27c0e5e868f1c5af354a69350db0d4213cacf0feaf,0,2
test:4964,0.38627267,0.35169706,0.26203027,0,negative,4fe60ef5cbe7978b7984b98d52e411bea1fbbbea972eefca045d6cae9e5eb8bc,1,2
test:4967,0.99186515,0.00279659,0.00533827,0,negative,8385bc0e95947038434e721006cf0f7a8a6dc2362310299f9a335e8e70485f78,1,0
test:4968,0.14574112,0.75951451,0.09474436,1,neutral,0dd9e615f6f8f30cae8e2f7ff20a4a5b9c49abcf213f5d6325b30c59e6e4e1c4,0,2
test:4972,0.21777217,0.55025093,0.23197690,1,neutral,a357a6d8dac21e767d435bd4b09921615f1bd7822bb51bc51dcadc22e05dfcd9,0,2
test:4973,0.25642835,0.72735306,0.01621858,1,neutral,1a1df3ed11d82d050486621657ffcdf421eea602fe55b042a0c82ba7db929347,0,0
test:4979,0.06639578,0.68701836,0.24658587,1,neutral,8df4e751fbb11ea0147a5d3bdba3ce0a3294cee0eb32395a6816ffa7971dc25d,2,1
test:4982,0.15905839,0.18144728,0.65949433,2,positive,355603f749dd5f694a8e7c1ba868d0bf21ad539ae1225552ca5fdd37e63fd852,1,1
test:4983,0.26831525,0.71755011,0.01413464,1,neutral,2df95bc47798d4e1325affdba40f899e24446c4b3e372f683d84bdbfbf44c179,0,0
test:4984,0.07751338,0.20726279,0.71522383,2,positive,ec50c5c5b9804a1fb235b2ab7671b9a0820d5cc17e61f086f12768323b237ddd,1,2
test:4987,0.37160649,0.44898870,0.17940481,1,neutral,e04e2ccd33fe639c2cb6aa592fd1c11ee840987497be5d1610942506447e6452,0,0
test:4988,0.43423490,0.45173007,0.11403503,1,neutral,70a368d4c61b8cccfe9236bc67a1813aee379048da108ad301f9cb5af01af26d,0,2
test:4991,0.21308168,0.40508509,0.38183322,1,neutral,cfdb619385c1d6899fb892a33fa833b273754bb97437b62d6b0ec90fce13a1e6,0,2
test:4994,0.11981424,0.22307158,0.65711418,2,positive,a00d373ee6a6c40f33c5de89808e12063423423e3ecd687757d050c787f03db6,0,2
test:4996,0.14439463,0.64899306,0.20661231,1,neutral,5e9f16391a1583f693e6b20b120e9822ce750d9a75309f5b96ccc52346d3ff8e,0,0
test:5000,0.32879443,0.63561757,0.03558801,1,neutral,dbc79ec255541665f649c2e8a552dfa38ca2e5cedab98c828f080c1117fb3d47,0,0
test:5004,0.12855351,0.40194525,0.46950124,2,positive,cc74b59fe710a97d2d5c7cdc22a89719f374e5ee7b7504fc69abb3472f6628eb,1,2
test:5005,0.20328514,0.74785600,0.04885886,1,neutral,dae6af8feada11745eac072369c238b2961eec5ff40a6fa09c6edc9eaff57bdd,0,0
test:5006,0.10741370,0.84563691,0.04694939,1,neutral,25ae68df7284009297e916370ce71287c04c19c088079b5230046f277891fc16,0,1
test:5007,0.11102358,0.69314391,0.19583251,1,neutral,1d32248a72df228e7d91ee97fb072ffdb147713a3ad8c49ba07a29719ae80082,2,2
test:5010,0.19582788,0.52171334,0.28245878,1,neutral,78194f8c94bd841a4ca8e4c781cd0b1ade3403a393c30979417e3ea1eba8abb2,0,0
test:5015,0.08283999,0.86153476,0.05562525,1,neutral,54b53d291f31aa506cdf116460992a7756f3b3529eeee8584a48aea68a4be92d,0,1
test:5016,0.69260829,0.19332663,0.11406508,0,negative,cfccfb2644204ef8a626cd21f2bd8c57936ae8cd8727b0cb21dfcef14591da8b,1,1
test:5018,0.63933405,0.15551373,0.20515222,0,negative,6722b8cbd57f7c3580ab5792f98e5a4ebe333988ba061c6cadf149caf40d5482,1,2
test:5020,0.40781494,0.26926103,0.32292404,0,negative,17d4cbd65f510c6bd11fd051403d19055633dce926da20920b42c53da090057f,1,1
test:5024,0.16982222,0.34380057,0.48637721,2,positive,612b526c156c52febe10a297efade4e598c6b17a28e93cf381f955fa3bafde98,1,2
test:5025,0.28885803,0.54401574,0.16712623,1,neutral,ff284968ca1ca7f714998cb5c65097ee76d767fa6f212200bd60ee94d00bf21e,0,0
test:5027,0.47832199,0.44625313,0.07542489,0,negative,aadedcd3b6b230f9c5fb149f74e86160eb154d07d7397355c7a722fc120c3ab7,1,0
test:5029,0.20493266,0.56538101,0.22968632,1,neutral,924d2a5cfd7a11c47f4b73bff5eb99067ba88eb2c6429a45a2878e014513538c,0,1
test:5030,0.33914088,0.60815172,0.05270740,1,neutral,93c0c70b34455cf62c1b93701afb1f58b4a497eb22e068a42615dd97b3fc0374,0,2
test:5032,0.39773615,0.48580758,0.11645628,1,neutral,abec4a22f0bf4fee280fb5be09f13d95133021931b533eac0ebafd55e9521f1a,0,2
test:5033,0.29460209,0.19954521,0.50585270,2,positive,87c4eb21c038f469f1ceb61cafe142740ad016ba2cc790e4711f35e0bf280e7e,0,0
test:5038,0.02924087,0.12481337,0.84594576,2,positive,3948c7e10d2b08f2f1312b5c6557a5fc4bd6bf0a7f2d27c5667dc5615e94c6f5,1,2
test:5040,0.14573529,0.09528524,0.75897947,2,positive,be9aaa56c153632163be19a1a1ecf790c7573c7c81d5cb1ddd6751ddb4ce73c7,0,0
test:5041,0.24293133,0.68092425,0.07614442,1,neutral,c2d45a131e65ec2d4be6d01d29f31a50fb5cfc39b343167c245b72b07e3be56e,0,0
test:5045,0.18971994,0.45659635,0.35368371,1,neutral,c801d3bfc68fcdc881b52159def8ca36dc874263315ade380456e589fa01ed08,2,0
test:5046,0.24085804,0.70963553,0.04950643,1,neutral,79e7ed54dd291bb50d6afdaa424813bbe1438c0c25d4e0692a9263033ee85363,2,2
test:5047,0.21618587,0.73825581,0.04555832,1,neutral,aca035d6b813cf18b93610f0cac103bfa891b4ea28cb35dffd2447899605a144,0,1
test:5049,0.22177833,0.56336420,0.21485748,1,neutral,1f49e0d4c56afb33cca0015fa45cb772eb1de0f0ccbe5e299d005f787319a403,0,0
test:5054,0.10271100,0.83895083,0.05833817,1,neutral,1bc61a002445e506a1aee3ce8e0047ce6acb7c470e9a37f574cc7a104537b26a,0,0
test:5056,0.25635409,0.48651544,0.25713047,1,neutral,22f9a32d4fcbbca30a7440fd0fa001429f14ed450ab05b09745eba2becf8115d,0,2
test:5058,0.57796238,0.38675627,0.03528135,0,negative,5ede0008f02214ccb82b308d22ab895a5cda424c3f5f5ffbea25d8ec8edbde47,2,0
test:5059,0.10131561,0.83659755,0.06208684,1,neutral,11d35f06ec44ac49b24871a708ae7fc27363e27bb4e0b5f0ea4e3191bb91827c,2,2
test:5063,0.16543476,0.62757797,0.20698727,1,neutral,13de19e52460902e6fcb4fa919860a0f0452a3101d7a945ee7d3847a63f0b37a,2,1
test:5064,0.02034103,0.10777592,0.87188304,2,positive,1dd6b425636f2f704efb91f04c590fe4f5448bb759df251dae4a5439005494f2,1,2
test:5065,0.31242581,0.30601706,0.38155713,2,positive,38740187a27d41f5d9e5959d215b90d01c5de1856392915f788ae25bc3b0792c,1,0
test:5070,0.17978199,0.58516344,0.23505458,1,neutral,4385f6c65f4eeb78384749685473a494ce0034f2b95ce496b6690484ce323f9b,0,0
test:5071,0.15466415,0.42315154,0.42218431,1,neutral,00f79c9b7372055db433bdcaad62236e6e7fec76c635098f9c71c435e1666598,2,1
test:5073,0.07409044,0.75817617,0.16773339,1,neutral,774ca51631ab21709dc148036002b5d368760081b00d306eebd75a66ae15cab6,2,2
test:5074,0.44167443,0.52948432,0.02884125,1,neutral,ce1e04b3d4957309eacbbb50d6834f9fe31e24040e35bf0050800ab1a36b6139,0,0
test:5080,0.28261246,0.25964651,0.45774103,2,positive,526bcb1b5a21bc855bcd1d5533a43798315bdd043f54b515d708882e818136e7,0,0
test:5082,0.24884927,0.59873234,0.15241839,1,neutral,75e894694c8b1d4232f8c1b9a633a8ee66000e4382c5f430f92a37685e2ef3c3,0,0
test:5083,0.14854507,0.80811316,0.04334177,1,neutral,99ba2aa5a01d349995b28369a409ea9cb8c9f636612c1301ff5bedb884f0fe7d,0,0
test:5086,0.19205905,0.26674902,0.54119193,2,positive,3286205a00f03a710a62f931416461078a79370ca70ba294920856dd7f236c6f,1,1
test:5087,0.18259609,0.28025353,0.53715038,2,positive,fcc726e18b88be7bad9c00438e9142b09f1507f5c600e8733a7fe6c19d534647,0,1
test:5088,0.19732354,0.32751577,0.47516069,2,positive,306812eb9d5eeea9be0e5590a363151db482fbb1b49ef5b353810a9eb184a653,0,2
test:5089,0.17404893,0.64559889,0.18035218,1,neutral,061c9411923beb89d1c96ef48653189b25f64d5537d3bff219e04e14ba17db11,0,0
test:5092,0.37135376,0.38348520,0.24516104,1,neutral,98fdd03481e0c0de75193d7fa28f49f17db7de916ada033826da219a92546568,0,0
test:5093,0.45266419,0.25827140,0.28906441,0,negative,37ab2bdea5a1cfff011e9f166b05a4a7236c13777362a5ca4af86e276796a182,1,2
test:5094,0.35340864,0.16803757,0.47855378,2,positive,a5f882c86616856c5e49106437f757b39cb0f62dffe684362dd6b953d1d3426f,1,0
test:5095,0.16304512,0.36218011,0.47477478,2,positive,61b86f5fea7d1c11067877e4646b527906016f3dca8a492dd7e40e41a2065fdb,0,2
test:5097,0.54211471,0.29271058,0.16517472,0,negative,3b31c25f20956fc95d3febd98c5c893d2004b3912426a087fb597d8de5648816,2,2
test:5102,0.45032238,0.45518963,0.09448799,1,neutral,80fc9d2a5e186399c903ebe31edeb2675080d8a7587ac8e5d48174dd9b965fac,0,2
test:5103,0.25740552,0.19603849,0.54655599,2,positive,35e370937667324d0c3862d18a3dc7757cf769b8403a4d379de889915e7a8252,0,2
test:5105,0.34558546,0.47138330,0.18303124,1,neutral,d151e80b0db73b714aef880cc877f66518146037d167370be5149943b3e1e858,0,2
test:5106,0.53457781,0.41857699,0.04684520,0,negative,f78a0334f39ac4098798b4f892d113745fad2bcc0581b6a6ec27036c704f7675,1,0
test:5109,0.18674865,0.28672631,0.52652503,2,positive,5bf03e32ce61f5b7267dda05cfe1b866895d3caab9ece31aa4060475db59f471,1,0
test:5110,0.21135704,0.69712704,0.09151592,1,neutral,0adc1a710381ff33394fc26ead8ac2099d362d24410d762d16069744ce919801,0,0
test:5112,0.19625725,0.57510294,0.22863980,1,neutral,dd94d3bccb4ca0fc04d9f4b795fd04daa0bbda84681841f7e7e66d25d3d27b32,2,1
test:5113,0.07156327,0.58012768,0.34830905,1,neutral,a029dee6d347750bc295686111220e09dea36712f7234ad355c0c90834adc130,2,1
test:5115,0.05722980,0.47186154,0.47090866,1,neutral,f48a26c1ee493178fbe8cc425adf4abb01a6987d2fefcf00469189707cdacf60,0,0
test:5119,0.38241480,0.50902090,0.10856430,1,neutral,d667866e9bf5c2fbe86d1487ad83e0bb38fe14795a19c70109a6e946937b5479,0,0
test:5123,0.27413387,0.56839970,0.15746643,1,neutral,4f0fb01a33158a2d6bac0a8dda6ea3f6732a01612b28aa84d9d7dae8be884a08,0,0
test:5132,0.38320309,0.22108836,0.39570855,2,positive,bb376341c7128ae57ce9fb988ee817a1f54d4bcf4ecab1fd0cd16ac96bb019a6,1,0
test:5137,0.08762327,0.46868746,0.44368927,1,neutral,399c381d6419e9c45dab8cca16f870e53e95fa48390f2ba323f888438b7d6aef,2,2
test:5143,0.12513590,0.59237339,0.28249071,1,neutral,134b925032e8d6fed6578fb99282ea345304026b262a63ee4e25e611a6b3c82d,2,2
test:5145,0.08182040,0.64775611,0.27042349,1,neutral,f82ac3f7a4ae465e036b70ee5551550be7164b05a09625735c0350be596b03f2,0,0
test:5147,0.10734844,0.44306877,0.44958279,2,positive,47d0b3b182d276b0f1f441f5ac0697773c6d7a39e996813bde107849db32206b,1,1
test:5148,0.04019552,0.14475635,0.81504812,2,positive,2044d3f9cb9409f53d7a3be3609a327a617736cc1976cca9ff457dfa0853a0e5,1,0
test:5151,0.22427850,0.32723480,0.44848670,2,positive,7c509c6c97848884a23c822951ee08f6d9271da72ce7fe34d83279e24549d500,1,1
test:5153,0.31715822,0.52636288,0.15647890,1,neutral,b4ed96c577315137bf35a297c6129dedfe8c7cdc61bc07429e677b0c2e7f378f,0,0
test:5161,0.30359275,0.36078747,0.33561978,1,neutral,22ca824edb7478c578d89a6be9d4d4c888889fa0f5f81a9c436b5c8918c79b4f,2,2
test:5162,0.82335046,0.13780609,0.03884345,0,negative,4c463a92778ffaa858f78a8b50c3a262be41c3a1e84c27d4018a1d7a4b74dc2a,1,1
test:5163,0.61468792,0.36428917,0.02102291,0,negative,6a79a3e1701030b0ab6d68afe5261878e4dfa32d8ea620c5b7fa3c437978684b,1,0
test:5164,0.18019262,0.74258247,0.07722490,1,neutral,f302e5410a01f7956c2fbd4766c1394dd3fd33ab00dc360b7c69d933d35a2587,0,0
test:5166,0.35416325,0.46333414,0.18250261,1,neutral,dd2e529e5a477e12efacb254085fd51e92589596c5526e4e4c6a839ae86df5ab,0,0
test:5170,0.41470127,0.53943700,0.04586173,1,neutral,12cd9d3be15844854d233db48b8f84a2265bd77fbbf2f5601b68a278bcf91050,0,0
test:5171,0.30745919,0.48567230,0.20686851,1,neutral,7fbc3c2bc594d1944a584f4136a49c9709e984b08c19dc768bedd5bc20a1d23d,0,0
test:5174,0.06790610,0.41676895,0.51532495,2,positive,fa6533c367eec704fccf45978f5ad930c28dd9dcbbe945605361a9ec435772f9,1,2
test:5175,0.15183479,0.76568085,0.08248436,1,neutral,455a739e3ce05d0ad460948804f7c077f43bdf19975e86d6f1a9eaf7dc663b62,0,1
test:5178,0.01801307,0.71255324,0.26943368,1,neutral,2290bd6c105f4c0477b242d17059e57de0d16e078ae5057852d5b55d1c0aef18,2,1
test:5179,0.22895510,0.44098110,0.33006380,1,neutral,7aca25f47bffcd9f9dee2d1569fd1ef28931c74c036bda81bc91929722bbab4f,0,1
test:5180,0.17414114,0.48539185,0.34046701,1,neutral,8f8abac513d3b1bd7f613f87ff7c6df14f62542c00e70537689d1c9c72f1ce52,2,2
test:5181,0.36858185,0.43462842,0.19678972,1,neutral,1d1e5c5964779446cbde0082b1a7008a8058ce9c2d54bdac4bc0fe11a9ad96d5,0,0
test:5182,0.23948226,0.63744382,0.12307391,1,neutral,8c9b175b85a6b7fa7b49653f213f7a994b9398d381c31f4e7bb60e245ac53836,0,2
test:5185,0.13348348,0.35845114,0.50806538,2,positive,16281fd0a3b09f095d3f063d9d6e692ddb97441c2342d06b37a9645adf8e447f,0,2
test:5186,0.35950840,0.52846791,0.11202370,1,neutral,84569f523bb60db3a26df256e47d267ee9d4bdd0ca5baa6c96d875ace0be1f66,0,2
test:5187,0.20600667,0.69820227,0.09579106,1,neutral,14662df08b0e63dfbe8bb82813d870b5b1b1bfa61e7f7bf6cd36e9872d1ee38a,0,0
test:5190,0.33260658,0.41171393,0.25567949,1,neutral,76e6917c459e62da3ee2d442f430ccd0ef40d0ee4c43cafae07aeafa29961f97,0,0
test:5191,0.28581830,0.57537505,0.13880666,1,neutral,b6208113d5c0add63b7e009d114c6004098f146544ca8584218250d0738eee37,0,0
test:5193,0.11797192,0.47326987,0.40875821,1,neutral,de7bafd2518082f238535660c82abf08789b929b97b97d28f5ee41ca96357917,2,2
test:5196,0.50948862,0.34182051,0.14869087,0,negative,8669ee9ba8639142d1e8d2c9807089909641e1894c0424e05ffe675a7f56bd10,1,1
test:5198,0.34127650,0.48382912,0.17489437,1,neutral,beec8afeae2d7db995f11b73a00e0e3adf4838d457570db0fc32689dea159587,0,0
test:5200,0.02315769,0.44135593,0.53548638,2,positive,16340242de413c5efc8f1659fd87bdd4234d2795c2693da4b706b029b64fca87,1,1
test:5203,0.27941116,0.63291749,0.08767135,1,neutral,0c5875aba5222bdec8c9d38b5d5e958a7ecf96d8af168c1df2a7870f68d7efac,0,0
test:5204,0.17055312,0.40311066,0.42633623,2,positive,38779badcc56080117ea65b180437fec35bc184b6d3e9c1ecf12d16c486eb35a,1,0
test:5205,0.07437876,0.26042415,0.66519709,2,positive,4ae62d2a6696177d45b432243e6db8a39d122749de9253615f37b625a49c649a,1,1
test:5206,0.40042996,0.33074661,0.26882343,0,negative,881af2e700919b3fe23820c6621603032c0d023c1851abc01b3f7927d85f5765,2,2
test:5207,0.33635609,0.61336288,0.05028104,1,neutral,23729890de4f00c28556e33cc8bc4509a15a37605ca92921fa3516a4f6f74e94,0,0
test:5212,0.11466796,0.39347475,0.49185729,2,positive,cf2e40113a46f7834f9938696748db0bdeb8af83ef26f0a4abcccc920e574246,0,2
test:5214,0.30795445,0.51142781,0.18061774,1,neutral,d54d09449cb020a286109f2d51d17f652d9c429bace14b8f6facde4712e103d6,2,1
test:5215,0.02281855,0.61879301,0.35838843,1,neutral,8ea76cd2319aef1e47ee2bda3ad0a6e07d8d5f49521d4d2345e9d94c5e95a56c,0,1
test:5216,0.31462105,0.63325406,0.05212489,1,neutral,a99aaae68417d15d58020f3a563248b0699c8efb2fb4016b7bf7ba13b62e6ab7,0,0
test:5219,0.70379921,0.20846800,0.08773279,0,negative,8e5da59968ea750cab07e655656fe9f113026fbbed03cc25bb4d8f1bcd1b56d1,1,1
test:5221,0.60826909,0.25753916,0.13419175,0,negative,270d31eac903b1d627717c44d9dc026b6fcda06879cd77a009143933c48cf715,2,0
test:5224,0.09138738,0.43853310,0.47007952,2,positive,a3c5bbb4c41975abcdb1bccd3d48519861b129604499d5309f7c5fa51a83017c,0,1
test:5227,0.64268891,0.10054678,0.25676432,0,negative,cec15e880fc4305e63df8bad89aa961d00ea294c4a1e5c72dc12841f04b99289,1,2
test:5228,0.25915286,0.62459389,0.11625325,1,neutral,9841a17f555d6892bed7e021dbcfd14f5a48583ab435a772214fe7f29dd66d31,0,2
test:5231,0.43509615,0.45606063,0.10884322,1,neutral,a0416cedc93bf0d3671484a682f9a6d149cc8f067d6c8e560ac46dd423457375,0,0
test:5233,0.24397438,0.57995510,0.17607053,1,neutral,5f077781f2db28ff1998a41efd30707d7d5cd2a6c919972fb6fcbc40bd32712f,0,0
test:5235,0.32034247,0.50909648,0.17056105,1,neutral,c4e17ca5a9baf131362a54fe696b8e360024d6bca82cd8559917486bbb32f436,0,0
test:5236,0.31541434,0.59323860,0.09134706,1,neutral,ed866c2e9132ee83227513a7ce306e5e50c925f54cd5d0ab3d6bd1325ca821de,0,0
test:5238,0.26538062,0.70777961,0.02683977,1,neutral,9bfbbdb540bf2a905e61fe3ac0b84d74d7d6c1482f3c3e004603019d9a928212,0,0
test:5240,0.08948921,0.67852154,0.23198926,1,neutral,d243b5fb553a3fbad7ee80069223b9a993e3d2fbc8819fcfdfc5b435a4d532ee,0,0
test:5244,0.06103977,0.36873788,0.57022235,2,positive,3a4721250917b7abb1535cd7c97b3971f80ac336262816da9f7850fe7ec2079c,1,2
test:5252,0.15279763,0.75138387,0.09581850,1,neutral,500166c2bf824beaeef4590fe7f1ccaa1d0af91752b22e11a0ecd92ad90b2fd7,2,2
test:5257,0.15854107,0.24579774,0.59566118,2,positive,0e0472979d365af015532db7ce485a864ed6cc1df5714d3f7810a098a808fdaa,1,1
test:5259,0.15202020,0.59201221,0.25596759,1,neutral,fd62b79e007b155bd04ce643cb616568b58f470c7fe71cc7a6c84ea6f2d62ba9,0,2
test:5260,0.12129315,0.60703791,0.27166893,1,neutral,63b44e523f915261453d4a21a625453c6fa21428af4384f884bc2de0c2b66e80,0,1
test:5261,0.18481338,0.57584964,0.23933698,1,neutral,987f0d4c6164074e5fa1892a2bd9a1fefae2ffb0476bb5cb949827f107371550,2,1
test:5263,0.36193391,0.50933055,0.12873554,1,neutral,343949d0251657f8b3ab63c97a5fd4a54eb9aad8c834c8f3251b89b8c9d6870a,0,0
test:5266,0.17732332,0.29646608,0.52621061,2,positive,67322468db51426a2cb32de3998f84c004668232210b7b451758b59aec091a5a,1,2
test:5269,0.28202457,0.20349587,0.51447956,2,positive,597e8006844154e934522a512773cb6add33b8c0de68f61bf532c422b7d4510e,0,0
test:5270,0.16963954,0.67941033,0.15095013,1,neutral,2b09ad6f2c35675d9f744fc00417130eb56834ab2cbc38ef56e4511b4174434f,0,0
test:5273,0.73465921,0.22513128,0.04020951,0,negative,76f3ae9fb5e537454025ecb0d697aee5427228ba42ffb4e84adc3f44606585af,1,0
test:5274,0.17136760,0.33216604,0.49646636,2,positive,c6393c9e273bdd30393f7dc45caf1b99e63d60016cc3e5f760ae3895fd319fc1,0,0
test:5275,0.60848240,0.28931761,0.10219999,0,negative,e87351023e784806f6d750854f15cbea95c22916c15425c7cee74ca5cfd64a16,1,1
test:5278,0.18018812,0.73466376,0.08514812,1,neutral,4575789965655b989671f8a9a2dd0bbde194776772513d81b1e50ce00c12db92,2,2
test:5279,0.58721206,0.40739217,0.00539577,0,negative,deeb8316d673bd0db2b45f7ba283d8be7fa8bb17808e9fff50fed60e0321068a,1,0
test:5281,0.82471523,0.13016710,0.04511767,0,negative,598e4ef276f6c0feeb9aca3a2e4090a120d099d189bf9a0e129432b39c4af9a7,1,2
test:5282,0.03923552,0.71853146,0.24223303,1,neutral,3253b31278df83fcead8aecb154b0e7bf69c27373175d433b5f71079c07944de,2,2
test:5283,0.71626551,0.24919372,0.03454076,0,negative,8df75b448905a7cebd767e69ff8f48ebfcac12be32018ed550ac3e560ae4b9d9,1,0
test:5284,0.30395202,0.17529666,0.52075132,2,positive,73c26b2ba0e8025e2c8cbeb45692224988d9d8fe4e8c3f08e755e4655bf82d2e,0,2
test:5286,0.76448159,0.21709504,0.01842337,0,negative,d3fb95e3d384fcd11dcb240d94a00d6ef210b319da5ff71c0e0ea6915619c998,1,1
test:5290,0.10309667,0.65070169,0.24620164,1,neutral,420706876ddb805a024d341c60930d98a821003acf385809f208346c52ba4ea5,2,2
test:5292,0.40776440,0.48509820,0.10713740,1,neutral,62e0e14a8febc79dd8222faf8c074248917558f872534a50b80cc8e8c4fc8760,0,0
test:5293,0.25172397,0.64324887,0.10502715,1,neutral,80414035367eb75e7aeefbb46282dd5ed637227bb1bb39c4690596a6f9103719,0,0
test:5294,0.23955355,0.31823583,0.44221062,2,positive,a81dbc3699e4f2de5bd7f7ad81cf52eb46acbc08ea3cce5d686356678cc7118d,1,1
test:5297,0.15626944,0.76104318,0.08268737,1,neutral,6b404863e96f4541e777e4df0bb1ba23581b60678dd13fa2ee70adcb02415d87,0,2
test:5298,0.41345994,0.52354354,0.06299653,1,neutral,90eec5a2704721a4f5e26d72c93208209c9e94ce70729c38e8581e351dbc6eda,0,0
test:5307,0.05647460,0.78574134,0.15778406,1,neutral,aef7ae12afd3ce31f366e3da5025453c0c2dce612e75016fe031d2d65fc190ff,2,2
test:5308,0.72604590,0.20676816,0.06718594,0,negative,f37b35e399755cd1195b535b2bae8e9a8d188909607738161f26bfc368cd9991,1,1
test:5309,0.14223576,0.68766277,0.17010147,1,neutral,52b822373498f529d2830e249562a30312b75c4ce95edbc5bf62b26cc7b780b1,0,0
test:5310,0.07623228,0.50705513,0.41671259,1,neutral,78e747cbe3e47fffa4ce8f2b675a437c5224f79cc79b555d663afd03e17ffa96,2,1
test:5311,0.27663738,0.32392495,0.39943767,2,positive,77c6e25184286c515071ef3c4e847ab95f81368b2ea462be2750a9cfdd48a155,0,0
test:5316,0.27875306,0.49509127,0.22615567,1,neutral,55a66bc88902faaa8201e96eac00dccfc88ad0a25a598281c974c7f83f7a5f7f,2,2
test:5317,0.15341080,0.20972278,0.63686642,2,positive,0db061cbd5129fdc6e9afe9ed49aeeb639ec4072fb430a95a10185cbe84e247a,1,2
test:5319,0.02758313,0.81637191,0.15604496,1,neutral,3dda4ed524ca70f967eb60e5c4671228721dbfa88d0e73a112e9adeac069fac6,2,1
test:5320,0.21198806,0.39725843,0.39075351,1,neutral,5ca33c745b6b3d762633decabfd299e0733fb9f944968c8f48ac5ee130de79cf,0,2
test:5323,0.57279420,0.34005204,0.08715376,0,negative,9be5d1e188e094f94d14c1f953b4074ac0f977ffd7d1f60d0e710b875cc64fba,1,1
test:5324,0.11572188,0.83269119,0.05158692,1,neutral,a03551391f918673458c368b0fa4cc20f66c0c199fd9b2a2966a970fb4ecefe5,0,1
test:5325,0.14393172,0.48266464,0.37340365,1,neutral,3f6adc430ebe1521e66871317700b28b58e78732f2db0f8e0a49cdfcbef4e872,2,2
test:5326,0.03046554,0.46486588,0.50466858,2,positive,f4c0d6649c30315d27c181adc973a4316deca59b6701d6f568aea6283d437b26,1,2
test:5329,0.14557571,0.36200206,0.49242222,2,positive,bd34f1b77bbb3c8f31482382af9eb15fa5da3fce54ba3f48eb5daefec46c1e43,1,2
test:5332,0.03377332,0.42620863,0.54001805,2,positive,4baeccb9daf1e96ef6b93f3d4ae7e2d3ecaee5de09014dbc024be222330f08af,1,2
test:5336,0.51860373,0.41464451,0.06675177,0,negative,4ed7f6a35e4c8351ca5f2c63d05940921b962eddb0afac5b48fa55fe4eac82a5,1,1
test:5339,0.17937252,0.20147294,0.61915454,2,positive,ce373a1e0f526ab298f01be57d49d87b1dad2cb0010cf4edfea2df10e281ae7f,1,0
test:5340,0.25297265,0.56011005,0.18691730,1,neutral,97b49aadf069e7c344c86ac57313fb7c3b19b644f4a41e85ee3c7c4b698542d0,0,1
test:5341,0.35367458,0.51333954,0.13298588,1,neutral,4c26833f0c5d4212eee4375206261ab75e917e8d95d3a80aaaa195c111a56132,0,2
test:5348,0.18306837,0.38798989,0.42894174,2,positive,026cc5ea2e17a95cea2f29fcf24a2f55ce7c766a7648df161b91e99d94c01dd3,0,0
test:5349,0.05963609,0.21856788,0.72179603,2,positive,a9f8011bb40943bd674e63165dbc6129690fdb1ceba67bc380376e82a9a6af27,1,2
test:5350,0.23103074,0.47463467,0.29433458,1,neutral,8fb295cd1d2ff66e42737e6f77e2436a8bff3660db480537a5a069fe6a46894a,2,2
test:5351,0.16941970,0.65465319,0.17592711,1,neutral,d277e1098227ce6773d462981ef6812b4f907ae4ffd0c552daa1a821334d168a,2,1
test:5352,0.46047460,0.29877833,0.24074707,0,negative,82bfc0f232022bb00ddc8cffb917edc4db42d26d3b187957b6a7fac8d0cd2991,1,0
test:5354,0.40274443,0.28381081,0.31344476,0,negative,c386c39b5004a85f67c8de8a68ba4fd98806dfccd251d5106e35c0155cb37474,2,2
test:5355,0.10641928,0.72148468,0.17209605,1,neutral,448792531a6696b31235652884680941ae9c334637107424ea354144129dd914,0,0
test:5356,0.37002841,0.57115209,0.05881950,1,neutral,6a9c290c7b2ca6e893998916c0befb3bd4eec54e3225ae45fddbe8f64102b176,2,1
test:5357,0.04237724,0.14467746,0.81294531,2,positive,77baad8caa5da36a9f40a765738a786fd9ddad6b521625edc0a5c757175fb39e,1,2
test:5361,0.26465015,0.68449028,0.05085957,1,neutral,510344a297ee5a4d82bfcb99c38e21255b0c3632b96220b195fb42a807c2b302,0,1
test:5363,0.01372958,0.88883713,0.09743329,1,neutral,a33bf668ac507c98563cb8a4b0cdfc79b2dfd5db2d2361e4e399e92cea7b552d,2,2
test:5364,0.60694594,0.28977050,0.10328356,0,negative,c440efc50b5ab46c47e9bb96b00cf50cad1b7c59543e0e218fa7080f6d160969,1,2
test:5367,0.77538063,0.18089860,0.04372077,0,negative,29a59bb151f70637fd94f99d0513777e87bf3e5f1d9fac295955c5bcdcf9c6ab,1,0
test:5369,0.09884664,0.71199179,0.18916157,1,neutral,7e7aa2c5b9ec7a402d7c164552501de02072e82568b39ccc3f36f5567b2a2a9c,2,2
test:5377,0.01201854,0.21070261,0.77727885,2,positive,974aaa899cd9c5d62013d1feb5f11ac5dfea27f0d65066e6d483f3da2aba7b1a,1,0
test:5379,0.17098072,0.78037980,0.04863948,1,neutral,228b594c9768781613a63582a0aa352b7952a02d1e9aebaa49e614ee9267ca1d,0,0
test:5381,0.34075300,0.59473490,0.06451210,1,neutral,8d24b21c713a6b737314806a57304dae667ebc935b33f6802f5e2b6554747204,0,0
test:5383,0.09656218,0.50401271,0.39942511,1,neutral,1e8fea5f956d222cac386b415a34fd232adf61345f970c8fdca1261c1a5bc68c,2,2
test:5384,0.23039100,0.41790222,0.35170678,1,neutral,2daf55e4dfe5a9453b0a14cde679feb6492d1ce110bd8f26c1da598f1de4134a,0,0
test:5391,0.12151669,0.72895203,0.14953129,1,neutral,12ec50a81e36d1cee285671245ca73f39e79ad21f1f6a9c9948c182935d2bc7b,0,2
test:5392,0.31024040,0.18596493,0.50379467,2,positive,34b3f2e2897fa54d598672796f7b57e16ac00bd48995205a5e7ec75db998843e,1,2
test:5395,0.02173763,0.07006925,0.90819312,2,positive,a3494eb7633ca6b513a6ff88b9f785605a824719c19e0f8b0fc7b2c886f0798b,1,2
test:5396,0.19959821,0.22580260,0.57459919,2,positive,55cbd9dc348403b1c7bcb1c5366eedf53bd92bdcc611ab1fc0589551fa39f6f9,0,0
test:5398,0.41516096,0.53570194,0.04913710,1,neutral,5a33158403a9100e3a9284bffdec7a596e2345f5244cda72dfe0def9a015de05,0,0
test:5400,0.13487428,0.38549689,0.47962883,2,positive,4684237f2cefb3f7ab70035db3357db2bd1be34a023063935096e29e45b24e26,1,1
test:5401,0.25911222,0.35048152,0.39040626,2,positive,55ee5804232c383b579919e0b5851198bb980486890319167f5b5de7ad1287cb,0,2
test:5408,0.76683928,0.18180594,0.05135477,0,negative,675b56ee2739f30c729ad0e7c010d33d7d37e90a6091b630e0680f808647b78e,1,1
test:5410,0.24172464,0.67716202,0.08111334,1,neutral,45e97a61886458e6290890f7fbe81e96cf78aebf357550cd12a61169c611c0e7,0,0
test:5414,0.36268904,0.63156455,0.00574641,1,neutral,d6d81013caa5f0334fd7ddc03b4e7de51d8a7cd0096b77684458031413ac5bac,0,2
test:5415,0.17040785,0.72193245,0.10765970,1,neutral,39d8f43d8289f4a8df0cb08df7e3cc25e86cefe43833b8b0e25d68567434067e,2,1
test:5416,0.28343814,0.15740545,0.55915641,2,positive,26bc162dc8a3c82c34462e0075a161ba89bfe9fd16df8ba7098d831110c98521,0,2
test:5418,0.35024017,0.21680917,0.43295066,2,positive,8d7e60bad38e84e2801206a4247c7fdaa58b6c84691474bd576938da16598948,1,2
test:5419,0.23570553,0.32004299,0.44425148,2,positive,23b75da119ded3be382a3762fd897d2f937d71078a10e490ac79a4125009d54f,1,1
test:5420,0.17814011,0.37151278,0.45034711,2,positive,9d4e116c98cc1049bc069f6dc75b3273acf965442b0887a2f06912ee2e5ebdb8,1,2
test:5424,0.07111825,0.35855032,0.57033143,2,positive,ff1dcb42b57607d5c3b9c3d9635a962ca1a108d7f73c3dfe1db6216f81dab8b6,1,2
test:5425,0.30906501,0.58441826,0.10651673,1,neutral,7df2dfa2e092001e0169f0b04e6def269b50e6adabf365557e20ac660a771007,0,2
test:5427,0.25234310,0.60373532,0.14392158,1,neutral,a03116b774b2a9b955ffb50efa7785e4237a083f18a6110cb54d5bc63a4cd43c,0,2
test:5428,0.23004671,0.72428093,0.04567235,1,neutral,d85640f4adb8e755c494f622dd232ba32457833f84b3b3ec05884f935bb1aaad,0,0
test:5429,0.23520980,0.50231017,0.26248002,1,neutral,2e44d1c4cbe9d7fccf02fe74dc6dd22f432dcd6031906766a9b8e1a0dc803c15,0,1
test:5430,0.24887294,0.35464836,0.39647870,2,positive,793d82ba14d959ecdeed403f6266b439f741ff6efa2fa2739658e8105a501cfa,0,2
test:5431,0.35041150,0.06705252,0.58253598,2,positive,3c699d06bd5a1bce0a7eb6aaa0dd6b31a18d6d3849685d396f6549d66e3b1615,0,2
test:5432,0.10171556,0.64831442,0.24997002,1,neutral,e07c5da53d84ac0aa1417305b210744d1445b1c4ff7889983da45e444bb3d263,0,0
test:5433,0.38438132,0.56417826,0.05144041,1,neutral,35662fef816f34dddb0b6a880dea0f892ff33a53fe4915f2d9df7c54dfe694c8,0,1
test:5438,0.27265805,0.58081056,0.14653139,1,neutral,8d4dd8416446088507d1f324afdefac839a962a000c607e2b0b59625283713cc,0,1
test:5440,0.03691093,0.41699097,0.54609810,2,positive,9b53a3f4b8291391ad9836d847b549120a9f5e25e03e20e8b1f93b7cf4122e54,1,1
test:5446,0.05999744,0.44761656,0.49238600,2,positive,dc555b40a7c1897cabfd7a786f583935cf2641929c76f137f1d33344efde4858,1,1
test:5449,0.01634171,0.03189355,0.95176474,2,positive,fdb6088c59024ef62ecb7c5cb3b92c92e23db712d20010a3825bc32ef43f2ed5,1,2
test:5450,0.24926296,0.35883541,0.39190162,2,positive,7de58545a7857526dbfe80e292caa0bdf3ac0a3aeb120751c334eea5cf023851,1,2
test:5451,0.13963781,0.72102845,0.13933375,1,neutral,78e5f9bd036f6a61b91766ad5df09509d36768057bdcfe6a1831aba5dfcd8248,0,1
test:5454,0.18836424,0.52952263,0.28211312,1,neutral,8d7f9d617ee74ba8f7375bf1568a74927e0fc2e3e4c3941ccc985654b97edf32,0,0
test:5457,0.12194765,0.51524891,0.36280344,1,neutral,fcc8bf6c13cc5fb60d93b3017e7438f0df5100d48b3abc96c22514724cc7ab58,2,2
test:5458,0.22304344,0.64483732,0.13211924,1,neutral,cedd93efe00f6987f7ed1224fee12519d584450a45d91ff0176516ee62d331d9,2,1
test:5461,0.17856184,0.79061524,0.03082292,1,neutral,ef800dce817e02c5b2c041419e409d12929473223d475b57ad942071d0285bad,0,0
test:5462,0.20234617,0.24161443,0.55603940,2,positive,1e3dc8460f87b398107a17eb571f1e7eb0e238ac31f976d0e64bfb7e49e91531,0,0
test:5468,0.20663509,0.59491109,0.19845382,1,neutral,287854ff8d3887b9b628a64781bd9340de12e46c1f44d099dc58860da9965a2f,0,0
test:5472,0.07378502,0.55336533,0.37284965,1,neutral,7a511d7968d8d5721a236e1504c9e67b290914147e66b98d41610c126c96bdc1,0,0
test:5474,0.24048101,0.24496670,0.51455229,2,positive,82ae971d3a5a48023d1aad6b1ee0cfcd120f674f3a4e8e215c560df4145dab5a,0,1
test:5477,0.47098983,0.36473465,0.16427552,0,negative,b8705bd3be3f3ca9d4bd968a54e19b82556bfa2334efdc4ca975c089f070bc70,1,0
test:5478,0.07318134,0.41324576,0.51357291,2,positive,185d120de4203dc11b99665851d3bd80d2752ff912b7cbdc088fcdd62fead0a4,1,1
test:5479,0.15186902,0.22040214,0.62772884,2,positive,59e7155bd0a96664ba23a152b97e7b3cca37d1c4e37090b7f7ea0b2142dbe706,1,2
test:5480,0.42555637,0.51698126,0.05746237,1,neutral,b79b15892b954fb461c54b4cf768632023c5fe85fffd65c80699276a6b31edbd,0,0
test:5481,0.10386126,0.33421244,0.56192630,2,positive,82b619d3fe3f5d31bff9d9011bd250453d1e6d010abe3c43a9d4e6217ab7d3e7,1,1
test:5483,0.32204826,0.63533821,0.04261353,1,neutral,e7d9fb7d9b2d2bbeaad198b3ad5317f8b1b3db436f4bae926bbfe653134489e2,0,0
test:5484,0.56528220,0.31574886,0.11896893,0,negative,258a031771fb5e4efab10c98d940f1834c4cc5b721619afacf903ca58997d254,1,2
test:5485,0.71342815,0.11551014,0.17106171,0,negative,7ae75a709294cc3dc979474784a550ca271b4fb19eac06538e070c8954cda5e9,2,2
test:5494,0.02876184,0.18362048,0.78761769,2,positive,a3ee70feb3deb6f8016b1944a7d6224ee3fe41adae57142b3997359c68479107,0,2
test:5505,0.17152214,0.65310000,0.17537786,1,neutral,38272c2fcba4d9695bfc4e73633d4a70b5b3bb1192d1ddbc7b2c7f4cb8e47af9,0,2
test:5507,0.42269037,0.05107653,0.52623310,2,positive,28f2970bd9ffde2753296d7ebe1616904e01ee328848c6f2a19328c7ef38febb,1,2
test:5510,0.51033132,0.35225466,0.13741402,0,negative,5ef44a8a7b523689008fd4de2d8a69b4dd5c17c4560aab9df2cffc0292ae7805,1,0
test:5516,0.23558725,0.51543770,0.24897505,1,neutral,88bcb0b291a36fe21ca96dbfa6e44c10177e03fa3b3a5b8892c9eddb1f187d6c,0,0
test:5517,0.32482452,0.63178834,0.04338714,1,neutral,8bd893611e526e25a63346dfa7edc9254366e184cc4c0bc1d2cc9b0eb00dea77,0,2
test:5518,0.26710480,0.40700858,0.32588662,1,neutral,3484dfde872d7f7d9048789fae16d88fec19458c2e8f404f26fdebaf307c0160,2,1
test:5520,0.24182872,0.58998473,0.16818655,1,neutral,8d5c0dede22e1fac5aa2a3d16548e84b0c4b842c5c48fc4beb87c34c59f4db68,0,1
test:5523,0.24519429,0.60451104,0.15029467,1,neutral,f115da643d29a42cf2c5215e161a726fef54c4915487bb29bd74f3f2ae1c1d13,2,2
test:5525,0.74249302,0.18645901,0.07104797,0,negative,850cd3f50ff09171b6844c205f947e1fd4926898846eca0392f265fe7539a7db,1,0
test:5526,0.48807093,0.28030401,0.23162506,0,negative,43fe0a1e2b990602b01389488fe24965ba2d73cb4454def73881d28d48cf62e0,1,1
test:5527,0.37658777,0.48879915,0.13461308,1,neutral,3270a7c4879f0a07c3a892ed0c440422d8e5bf507ace2576fe150d26dd9b94d0,2,0
test:5529,0.03930894,0.23351748,0.72717359,2,positive,057f9114ce873019f477ceb62270d6f1cdcd0206f0dec9fbe982e91b4ddc0937,1,2
test:5530,0.46535744,0.35424217,0.18040039,0,negative,0afac028b81667f527559158ca660ec49231f1cb0ddd28d9d436cd8482bc8d5f,1,0
test:5531,0.09278354,0.82490372,0.08231274,1,neutral,cf392672d36bd948b71e7cbb151b0603ab963bea7055f02c6cbc9a892baf14a2,2,1
test:5534,0.20459720,0.65209960,0.14330320,1,neutral,83714ac15494b38cdc7b42f4b109ab9a21e5d6f695a6ac2617d55d101407070a,0,0
test:5535,0.21071420,0.32289916,0.46638665,2,positive,fb746b1c4a3fc2e0c641fa21e561e8e908f4a877373afdd931a865a1805ab322,1,2
test:5536,0.53382653,0.30166027,0.16451320,0,negative,d60cb32093005902e8ad066ee8fb8e12123fcdb9c202ddf6edb5a2b39a607308,1,1
test:5543,0.21647242,0.28743338,0.49609420,2,positive,0ef8e0f3da31cbcb8018acfc21abc148bbd25be99190f9d56c426173eecc723c,1,1
test:5545,0.10293201,0.39843227,0.49863572,2,positive,60839b4afd7a59fd949e934276348a6a8fd685d5ec81875c55923fee3ff1d17d,1,2
test:5547,0.36457766,0.53722620,0.09819614,1,neutral,091b1668343f9ab072aed8eb63a88c091a412003d81963e47c0513f0a002fd5d,0,0
test:5548,0.35839741,0.56365341,0.07794918,1,neutral,7ae1989b3d6d789d3aa9e836a30979592a13a2390751214e2950d21e21e80a38,0,0
test:5552,0.08861818,0.76426394,0.14711788,1,neutral,38d8d6628bcb4531dd77bb6a384ebaaf5ddff343b152879af90e62226b512221,0,0
test:5556,0.44601077,0.30245497,0.25153427,0,negative,549130ceb1aa23af00ba4df54e820b8ec1484c228d072128d7c5c3b6111085ec,1,0
test:5558,0.15695481,0.28156177,0.56148342,2,positive,eff6392b69d77458d5476a87b04d7563847c965654f9c056cb9d3a357db5abdb,1,2
test:5564,0.24921941,0.32498575,0.42579484,2,positive,036641b9f89400bb243a6b5ce179a436da2007e418766e077ff6ebd3be287331,1,0
test:5566,0.19549991,0.63053687,0.17396322,1,neutral,e44f96c71f114dbac6135292c8c5448f92dd81c1ae9fd6bf763329b6824012a9,2,2
test:5567,0.19615880,0.77148626,0.03235494,1,neutral,a540428e5aef45375d3cf1506234bc5b7296db2e4de3bdbe01dff0d7b777ec40,0,2
test:5571,0.21095606,0.44026191,0.34878202,1,neutral,e0c8fed17c21dd0ca4f49144070c5f75f8cec24364d71b4acc459cabf02c11c5,2,2
test:5575,0.30274600,0.48408808,0.21316591,1,neutral,c7b64b30dc715e3dad99854b85430b62895fbd90c5e8a057b0f216aa9361da81,0,0
test:5579,0.30023651,0.54937926,0.15038423,1,neutral,d6cf3e7939f26974b5ccecf8a52963a24413a93e35a8b3beea6cd6de5ddca6b6,0,0
test:5581,0.15209513,0.56116772,0.28673715,1,neutral,7555a587f61f2f4801abae5cd7899837542468f39bea5a5361b31926a23cad9f,2,1
test:5585,0.12404835,0.26396903,0.61198261,2,positive,880845fab9ef32d7d7359f702e2261a948f8b69a247aa38097c8910c6f7934fd,0,2
test:5587,0.26890849,0.62914816,0.10194335,1,neutral,0e1729b9c57f2269e11f379cd8fd09a0db1ef496cb43da71e8ddaa6c3f37c350,0,0
test:5589,0.24005438,0.66004943,0.09989618,1,neutral,7c675c406bd66ea837a01a2f3ba3e483c86b2bfe2b7daaf4ceb7633aa93c36dd,0,1
test:5596,0.27235873,0.14324505,0.58439622,2,positive,1336dc3d5e633aeb4f28488ac7eff2a21f214230e0a163c74cb735315b666262,1,0
test:5597,0.15955415,0.50799908,0.33244677,1,neutral,568bcb96ef9a8f882af8bc49f00abe1200317a5488c62353eb336f2efa768140,0,0
test:5601,0.15234227,0.80576249,0.04189523,1,neutral,6cad90e4e7db9b192110c49656fd51623ab7903f45867a9873c3d5b12bae8958,0,1
test:5603,0.12409215,0.50022194,0.37568591,1,neutral,ae78ac5b7723f0a1e4d4644aec9923bdd8365114558cf4e81d1bc88a1a96e4a4,0,0
test:5607,0.02699904,0.07147786,0.90152310,2,positive,be0692b30fc1475b5c31dc47dc00c873abfacf52412fef54f2da33119644e1f2,1,1
test:5610,0.03717545,0.26269841,0.70012614,2,positive,759e8051dcbc31d12209dfb62c9169f6f1b969c75a9ad7f4a2d5fd86cc2f8dcf,1,1
test:5611,0.07785885,0.58532036,0.33682079,1,neutral,76a4e177204709ee661477f122e91fa511e5a653218cb7575ac057d100a4d37b,2,2
test:5613,0.10401217,0.83048798,0.06549985,1,neutral,b1474df476597092cee6f9827674561d023486403dbd4c608c68bdee103a2f8e,0,1
test:5615,0.42411588,0.43244088,0.14344324,1,neutral,8e1d80b738fcaa6c6355fef299c4b730932953ba13f9902a991aef2aac82a701,2,2
test:5617,0.53679912,0.03978484,0.42341604,0,negative,eb45ab2d397196b7f2f377e921c387f52d773d44bf7918cc48416221b854de1a,2,2
test:5619,0.35320810,0.54472755,0.10206434,1,neutral,8bb038800f349f197e85844f8ca66df13fbae1ee7b29004f772560f68a63b79d,0,0
test:5621,0.17807362,0.53449902,0.28742736,1,neutral,8689146b5b056e51cfe73e7f4c31b118f0669d312ccef2e7bc6b6b2c5a7b345a,0,1
test:5627,0.11667108,0.61631244,0.26701648,1,neutral,dcc7078b48cced0d086c982b693130b6109ad2b60027a4deace915e57ae375bb,2,2
test:5630,0.64499969,0.27824108,0.07675922,0,negative,0d077c1baa4b2b9bdb0021853d204d323295676f478d899b89cf90f86cfa43ae,1,0
test:5632,0.05503454,0.75670904,0.18825642,1,neutral,88594a0e9fe04ef01be54ea290c8ea71e5550997f00c0e83854508ce5f92d866,2,2
test:5635,0.41480562,0.33931166,0.24588272,0,negative,7d34e0bf31433acb291e4f024c3847eaa81743d87ff06d68bd449b35abcd22f6,1,0
test:5641,0.63021406,0.28355925,0.08622669,0,negative,9ff6d70e6934f9923611518ab729f8020cee48fd7ac3f1b7e0081334a1ce692b,1,0
test:5643,0.23851716,0.44329481,0.31818803,1,neutral,5791352f98c073ad123193c15f0bb5da14c16a7c4d7d756b8f50f52689ddf380,0,0
test:5647,0.04861482,0.19049090,0.76089428,2,positive,609a0d83cdc3b099a5caff3ea251d5753defc715210d71cc96f3e41bee4bd2ba,0,2
test:5649,0.24009231,0.59165196,0.16825573,1,neutral,b6b2367e4065796d664296ae36d2ba1c7ccfcf9138ed5dd20fae690788e10e49,0,0
test:5653,0.22270842,0.54030867,0.23698291,1,neutral,397023d8d147f26bf1fab58db1bfcf780a504da215606ab20547a42a47cc9d30,2,2
test:5655,0.53355775,0.29009379,0.17634846,0,negative,737aec0cb08d4897d79534584cf242bbf4f235ba7ebdaa37b689b15443852dfd,1,2
test:5656,0.30255036,0.52620300,0.17124664,1,neutral,0bd0410136f567a5b30dd2760220925d5c518cd6c884cfbc7a9dd809e12b09b3,0,0
test:5657,0.15289081,0.17523647,0.67187272,2,positive,b415d13b9f8aba0912d134bd0fc02a73fdff94b2708c5f377ef10022cc6f8cdd,0,0
test:5658,0.01020755,0.17599133,0.81380112,2,positive,21211c4196404b0e46901403cdca9fe629aeefc02a8604fcb7e5c8ea02783759,1,2
test:5660,0.50865824,0.23722452,0.25411724,0,negative,c3584ce6fee505753cc57d6ec9c4d9657295f179d7ee1316d81fab50737db356,1,2
test:5662,0.12852158,0.62981927,0.24165915,1,neutral,2c42df11f0b7b529f8bdb33f6d1c2e8f8cb7a5d29eeca63c9eb69166928400a3,0,2
test:5663,0.15481039,0.41999482,0.42519479,2,positive,15665d83d2018f2ddf3378e9f79637006f9f65ef54c39fc4fb403a87aad4232d,1,2
test:5665,0.24999493,0.42666911,0.32333596,1,neutral,ecc9d71bd3c00dc0ca669631ae21435dee5469bed13e7916c89577fe995d9b78,0,2
test:5667,0.11809803,0.38152493,0.50037705,2,positive,434173281128510c0fa63fa83791228efacd3d710138097e460082f30a10c577,1,0
test:5671,0.37287845,0.54431293,0.08280862,1,neutral,27d2e72e8353fa9b3d16237fb2095c735bc0f1d47618dcb08c015a0d2bea7082,0,1
test:5672,0.30592821,0.41502486,0.27904693,1,neutral,a2140b1940332911e4047a539fada812fbb5be24a79ae88a63c4d23ef9aef390,2,1
test:5673,0.19283168,0.46814833,0.33902000,1,neutral,418c73f795d3ad8e66d09fcc7225a0e0f68d7e9dab7cc41982544d0adef6746f,2,2
test:5675,0.34663422,0.30580776,0.34755802,2,positive,2167752bb2775ce30bffafcffecf68c7bb8eeb431867c0446505d66f4457be97,1,2
test:5677,0.01362411,0.78943228,0.19694362,1,neutral,483aeb0522ec5f96d8ecbf2154335bf8d78575a8606790a671a83a4dd974a1aa,2,1
test:5678,0.09920188,0.81735874,0.08343938,1,neutral,2c5b86ffebc6a45784adf62d5e4a8b02894de62bc83702c59afd9311357ee934,0,1
test:5679,0.25144159,0.48283215,0.26572626,1,neutral,f29bfebc1a9ed713f155b6737815edc10d1dc2c849d03365d11b4bc55563f7c0,0,0
test:5680,0.25282165,0.67627787,0.07090048,1,neutral,2f8071dc233f01d5721913938d73053fb72418b972208ff74ee3b61fa51138d5,0,0
test:5684,0.24242964,0.61114563,0.14642473,1,neutral,a8a55ce217d158abf94c2a05e774838c42c64e4a61957042886d7a4d67397fbf,0,0
test:5686,0.02904864,0.75914478,0.21180658,1,neutral,40448dba1a24e3b23ccc0c4d16be38caca97e5b865a3b210e43606b4e1a2d958,0,2
test:5690,0.55041515,0.36256147,0.08702338,0,negative,4a00b0182e46a1dddd0995111bffe46d13971051d4bb1d03f7c2fbcd55d8f65a,1,0
test:5691,0.02562326,0.69973409,0.27464265,1,neutral,caa832efaab0068e2b6bdd9eb3bed90d81d62b23c4f5d72ccf130404de9ab21a,2,2
test:5693,0.17116869,0.38783283,0.44099848,2,positive,bd8ae6d7d5fc9c2b2a380b528a02326366f47fd1495ed284c15268bc74d6cc71,1,2
test:5696,0.23097854,0.16090625,0.60811521,2,positive,23edee89932b531553a822e9a726c0cf34a2e86ddfd5d4a4870ca4b19ae08d55,1,2
test:5697,0.05193351,0.59221033,0.35585616,1,neutral,269a6b52c43a2510888782b94ce8edd846fcc8c6e7e131695d421c26e7415fa4,2,2
test:5700,0.14275549,0.29668648,0.56055803,2,positive,7827ec097251f2c432e6fe35230a945651cbf047458589686a4b74dbc8fd40f6,1,2
test:5701,0.04105007,0.43930959,0.51964033,2,positive,8795cc723d5b29e66ded8027865f9e0528bc5b0d6d009e1be9e6a3be411e8620,1,2
test:5704,0.08978098,0.51216065,0.39805837,1,neutral,2b947fe8cd66db8877a88247f37519fb05c8f2c32ff5d06e0e9c6d8e2f7cbe9b,0,2
test:5706,0.40541010,0.47032105,0.12426885,1,neutral,d18cd03667f1aec21151dfa9b8d86747c1d3d6a33c58cc85d5540fba51dd7023,0,0
test:5707,0.56550015,0.40268427,0.03181558,0,negative,176224a8c5eefab436c4eecb697157ae15ea4232bc24cbb7315221d6edd4cc59,1,0
test:5708,0.14971854,0.72296187,0.12731959,1,neutral,266854543565a0fcff29c94929097e9495b80d3ae5dc1939f23274564d2e39f9,0,1
test:5711,0.10661845,0.78356554,0.10981601,1,neutral,c25b730ec75d55de4ea19c4f663aa885e9463fb4c65a2caf12f5209398463126,0,1
test:5712,0.48452356,0.29315219,0.22232424,0,negative,f1e448e898d5eba50192e73ddd15654b7a06cc0ec0b002c5d1877f5204bbef06,2,0
test:5713,0.09526903,0.40184082,0.50289015,2,positive,a1fb2ffe080fae294e991875cc71e201c1221ba75f6e8d9c93b1f9a5f4d93d3d,1,2
test:5717,0.50075159,0.41609686,0.08315154,0,negative,cbd908a89230706f5fd7a19b37afd6d9fdb679252f53786fe24cb082b67d3f8a,1,2
test:5718,0.17090155,0.40935281,0.41974564,2,positive,c36ca71645d15fbab22f6ccb4873ba1ecdff62c7228a7c775e47866efde595bc,1,1
test:5719,0.27155981,0.48507814,0.24336204,1,neutral,b0465ad34708b64ead27e9d2f04ac349be477d5e1581bc01d68f0f31baaa17ab,0,0
test:5720,0.07312297,0.62504103,0.30183600,1,neutral,744f60d80c94a4957a9defc6fdbc815448455cd5cc04af9929decd13defd5bd2,0,1
test:5722,0.37477592,0.57365577,0.05156831,1,neutral,d53fd5d1371074718510234da4ce139fe271ba498fdd969f10bab11aac826289,0,1
test:5723,0.53973581,0.28736534,0.17289885,0,negative,1e55a963eece799fa4e2943601b8d471cadc844b4e54b6aa3cf7a210ed416373,1,0
test:5724,0.12349833,0.71164982,0.16485185,1,neutral,a472e52b4108b60ac46eeacfb05bffa6f06d476832b9c463a0aadec5c1ee75f0,0,1
test:5725,0.34228299,0.47426084,0.18345617,1,neutral,6c82f862acdc8a8eaa69eeabdce637594830b21515a1c6bacc112d5120320d07,0,2
test:5726,0.07654530,0.21502755,0.70842715,2,positive,f7bfafeb4d5c330e19a076f13c0fe461f00e730163e9e7a5be594ca443ec1e5a,1,2
test:5727,0.23514120,0.61072020,0.15413861,1,neutral,03af327fa0bc2ed538acbc28b382d8e10cbbb4954e13a6c97586772355b593d0,0,0
test:5730,0.02111361,0.71907922,0.25980717,1,neutral,ea7f95946a9771aacddbff3683ab074aeac60ebb060c1617421ab4730beee619,0,2
test:5731,0.29185408,0.62516817,0.08297775,1,neutral,f50d3d7894899f339eeb535d52470e969286bbd0b8d4f7cde7dd6790cdc10497,0,0
test:5733,0.02978842,0.03680342,0.93340816,2,positive,97b1cf805c46f78c33ada1b7c62973fd9c29eb49727f83467f8795aa182f2bb0,1,2
test:5735,0.54945035,0.36857957,0.08197008,0,negative,5f967d1819f3c7164c1a54b885ab7087e34ca833eccd5b678ddb9f9771669e98,1,2
test:5739,0.00297799,0.00710515,0.98991686,2,positive,5b9450963414263c5dc5a7f54bdffe76070edc88b0bf7ecaddbaf43d2219dbb7,1,2
test:5743,0.21764448,0.62952455,0.15283097,1,neutral,676d35cbbd51dbdbff4a6f1cd7e9863cc5e7cc68de1e1f969b3bd77121a32756,0,2
test:5744,0.60643244,0.22106752,0.17250004,0,negative,b7e08503b1321fe0338869b2a5caf8003122a8d1526560f491c6d08cc7cc1479,1,0
test:5745,0.11859534,0.73472268,0.14668198,1,neutral,d39d78ee0f47e086e766357ccffa140a5b750728fc5511c76ea990d3d017b62f,0,2
test:5747,0.11763209,0.41302805,0.46933986,2,positive,c71e7d509d3b6dc067605077517992635ac8cb99ed102844d9c30b47f2937924,1,0
test:5751,0.28984887,0.27649129,0.43365984,2,positive,fadcdbf0c4c0dd26bc8a1175941b28ddf8a127868c9e5524b042823940dfe990,1,2
test:5752,0.24300260,0.11617313,0.64082427,2,positive,9f30ea1b09840e3f5a8c7c3d8b86622c2438cb5f5d4cffb0637d473edfdb0b3c,1,2
test:5756,0.34382882,0.36996850,0.28620268,1,neutral,4ebf178d81834d74a52c1235849351cbe80e68116d9f01a8d33edf1300151f29,2,2
test:5760,0.31585675,0.26983650,0.41430675,2,positive,ebf060479d7d4a095829ea9dc6fee79074be36102741990f4332ece3e59afa05,0,0
test:5764,0.71018251,0.26013233,0.02968516,0,negative,d9fe1abaca20934561e94eb6636338ce7464b6916482c57d90a414080446e2df,1,0
test:5769,0.27115590,0.62240109,0.10644301,1,neutral,5cb839eb68de1292a78f93c892bdcb191e23df61e0b52972ecce3a49711fed85,2,2
test:5772,0.31156094,0.56564693,0.12279212,1,neutral,0bc9bd11a970dc85015dbee66ffb46c0ebfa710bbfb744bf4a37077e2aebf119,0,0
test:5773,0.27200969,0.60153496,0.12645535,1,neutral,ea693bcbe39b4b9ff499753ca065e6f7568866070285a716c3e29e022314e448,0,2
test:5782,0.22234390,0.47226739,0.30538871,1,neutral,030ffb2591bca6167a83fa83b9603de1c046e746d759c9f516a0d84b628ec24f,2,0
test:5784,0.04630072,0.16065208,0.79304720,2,positive,57b75d8a0ae013ab71f7dcf083e7042b1603458b40ccd45f41e944ac8a516cfc,1,2
test:5785,0.15834221,0.77046994,0.07118786,1,neutral,587278f8c84e8cad3c83a14e0a2b23b649596638749ec71571ea010b290e09bd,0,2
test:5787,0.23762741,0.58152826,0.18084433,1,neutral,30f6366b19a0c599bbd4841164e34c79bd67d46396011b3dec60b6639de026f9,0,0
test:5792,0.34409245,0.51517996,0.14072759,1,neutral,a0cd7907a87d454d94b5d0e4113d54a12cf587ec8523460a4a7668d524fddbde,0,0
test:5793,0.45605355,0.10016255,0.44378390,0,negative,3e090fd6b8db58d16970849b3b613901d98d3742c47ed44425a8144323b828ab,1,0
test:5794,0.10334452,0.34899371,0.54766176,2,positive,ce4b6aa4749cf9176ba48a7450f1c1d6f0a5f90c65346b673f092e5a0fe8126f,1,0
test:5800,0.23311966,0.67796754,0.08891280,1,neutral,f86085239ada4ecbca94641f6a946e3e5a89a65eed9cf4b02caafef8d51a48ea,2,2
test:5806,0.44267719,0.50456358,0.05275923,1,neutral,ab4ab906210ea3a68ec2de2ee41d036201f443487c8161bb44514534540d4b30,0,0
test:5808,0.05090830,0.60526603,0.34382567,1,neutral,8369fc466dc5fb193b0492ad5b22ea3cb61a70193ba7276d7780994fc98049d0,2,1
test:5811,0.01871000,0.84352802,0.13776197,1,neutral,bf20b65b7e84898e5cec10353954bcf4136cd6971727a2aae6fcd09719ec8cb8,2,0
test:5812,0.50913903,0.44828390,0.04257707,0,negative,189b396b80c377ea835ce03aa2973aeec4689affd2c01e2e247b0d6bbea2966b,1,1
test:5813,0.30571553,0.25636741,0.43791706,2,positive,2dd430bc28aae1e93697262e3fd946622188beb065e654979006677fe466cf97,1,0
test:5814,0.01999139,0.28816059,0.69184803,2,positive,d078698bf36985d0f13fcabb87ba34585718c3c8d9b5064aab5811508c2115d0,1,2
test:5818,0.30287465,0.19893729,0.49818806,2,positive,dbc9c2eb0bf2d7c5746da304d3263145c434c5f847e31e9ce94ebe146c1a1498,0,2
test:5820,0.19612463,0.31312361,0.49075176,2,positive,bd39d8c34f0bec5e7bf1b4d9ef814b866c5a850df769254369493fd77626c70d,1,1
test:5821,0.09220384,0.47454288,0.43325328,1,neutral,790b724a55854f499d8b63ad9b1d7a6452cf414a6dce6f86c2565b16faa85820,2,2
test:5824,0.40070431,0.18012883,0.41916686,2,positive,49d439695f3fd768242ad0307af7d6746e547e6f587d7c28227d6e7d0406e255,0,0
test:5831,0.10569217,0.83359007,0.06071775,1,neutral,580f4e2f597f0a1b075d45e45bcd8f6a727f68655eb70cac7d380cbe0a16bac7,0,2
test:5832,0.17560389,0.64594780,0.17844831,1,neutral,43449cecd9e8cd1ffd09e6538272acced9dc87e5e12c604e94384f887888ea5f,0,2
test:5839,0.06308362,0.56825876,0.36865762,1,neutral,29afe5ce6b05d402845e57e8930fc3967e02b8ef877cc3205830811aab7e5602,2,2
test:5842,0.28655286,0.57280565,0.14064149,1,neutral,6a61b86831c98fd50d2234697f08b2f2d379e416af3b8059454ecc20739d9f69,0,1
test:5846,0.36243113,0.33879687,0.29877200,0,negative,fc76da2d64fac80cb908af3f8f4502de54c26e041ef698954dbbd0b173fd36d6,1,1
test:5847,0.27183500,0.56955967,0.15860533,1,neutral,a29968363e68b9e3700c28343485fe63e592c471817dfc7c01f585d28a9083cb,0,1
test:5848,0.08323326,0.69287999,0.22388675,1,neutral,2a52279981119ca1bc3944729d5e08c8e101a51dedab17f443c19238795bc545,2,1
test:5853,0.37779563,0.24442838,0.37777598,0,negative,a132fc2a04277c30757a81e2e451cd050634d6624813fefa135d75e4c9a3d47e,1,2
test:5858,0.18455071,0.16844091,0.64700837,2,positive,c7943e1cc36a3351de2c5cc51519105e980cd11f6d246d18e010fc8923237cec,1,2
test:5860,0.03974796,0.22244151,0.73781053,2,positive,2da9076c90016bc936b9b38a1718429d842537248de952818b9243976a7ff92d,0,2
test:5862,0.91025768,0.08307274,0.00666958,0,negative,30fce5f06a64f14df0ce8d40d445405ede775501f58236ebe118127005472be3,1,2
test:5865,0.47591575,0.29933373,0.22475051,0,negative,ace9ecd93ea6ae3dd1a72f5aff63900cff1a53a2aa981854ffda054e66e5fd81,1,2
test:5866,0.07123907,0.56239617,0.36636476,1,neutral,2731832a97248e4d8e9e0ceb6613d76d533ca847112b59ddc3a4a36eb6afc591,2,2
test:5869,0.22269870,0.48058934,0.29671196,1,neutral,b0d283ca3ab6a51b17e9f202f2b0eff726d30731c2ccb4ab4be3cf867bf54a47,0,2
test:5870,0.04950049,0.85082578,0.09967373,1,neutral,67f5596cb68c51bbf53f28a2c134ea9d1fb9fd8bf26b5fffb409a4886d2931b8,2,1
test:5871,0.21989364,0.59108910,0.18901726,1,neutral,2b28af59c76c96ea67889ef6aa9aa7b0c94ec3a8d99470f5c107fe9e89deadb5,2,2
test:5873,0.13562137,0.42689145,0.43748717,2,positive,e04e15d3e5259afac8b36d0661a3fe5b68b629a97bb461b25bf664c4c34e2f5b,1,2
test:5874,0.28137103,0.55431449,0.16431448,1,neutral,20d28cd4709fc2818d6de4977716ed5828fdd7f3e701681cb70b173e705dde68,0,0
test:5875,0.09811110,0.82061148,0.08127742,1,neutral,eaae88b0bbae2cc72a8d3e8969fc0c01b3c63c4c71c9f468d1e7a05a9a00e185,0,0
test:5876,0.11702633,0.59627285,0.28670082,1,neutral,f3fce692ec2f8e0870cd4a47366247864a8b9efdeef523d2dc9a1814c8d16c1c,2,2
test:5880,0.69351129,0.12267448,0.18381422,0,negative,437f239bee3a3b36695dc4df73fa82d4c98c8f2cc900ddcb99f5f4b6b3e9113c,1,1
test:5881,0.37360591,0.10630326,0.52009083,2,positive,59b1d175c489299b6ea336ae3252ff93cdf645cdb28364e5b68f4f28af93e294,1,2
test:5883,0.12615605,0.13786094,0.73598301,2,positive,4bb6399857ebeb34274e2a410d4b489c4d1ac767449161e158f65d33a66a6b49,1,2
test:5886,0.12267041,0.52524181,0.35208778,1,neutral,9fa7af8577bdcbda61a4eaf1acb95b214dc03684bda63120067db11cbfff662e,2,2
test:5890,0.31551229,0.60073952,0.08374819,1,neutral,854144c2aced092fb51161015893a7efb338fcb8591bfeb8087b8b9944427771,0,0
test:5894,0.30649974,0.27692311,0.41657715,2,positive,54144d82b05e36e1f4ecef4c7c9f9aef62e60b888f924927f4bd7ceaca75bc70,0,0
test:5898,0.07569466,0.63859421,0.28571113,1,neutral,33340b6f664a9a98ceca49dedcec604cd4132672d129a747a1ea6ba6da3bc293,2,2
test:5902,0.14076522,0.67822813,0.18100665,1,neutral,99b967affdf2033e0fdc0ef4970ed8b75dff3c1f04ff8a39452f7fe2ce33a34d,0,0
test:5905,0.55100050,0.43811765,0.01088185,0,negative,06d43cf4e7d7d395517ea5237306b2318a261b328211c5bb798bbb5dd38d2b0f,1,1
test:5906,0.29071266,0.55467587,0.15461147,1,neutral,5a2bf9530c137b1b15940f53aa69194ab7351a749da074a464b7bb7971c414bf,0,0
test:5908,0.18609349,0.56115098,0.25275553,1,neutral,50cc58bf8ddf3201be1c6c1b6052aa45100ceb822132b39eb8d6d9e49184fc3f,0,2
test:5909,0.09452714,0.66590725,0.23956561,1,neutral,fdff1ecbdf97e0df034818ceeb27fb015b270252838cfdb7461eea5e285be9fa,2,2
test:5910,0.08994853,0.42593196,0.48411951,2,positive,4b1d0bd0fac289d03ec36d963adbd3a817cb1f1d3d74cc0ec8743bb0e6e504cb,0,0
test:5911,0.38000335,0.58713724,0.03285941,1,neutral,705aa1383a439e0b20bc65236eae335f408d11a5882f21aadb324d23ac13e245,0,0
test:5913,0.21014149,0.14453870,0.64531982,2,positive,843e480363a27b0e9d03c2a9c47e7f070c806babb19c0e59470a08b1a3b33be0,0,0
test:5914,0.06721712,0.79672592,0.13605696,1,neutral,c4bf41695c1942fcc06bf271a061b81164358509a7cd600ebce453560598a10c,0,0
test:5916,0.07949957,0.24467939,0.67582103,2,positive,66bdc7b4239a68758a948050918fba487ec01ff1a13185f3f7e5a9aca43a8d07,0,2
test:5917,0.12698459,0.85741286,0.01560255,1,neutral,3250054ffe95db44955a55c8b523769ee3d5a69eaa65bb1f3405b4cb482b916b,0,0
test:5918,0.10665106,0.78766617,0.10568277,1,neutral,c1da8427966605aea7b1874b6f3f459ccbd87a13899331db59507daa321aeeb8,0,2
test:5919,0.27545316,0.68923888,0.03530797,1,neutral,ddadd97dbeced3606e9c337a6b148150ff5d15fa819bef2def1c8401d8f8d40d,0,2
test:5921,0.25635070,0.72360894,0.02004036,1,neutral,a7277e84b66d0e3cbc0397330ded6de682901c16a25c283bdbef19e390ab5748,0,2
test:5922,0.96536992,0.02990283,0.00472725,0,negative,887531a4bd87d6c6f3d10e92d6acbcb3409186bf6a1197867ebf7de369b19aaf,1,1
test:5923,0.15533274,0.74674217,0.09792510,1,neutral,40f9588448fc3dddc99e71d80a0a0ff12e3d5308df2be7d5b2ef77e2f41ba42c,0,2
test:5925,0.76142346,0.10440754,0.13416899,0,negative,04ee8805308f1cff05f77d1c6e913ec690d16f58536bb9ae28348189132c1ca1,1,2
test:5927,0.06583524,0.13734665,0.79681811,2,positive,8c493fd9534566cea1095cc9681071c63d69a23d991faf6cb72af7232d0a5d18,1,2
test:5931,0.07903816,0.01716166,0.90380017,2,positive,d49b06e83ce3239af8a2b563644df877a1ff337fbb7d7689955fd34db281b74f,1,0
test:5936,0.29408055,0.29835282,0.40756663,2,positive,b8d1da804bf68340b2bf619e0457d55d8220b7fc7a3b9803db284c986ee13770,0,0
test:5937,0.14029262,0.47677948,0.38292790,1,neutral,d465f503f2024b79199954581f1428390efd9b84058cfe0ddc082bb00fd7d4a9,2,1
test:5949,0.27106713,0.39164327,0.33728959,1,neutral,fc9301fdb5dad6bf0193695723bcc254a80a5d7ec26d2382cd9858ae023c713a,0,0
test:5950,0.06844613,0.50880579,0.42274808,1,neutral,ac24d6e4763e4a56e1c6601f720e24927dc3655ec1f330265014f11ceed3cdcc,2,2
test:5953,0.12810119,0.77569940,0.09619941,1,neutral,1c03d89957d2c88bbd6c5bd97d52a993e26fa3ec3ef57335774a5dd52a60fee2,2,1
test:5959,0.61188586,0.25040644,0.13770769,0,negative,7c67dc29a17fe7c6da36a36890b7ad22848e3a168ecf6f82d8b941adccf9a673,1,1
test:5960,0.10696916,0.84548380,0.04754704,1,neutral,97ade4248c5f60e990c8bc438f8be70e735b8ce464755a17fbed2eebab125293,0,0
test:5961,0.36629597,0.22823948,0.40546455,2,positive,cf217c6396b7eedab1a3b0d9ea4f4e86e9422928386d47221603a7f2bd9a9fa5,0,0
test:5965,0.04043206,0.34531866,0.61424928,2,positive,8f5ab7fe41b9280e4459fefd274915651e2a7f201f30a9718e80cda92a0cfcea,1,1
test:5967,0.40538377,0.45748178,0.13713445,1,neutral,2e3d975196b5311b227a8dc9eb15962d42c7c1ccc45b29929de5bcad4580b20b,0,0
test:5969,0.05760932,0.59569115,0.34669953,1,neutral,daa2252c6ab0199925e73dbafa923769e5622459bc4089865e6c97f745477bf5,2,2
test:5970,0.39884403,0.57999505,0.02116092,1,neutral,05b96f50fbc9112d6b682bf357ecff25db4703497aec7666a738f203d97b2249,0,1
test:5971,0.03115123,0.42961410,0.53923467,2,positive,e324c0056e7480d4464c6d34f1589c781ef8536a999a8281e287edf31d30da80,1,1
test:5972,0.14843471,0.36575579,0.48580949,2,positive,d93173b05b17a9f46f59bd79e44fb9182bdd6c8c447008d46f7ec8473c3bff89,0,1
test:5973,0.12097123,0.23965654,0.63937223,2,positive,d91c301ba32d5658dd84605a99ffd4b50d0bfa9c8103203fcf0c8ac340e2ebb4,1,1
test:5978,0.00361953,0.09811729,0.89826318,2,positive,18d59508f9788ad7e07e761f1d8dd73a0af2cf90965385bc0669833b55c1c979,1,2
test:5979,0.10064056,0.43227654,0.46708289,2,positive,d3c1e3a8fba8a2e83cf26427b7393e639b646662617a888485a6051950e54e68,1,1
test:5983,0.32506337,0.38721953,0.28771710,1,neutral,c0759e087ad4c6ab37808bdb8333bc73061805eeb7c2a3b58604a6a90ea67411,0,0
test:5984,0.57580155,0.40126967,0.02292877,0,negative,89a16d8b48248b35bd5462625e26710d9e049b1dc4f4e267d7d2c19d7dd8bdb7,1,0
test:5985,0.08233990,0.30732407,0.61033603,2,positive,e6b8cb709b3e3e2d0d3e4030fc77b44280782b2d4043995f07f9851dc9c1abfd,1,0
test:5987,0.36459497,0.51826783,0.11713720,1,neutral,1fa3ec519a218188d5310e32bdccc99da078b8baee93e50b063a6b0608b96c3d,0,0
test:5988,0.15389371,0.60890719,0.23719910,1,neutral,f1bdeff0ea9d915d5abc1880e9d0697298da7734df2a9ac71da4aaa3565ab26f,0,0
test:5992,0.41984495,0.46609801,0.11405704,1,neutral,994d0fda7803f55a77268a6752d76e72524ba9f15c864b0f6e626ba2158f2a9e,0,0
test:5993,0.28298278,0.61696088,0.10005634,1,neutral,90a0501c49a30ee76479dc5af764cecc4d6553e9c38dfb293c5955d972f90558,0,2
test:5995,0.05172292,0.19016702,0.75811006,2,positive,50e5ee56bccba4a1304f07c1a888b96cdc1678a70c7c44fd39d643ce1044deff,1,2
test:5996,0.06925567,0.66038987,0.27035446,1,neutral,0af2619f40bfbe4a6f9ae830d931a1c9998684e7a738fed06b3cfee64db14ba1,2,1
test:5997,0.21270979,0.15668807,0.63060214,2,positive,db3885f92f5172fb03fdb3e98b0ee4bd3c032e8a665ee0dbf849ab04549cb7dc,1,2
test:6001,0.10119230,0.80456096,0.09424674,1,neutral,1b6d4b8beb62fe1a74119468c1a4c65c12ee35ddac14916219a79bf991872b53,0,0
test:6006,0.43391696,0.47669639,0.08938665,1,neutral,d3cf899d4d35a73c6fb031ad27b84f63e226e81ccf867e4507b031531c6737c5,0,2
test:6014,0.41173449,0.21673834,0.37152717,0,negative,4ceccb83e4e8ad0e2e04850ec9283d309c68a922742bf6047f14ef709b80c950,1,2
test:6015,0.05025148,0.19340993,0.75633859,2,positive,b44310edd8efa4570cbdb49b15fc941de5df0a3fc736292cffbf54e2990a1803,1,1
test:6016,0.37644682,0.21304824,0.41050494,2,positive,6cd96ee03159ee914afe5181ec56ee7e6ce9a68e40017794d866d018ec454aee,0,2
test:6019,0.63709606,0.33559954,0.02730440,0,negative,a3b36788a729b893983cdbcaf11bfa217630b4961fadc6cb23e30576ee94fcc8,2,2
test:6024,0.10592609,0.80184140,0.09223251,1,neutral,873e1509bd756a1f2b968e1e44077a9b0993cf283282b1325cd9fe66889ad4f2,0,1
test:6026,0.51309765,0.20090454,0.28599781,0,negative,4c928379884e746b1e8f491e02b1668432a21bead2ed6ee7f2fbe8a595667011,1,2
test:6031,0.03397078,0.93031490,0.03571432,1,neutral,a64b2a2ef470b7515d8e868a0867a52a9644dfbaa785fbccb4e4d8d917bb40b6,0,0
test:6032,0.29047527,0.45364462,0.25588011,1,neutral,633c7afb38ec19163fba2a5d961e57d34dad58179cd73155233be2e116a581e2,0,0
test:6034,0.24864533,0.66851362,0.08284105,1,neutral,dd65cef6ea9b38dacde54a23586ec357a7ddc19a7578327e7f600a4d0900e678,0,1
test:6041,0.23627862,0.57778904,0.18593234,1,neutral,403ade9d7c651d245925d71058ee146d7d0655548e48a68576a941101d163356,0,0
test:6043,0.12673078,0.61003614,0.26323307,1,neutral,7c6666eeafa68147a09afb5ae033c7d3fe57b3e4e5719721b855d1e77ffe5e0b,0,1
test:6045,0.25693882,0.62584737,0.11721381,1,neutral,4cee09a4c7c6e85526c99c452769c55ac6157b1bf2a17e98b43afd71d9ac8328,0,1
test:6047,0.23793790,0.70633381,0.05572829,1,neutral,c96870a5c8fab1eb1ac2f6e84e21b05431ef61bdb4dd3090a23ed26a7676a73a,0,0
test:6049,0.04487605,0.78554034,0.16958361,1,neutral,f0ff718537460514c8660f5b6b306a58213c1a13787e7530e48517a1038083d4,0,2
test:6053,0.05402363,0.15225871,0.79371766,2,positive,e4c5b435830014f78775ab676a4c12e3a27bc53b7dbcdeaedcdefd300c287585,1,2
test:6054,0.14532371,0.17746575,0.67721053,2,positive,05f5cf5c7262bc8983de1922757a8d18398e064f3b021460c4edb6ef569e83cd,0,0
test:6056,0.30484687,0.33455451,0.36059862,2,positive,b31e8c4a5eacc6efae5063eaa90a82e95595d88187c4d655e5e72b1d87a1739c,0,2
test:6058,0.43524830,0.12596710,0.43878459,2,positive,08fa1808bc13628e2467e38c6454539bb8ab4e286fb1607a1db8b3234cddc521,0,0
test:6059,0.07582120,0.81149764,0.11268116,1,neutral,ea2023344875c2820cde3ac732a07f5c9a74b890883bf6555e9aee703c6ac242,0,2
test:6061,0.26787811,0.63707821,0.09504368,1,neutral,b8d735506712ca4a112a1caa2f98dbb6731f1eaad4585df1280fd31d6e011629,0,1
test:6062,0.11979056,0.36575815,0.51445129,2,positive,167bc00299d91d9de9abfb41adc8fb8504dd45257cfc801790363625022b0c21,1,2
test:6064,0.17202869,0.29544189,0.53252942,2,positive,2a2637881afead942c1742c4a1d95e62225c643a1a74307db695c1bcb6f92fe0,0,0
test:6068,0.51414000,0.47022280,0.01563721,0,negative,92497e1184c587f88d4e4b41d0527c5e52a6e95233d985b51bdac7ea722557c9,2,0
test:6071,0.37220010,0.36441926,0.26338064,0,negative,e5cdbfaf93b39de6451dd95d202057af708238d7ddc027cb0b9c311e153f9720,1,2
test:6072,0.29889678,0.18864146,0.51246176,2,positive,ad0970b518ea4cea120ad897026ab6e7c19afa2216cf91ac66d19de9f2a1f8ed,1,0
test:6074,0.04989517,0.53026832,0.41983652,1,neutral,d4ae87bcbb6303d0667f23e4d4699647784354b55a7dbfd0f588f5f4c72152ec,2,2
test:6077,0.10040474,0.82267903,0.07691623,1,neutral,3105619956a6b191408731f664f8dac9a8a7082e22583c8bf292ac4cea147738,0,0
test:6078,0.11662862,0.25994662,0.62342476,2,positive,b1653f1df362ad08d79a8bd713ccff746bb352e93325faad6ab2d7641ee5a14d,1,2
test:6081,0.04590592,0.19409531,0.75999877,2,positive,7a5609442e2e0d3d051ba403343b1077c75318115a6f37b004ef9cc0ca244505,1,2
test:6089,0.38346650,0.16826781,0.44826569,2,positive,d236c348f80b32f1e03a19173f0523dcbbe9760ecef63da6562d3e8952c559ab,0,2
test:6090,0.43044543,0.35632025,0.21323431,0,negative,f0776e02ac1fb2e49f3d6c82dd7ad15c7799ee52c30ff020ac97e1eb9989fa76,1,1
test:6092,0.08215673,0.56877160,0.34907168,1,neutral,fbf6fade45155ebda721324512957e6eb7ebf24f80c42e7b5b72f52fd2c6b940,0,0
test:6093,0.27810116,0.53347071,0.18842813,1,neutral,5532acc0421518a0a29e0e1337a91d671015e4f9d8601298bf9f941275ee62a3,0,0
test:6097,0.60580735,0.30436847,0.08982418,0,negative,6e3af5d71b0e79df3ce8b1b7c145ffeb8deaedb8c54ba089206cc20e24637e5e,1,1
test:6098,0.27383223,0.63453280,0.09163496,1,neutral,3c1ed1f650d39f45afcf98c4676c6ea9dcd0937a149be7f34c6172d3aa6aa1ff,0,0
test:6099,0.14490562,0.72855736,0.12653702,1,neutral,4aa274b1a63acc8cf7f6edbd6f9a277fb83a4138d1e8b946c8e38b50f6b31ce9,0,0
test:6102,0.32783255,0.30933983,0.36282762,2,positive,98bed96e5a91c99aa368cb8a29aa8dfae95097bd3db1a0b0728e9df3060d3c90,0,0
test:6108,0.79738769,0.07748219,0.12513013,0,negative,fb2b4f8d8309b6ad2d8d74a5610f4d436c9bb1513d34ffab3bec1aeeba41aecc,2,2
test:6109,0.30244419,0.51567050,0.18188531,1,neutral,2d8361aee516d252622d8b016ba91ff8911a74d597979e6169577adbc15bc215,0,0
test:6110,0.45703903,0.51922271,0.02373827,1,neutral,4da670409bc4b7ac67be985cb43bcb26650cc90e213d4f93d62a62f8020d5a7f,0,0
test:6112,0.28259817,0.69848317,0.01891866,1,neutral,35807c34b4ae2f340752bfccc7fa6cd73b8a8d580c644b52cbd2ebd02a5f5260,0,0
test:6113,0.04448846,0.82189068,0.13362086,1,neutral,84b76bc6ca7a073968344ab69855b60aa50ca6566765af6d9cee38a6975affac,0,1
test:6116,0.07673721,0.73927791,0.18398488,1,neutral,8483579211ea9d6eb843a8d9dfebaf07491ab5ccd4c12d33aea4255e20601e63,2,2
test:6118,0.02606411,0.76011294,0.21382295,1,neutral,4eeda776e79f158f1f64aee6bae191a4dc76adc77d94095992c7a0cee0dd2c85,2,1
test:6119,0.32320096,0.50477665,0.17202239,1,neutral,c0a0825952ec4a6993808276ebc236f6063f3ecc24dda79ae52b425ed9d2257b,0,0
test:6125,0.26702311,0.29973245,0.43324445,2,positive,a75ea278d967e708216452e86e4c0ce257eb5fd9b0d65f50bffd0c2e280f7ec3,0,0
test:6129,0.12058607,0.21007559,0.66933835,2,positive,f8e5450e0cf22ed21c27cdc2482e3adc54b757066121996018dc301b81886250,0,2
test:6132,0.19580387,0.09505202,0.70914411,2,positive,f3ca86803c29d7f1e5f26e9e5113a512f2829db9b286f7fc429d889fd16dee6f,1,0
test:6133,0.24303974,0.30854209,0.44841817,2,positive,ad1385f6bb2cf848d646ca5003333ca17f27a933d4b0630ca485fc52220b4e14,0,0
test:6137,0.14640486,0.24611923,0.60747590,2,positive,9f42f5429fee0b3375205ea10c0ad54411885f964fa7b781ae0d89e5040bf08d,1,2
test:6140,0.20303868,0.21407900,0.58288231,2,positive,6cc57ea55ce349c920fdc5c4ea38fad62d5aa3b207715dde599494dcab025f42,1,1
test:6141,0.10369411,0.52752381,0.36878208,1,neutral,e842c259cba54ee5cb2f7ba045a13004e4bb581d484fac0bf4478b49dd85480d,2,2
test:6142,0.31481390,0.52071828,0.16446782,1,neutral,8a7a1c4aa121d108cbe62d26c3ecfb4e14b2cb4e30e6612ded6bcd582e175717,0,2
test:6143,0.14499636,0.18023475,0.67476889,2,positive,0e2da9f81e9a752db5ae4487d03e1cb143e6dd581ca8da42d81912a5be8bcad1,1,1
test:6145,0.33954711,0.58922248,0.07123041,1,neutral,9903dcf5a8cc004c0d63e6e5a816699f08e0318a65065877bb0cbdbc4d041504,0,1
test:6152,0.27445245,0.57553180,0.15001575,1,neutral,a3aa0e3c43ad6ecfa32fdef5d7333fd1846c23d4e80c23c0925da8be17dfec39,0,0
test:6153,0.07255328,0.38684793,0.54059878,2,positive,fc812ddcf4bc37e47364fe95735050892c2b55cbf18ba9f365c4903f7cbe3d36,1,1
test:6155,0.09077638,0.37136061,0.53786300,2,positive,957495b8fb43358c36b66ebc3271a9501e469656fd9015e4589fdb2af02309d3,1,0
test:6158,0.01631336,0.47363593,0.51005072,2,positive,63ae2148433c419e19e3c6e944abdae70c37259c6454c8958ffd5ea30210eb8f,1,2
test:6160,0.01697289,0.01444667,0.96858044,2,positive,958bb318ad519bc9773ce777025e9bfa330639e25c9db92f3a74568ad34bc9c3,1,2
test:6161,0.15703598,0.33442208,0.50854193,2,positive,1ab99079346fd81535240c07452fccd51f4cf6d2e23ecfaf1217bd4ae97e3188,1,0
test:6163,0.15037051,0.67600576,0.17362372,1,neutral,7e3d82e00827873d9e3b9c854846cbb7198fd608e7c65b07fb134b4b517a4be2,2,2
test:6165,0.39640709,0.37523061,0.22836230,0,negative,5684ebb437a065349688f6d0ce1d72fc9ef0cd0aafef5e45383a04c9d48a1731,1,2
test:6166,0.06782452,0.80297686,0.12919862,1,neutral,fcd636bd2539b179a7f6f51aeebcf6fff444e8588abc5cc9d5515f0c1c781c2e,0,1
test:6168,0.00690799,0.15956439,0.83352762,2,positive,9729be6856bd2fb9c8df37deead3285eee973354b9c2efdef41016eaf41f3d6d,1,1
test:6170,0.28246326,0.34835337,0.36918337,2,positive,01f87763af382078d55f964594342cbd08284d4a78bc79a850e43e2205adc8f0,1,1
test:6171,0.58443714,0.11795213,0.29761074,0,negative,6a45606e6bb7324ec5cf6a54d9224a548e64fb4168a2ad678d98fd9842a70ba6,1,0
test:6174,0.30152087,0.40661078,0.29186835,1,neutral,09c29a310c352902d3db6bd934abb33e6ce6fb6b8130752a76b0b89fc37ba4e3,2,2
test:6177,0.11442148,0.65202774,0.23355078,1,neutral,3a169c90ecd9d49fa261d659af0b698c11386cfb264c64db6c530a4c7ba5fa0a,0,1
test:6179,0.04162658,0.05641645,0.90195696,2,positive,fa2df881ee834bfa4b0a2560ec8e0fa47c7f247a2692a2023370d1b97d11d3e8,1,0
test:6180,0.02833018,0.22161370,0.75005612,2,positive,2903ba85d5a9e3c20fde7371208382b4931652cb9058bb0fc481ab23d58ad29d,0,1
test:6181,0.10000242,0.44797363,0.45202395,2,positive,f29be189f0d5d8466bf49fb2f1b745cda52e4cba7d31c166ed8764d3cfab8cdf,1,1
test:6186,0.48417188,0.31800647,0.19782165,0,negative,6e435efada650f7822fd72c6a9c03f40733032ee8f4a1c44f3c5fbb850b17fcc,1,1
test:6189,0.02756432,0.70668015,0.26575553,1,neutral,8a5e34d0f655c29f537a7211b6f3b984fe31078ca30b2fb85ef386163ca6b4ff,2,2
test:6190,0.12419336,0.61091196,0.26489469,1,neutral,8883a7828d3b6b3f49a68947969644d240f3e66ac18dfa8dd641781e2f281af8,0,0
test:6191,0.35524472,0.42765105,0.21710423,1,neutral,027934d8f3d27dda4ce25d13bb280970d46e5f39fade577667ab5b68affa183e,2,0
test:6192,0.40756308,0.26902553,0.32341140,0,negative,f8117a3f6731bbbf474076166e06556b089c6ee10c50d0a25208ff365aca28d2,2,2
test:6193,0.23362943,0.19103592,0.57533465,2,positive,18a922b81c591e69fcecb4a9a82c5c99a83d9c3b10266448283b8aef01d738ea,1,2
test:6194,0.21208704,0.60996265,0.17795031,1,neutral,ed512e36f1560ed884a2d811d762a98c2acd2856cb39d99fe9b30cb374247ca1,2,2
test:6195,0.52696743,0.21601644,0.25701614,0,negative,15faf410ea592e665f1009a719525c52bdd47a31ce8c2e9b9a7fc1d3e339a1e0,2,0
test:6198,0.08595713,0.70475386,0.20928901,1,neutral,b6081ef4dace4b02eaa9a2af42eef3f7b3dd7ac304cd2cfde5cf9cc0099e02f3,2,2
test:6199,0.16507158,0.79650103,0.03842739,1,neutral,7f7f68f57e0c27681a657f9a49a2954104c8a0310317b459bd77f0f6e1c319d8,0,0
test:6200,0.35900344,0.31378067,0.32721590,0,negative,37d017e1652a02f502353c117d6de4e402c0fb0b3208a8d5054a162801b3f4f3,2,1
test:6202,0.14071075,0.57821596,0.28107329,1,neutral,7e6b4b7b804716a5d157bf3b03c44389c5181d9659e99547b31f63a596d33b44,2,1
test:6204,0.08140628,0.23154925,0.68704447,2,positive,dd2f2ad18aef5c21ea3a96b65208fa7acc8455fe746bb9f3031859311f64cc50,1,1
test:6207,0.28425150,0.33802758,0.37772092,2,positive,0dbeacbd122f3aff8a6670692596c5ca4168527d61d7bd0788f0125b937ac4ac,1,2
test:6208,0.07566653,0.81323367,0.11109981,1,neutral,a060d620b3dbf3bbf306939a0482de86d1bac048b2d9531e2350b4244a05e1b4,2,0
test:6212,0.55823778,0.33324848,0.10851374,0,negative,29dbeec3638ec553836bea856c975752060f241424bc9778b4dfcfd099cdb633,1,2
test:6214,0.23104184,0.31231328,0.45664488,2,positive,5b5d67640a94e4bb03c5c8144774fdd411e0caa53b1318ef643f60bab68c477b,1,2
test:6216,0.33062457,0.50116327,0.16821215,1,neutral,9a65b673c3aef8b425c501f5847edb12a6e502d47e029e767e649bd2f4d0b713,0,2
test:6217,0.07810775,0.15950728,0.76238497,2,positive,926ee88b695f5eadb642191c48d1fa80035976dd0368af51ce09be5cd36afe39,0,2
test:6219,0.42160870,0.42748864,0.15090266,1,neutral,fa3de14c84e173e0a3fc389591a38371d34710f0fd3494f144ddde5c447fd091,0,1
test:6221,0.32238091,0.35531635,0.32230274,1,neutral,1019b269d4acde50226f1225eb7650eb3b4488cedc1ed66d791216926fb593f9,0,2
test:6223,0.47239802,0.18635078,0.34125120,0,negative,5fcec2ec857ff59c9f3ed869f45c9902126e2872b1484259e40999eb0b8c3ffb,1,2
test:6226,0.23035093,0.62013850,0.14951057,1,neutral,ac84a07d29c3031817a0d3120bece0015d08c2db5bb9a1ecfd92e9f47f30b89b,0,2
test:6227,0.16315321,0.81523957,0.02160722,1,neutral,24eee1d99828803eb6c05ad454994113f281a378142c63d74e1d846c31cda3f8,0,2
test:6228,0.06572267,0.42590555,0.50837178,2,positive,b859a803389bc0aa100c40f252a0b112424734e867bad6f86fd9b54cbb247910,1,2
test:6233,0.19186978,0.72763100,0.08049922,1,neutral,a415fd1644251c2b8f995592028f63f45362aff42db2ebf18b8e1e0b64da2112,0,1
test:6234,0.23198039,0.70126636,0.06675325,1,neutral,672333726f4efcbaae9d98abd387d2315ee6936204149f85dbe6e41f75d2a998,0,0
test:6235,0.05768116,0.76508416,0.17723468,1,neutral,93cd20a469443d80cbbc58ccd2dd1631ad38648d5dcb408384c04878f6ec54d6,2,1
test:6237,0.26372398,0.30845564,0.42782038,2,positive,88eeb039650d082dd662f5122c898f15bea86c1177886e83aa638e9767de4f59,0,2
test:6238,0.10143643,0.23722239,0.66134118,2,positive,08f4ec1de95b63590d90b2946efa2fdea5477c72976a82e547e0d226d3a2e9df,1,0
test:6240,0.43902447,0.43658531,0.12439022,0,negative,7158368e6cf3cc0d03a7f5246de72c2994c5a48be25c749eadc26662f3db8fdb,1,1
test:6242,0.10059326,0.58066890,0.31873784,1,neutral,2b009ad04c0f9e66b8cc5a02f9d17e6575cb722e1e6bc5b75ecf71b667172e47,0,0
test:6243,0.17503660,0.02330769,0.80165571,2,positive,f034a749aa30936f0c644c71b3c73c1c77c3df3d268f89644491e0df0711a6b9,0,2
test:6244,0.09857591,0.39047111,0.51095298,2,positive,be52f758b5bcdc8f471ece370f2af4e4c6a2b8e3e67b73dfa2392b8409a5613a,1,1
test:6247,0.53763194,0.31739452,0.14497354,0,negative,abd6502749e782d261734eb92a3229947a1892e62dcd290525cc6c0bff7eb336,1,2
test:6249,0.20783448,0.66243413,0.12973139,1,neutral,00c6720fb06b2a5ed9d183ae7c7b9b148f84e683e2a39798e38e17c986132f8c,0,2
test:6251,0.34142035,0.30882100,0.34975865,2,positive,1ad4f75d242916f04b9b483986d1e8d79ccc19a5c61d08c8fa5bf9a8adb9d739,0,2
test:6257,0.02295865,0.74058502,0.23645634,1,neutral,605f3551ac5bbcd12318e9a0362cb670e8db298543ded78a6e09b118718e72e4,0,1
test:6262,0.15223323,0.31416614,0.53360063,2,positive,629d2c3dcc048fb07c2b39194d46f33d63129b19ea6072fbd1f0b4ac478bbad9,0,2
test:6263,0.43924427,0.45991171,0.10084402,1,neutral,a31afa730dbb195e85fdb1e4bc336902349a8d4f11565988dbf479df2e72ee75,2,2
test:6268,0.11397660,0.50524952,0.38077388,1,neutral,04bd272a3e81312ca15b9b7297d532d2f8e89707b7f1f42e31120d54e604cea7,0,0
test:6269,0.04996049,0.53844174,0.41159777,1,neutral,b1859b897ae301b3f80682aadbbbcc4cafe69da04d9dbf7fa6b535aa10575609,2,1
test:6271,0.22509345,0.57771830,0.19718826,1,neutral,2c541ef0324e996ef207eb717c9b8717d1580fe0c3243b323ac451dffd708197,2,2
test:6277,0.47136911,0.26529787,0.26333302,0,negative,dfc495e2380dce9f09b8ae553759e66be640eed8deff425159cfbd71c3467eb5,1,0
test:6279,0.06509523,0.85864583,0.07625893,1,neutral,a4e790906843f5eed9dd3949b45269f1129d2dc7b7c9874ef0f18327d25005a8,0,1
test:6281,0.24015791,0.70375352,0.05608857,1,neutral,e8d9b8273e90f55f109f90d12c63936506f2a0580426d97cdf785142a05b2831,0,1
test:6282,0.22729409,0.75486224,0.01784366,1,neutral,ff6e947e8a5e9a61c62d9a3446360d222a501e0691778be42cfe58321f52a260,0,2
test:6284,0.17544156,0.51077236,0.31378607,1,neutral,b2c7c0a0801440eb58d19246ee6ebe77593f8a1f8b9bbfcf00b201fd653f2e5e,2,2
test:6285,0.24103213,0.45198589,0.30698198,1,neutral,3aad76efabedefba3320a863eb65920f6cfbf71c2429919ced61afac75ab7bc0,2,1
test:6287,0.36234267,0.33381211,0.30384522,0,negative,20d2b0c1df2cf8fb3611165eefab577ec61efd7a05a266cbdb987252a9c38b58,1,2
test:6289,0.13229682,0.31377676,0.55392643,2,positive,bd0fcba301a46049b0e8c70f9b5acc42d9f247b84b057cde2499f998b06282d8,1,1
test:6293,0.07182912,0.27919355,0.64897733,2,positive,4db9270a0419606bcecdafb8827fbbf6903af2dc2a654aca78df7b3d60dd977d,1,1
test:6298,0.31685382,0.53516853,0.14797765,1,neutral,983abf6aa9040d14850360a3d98d15e6937e8904875d7750d3745609f68d5b0a,0,0
test:6302,0.17576834,0.29552749,0.52870417,2,positive,38bec5a02ac16017ee7b0d4527c10b7af7af1862143ec33d3100b6e685d7fb0f,0,1
test:6303,0.25629729,0.28443988,0.45926283,2,positive,b7f2d4d5afa57fca4de4ee798caefe0f68b91f207c55c04ecd42960b63e8ba30,0,0
test:6304,0.11714473,0.13061295,0.75224232,2,positive,cf0eedfb6fd9c0ae11f994f588b39e51b2c650aad4c287b04e3b27faa3a10aac,0,2
test:6305,0.54759020,0.25118556,0.20122424,0,negative,a7c7a3fddd665ffe56c9e489e5b9baa36488a3c44bd5f92e6340f8671931d01d,1,2
test:6306,0.11755326,0.56263224,0.31981450,1,neutral,247aa46794a466602714ab3c12e4fcddfe96e23a5cf618adcd5d3322b56f6b87,0,1
test:6308,0.84693263,0.12383835,0.02922902,0,negative,3ca1314536db48c5540616266a99fa141a348c74f08c8148090c198eaf246b71,1,0
test:6309,0.45334559,0.35146187,0.19519254,0,negative,e265e8df8fa54800bb98a8a7bcc8fb3d1b745126330bf19afb6091d5a0d148e7,1,0
test:6310,0.23523255,0.67448010,0.09028735,1,neutral,9f00563d4c0b2eff2041e97e758ca8d39d006a836ea19050907b1ac1b3c9becf,0,0
test:6313,0.28828225,0.42698200,0.28473575,1,neutral,cd741be7336bc68e9e2c1a812e5fead9811a1fd7422e4cef09291521b77054bf,0,1
test:6314,0.13225147,0.33384304,0.53390549,2,positive,3418606c99b6e7c0ef9defdfea95fbfc1aa71dbc2f82d9215f2e58e6b94d9936,0,2
test:6315,0.06930750,0.84124019,0.08945231,1,neutral,562a39f25395682ec0f3a328bffe82fa21a869dd6355495df6882e8a4d8c9d86,2,1
test:6317,0.20115577,0.60068776,0.19815646,1,neutral,7ebab5e75870cf9c59a99d6afa5dee6aa5a984d8ba665974587f3842fb50d997,2,2
test:6318,0.19526680,0.73620064,0.06853256,1,neutral,fa4fce5a73ac1406e782332c24193ed9a2bb19088e443082ddf18b7e6903e85b,0,0
test:6319,0.12007804,0.49748082,0.38244114,1,neutral,8c3204b9cd5350319e60681ccbf9820f41074f50aebb0209758fb76b5c10f9f5,2,2
test:6320,0.23654512,0.59984913,0.16360576,1,neutral,c7dd81a69875c5c1783d8af4a4b9ca40fb3bc73433bbc511a5212fa7ead7c6a6,0,0
test:6321,0.39917170,0.58413554,0.01669276,1,neutral,7c90a23abff36885f69dac585e3961135c12e79247470bf57969c2a5c3d8c47b,2,2
test:6323,0.11101859,0.64130614,0.24767526,1,neutral,ca5cb38f86facb559acedd370644d23034a9bb1f59f3539b2db8552d4bea3583,0,0
test:6330,0.27862466,0.66736918,0.05400616,1,neutral,749ae8d59b4f8d6f07f322c9b100047a5aa3810b62e1f4e5c774aef8511c63be,0,0
test:6333,0.10594113,0.17773295,0.71632592,2,positive,22515b85fb90b26ea027cd3ecfb229984a0f558b13284567123380671aa158fd,1,2
test:6334,0.08574931,0.54375553,0.37049516,1,neutral,c9ad30647c3f52ef1bd60f9d15ce3b9ebe7e6395a23287ed7af60a965cfc13c6,2,2
test:6337,0.17169983,0.72232999,0.10597019,1,neutral,67b0c830af62fc0d7804e04d8235ed985e6526c28c0f69cdbd9e8199caf3bbb6,0,0
test:6338,0.30662096,0.64686794,0.04651110,1,neutral,5f0a65b59b85e444d978fce26f5375be461485b07c9cf5d01b00b9b8858629e7,0,0
test:6339,0.44077055,0.40966254,0.14956690,0,negative,dddf78a3c86ee2bd91cd836a8b42ece76411a3b165e335ed332afa3b99580f73,1,1
test:6342,0.33083522,0.61853429,0.05063050,1,neutral,4eea457fb7b42bfb470cd51220a11671fd7980d7aa79f4816186a2a1f0f8cf54,0,0
test:6345,0.18515857,0.59000451,0.22483691,1,neutral,d074394a1f65deb8723d7f7e5a2b3b804bb5cfffa79c4fc62f00988d9449d581,0,0
test:6346,0.23072551,0.27063590,0.49863858,2,positive,64c4da33d31d588af51b20b9d1dba2eba5759ba8dee2a288672d0eb5941faf6f,1,1
test:6347,0.60698239,0.22956565,0.16345196,0,negative,7f7014a5998d3b4a4e1153d757a467305a817cbc409134e92969772e452ec83d,1,2
test:6351,0.03138666,0.60851070,0.36010264,1,neutral,6c05531342067fd01552b6b49d8e719974ea159712cc08ad3e6a3434912321f6,2,1
test:6353,0.17993254,0.38559107,0.43447638,2,positive,18c41f3f133851c32d18c75d35f5e92abcc72693c137965bf0b6aa52961b84b4,1,1
test:6354,0.81840794,0.11742033,0.06417174,0,negative,d5d3144af9b1d9fa0773f3b2144ffa8c268d1f1ea46d5c37634f1ce32041c9c2,1,2
test:6356,0.06622083,0.88413606,0.04964311,1,neutral,eae8e42c22b4dad9d6d76a7c1a1ba9f8f8e25622cd05a5a062d812dbfecfda95,0,2
test:6357,0.06690509,0.87461664,0.05847827,1,neutral,ab3733dc0b713657463729fe225865fe63ecbf7253fbfde55af9357bfe39567a,0,0
test:6359,0.69117291,0.25160967,0.05721742,0,negative,19349fc0e060affde0bf1a79363ae3f8b284c4a496816ccc15fcf068c26d0e0d,1,0
test:6362,0.23942760,0.43336336,0.32720904,1,neutral,ec7fd6c78d78bc688f11db28da54fcf786be2e5d94322f2dc9b82a0048180001,2,2
test:6363,0.05961621,0.86256199,0.07782179,1,neutral,4322292f0b49c1c521aab08548b9b6f9dee2dfc671c47dc56a1be8bc1c1b053f,0,2
test:6364,0.27757671,0.48389632,0.23852697,1,neutral,1010bdcb466d8e4bdb90fcee3c656ed050fb97a97885cb7432bc9f0d041f5945,0,0
test:6366,0.08346677,0.55028885,0.36624438,1,neutral,b3f10143d77dfda79f96c91d344ee3be34376d52bac3b6364c8c905b85e96856,2,1
test:6369,0.15584036,0.19159187,0.65256777,2,positive,0b1817cb921a1cb3599646cf8858af04fea46fd35ae284ba891e9237402ccff5,0,2
test:6371,0.13673404,0.73857003,0.12469594,1,neutral,066d73c8657f04275f61069864435c2a8bd92cc510da29a083e31e483c1d8197,0,1
test:6373,0.35386498,0.32318011,0.32295491,0,negative,fab4c010869b69715b2584baa9703495aed6acde328dd5b4b1e0ecc92cb2047b,1,1
test:6375,0.30955381,0.52627300,0.16417320,1,neutral,30a63b4aef136f8d3750c6615efdb1c0af464d926a7c8dbcf984775ba684b41f,0,0
test:6376,0.20630076,0.68624305,0.10745619,1,neutral,d17633370a415aedc4a715cdeb6c0187803bd30b70dc22fbf0922512b8ee0c1f,2,2
test:6377,0.30136800,0.37609970,0.32253230,1,neutral,8d78bb1d9f4d0d9fb42d57d2b016f9a50a0c653620cf6feb392efbd856ecdb55,0,2
test:6378,0.12222683,0.63262943,0.24514374,1,neutral,6dac08eead52da489add0d93039b41399c75ac4ea4dfc08090af1ed5b9f6b770,0,1
test:6385,0.19766050,0.75322578,0.04911372,1,neutral,6cc3c600b658cebdea363961c388ecdc0bfad1b5020cafb1308408f886991aed,0,1
test:6387,0.17362455,0.66639231,0.15998314,1,neutral,3f87f106f518afe574cf55f8b22296e0e3e16d77a0a70e1b2ebaf5773329dd23,0,0
test:6388,0.06627023,0.83179197,0.10193780,1,neutral,13ca40f8df08c92959c395270c8621d4ad746476f69594c9f1bc8cebaaa0b424,0,2
test:6393,0.47517652,0.43055180,0.09427169,0,negative,a4ff5a9525939d4515c629efcc56bfdb3b468ab56003a6bcadc8df98a1877ee8,1,1
test:6394,0.13786308,0.28580560,0.57633132,2,positive,83aa8dde5dbc25fbeb990bb53c8512c1e4ad3eda628431f554b97be952d69dc8,1,2
test:6395,0.38951464,0.40850478,0.20198058,1,neutral,b111a4458c4ba1c3e31ded1b3f430be5dd1170cd9d53e123f379d23e5aa13b7d,0,1
test:6396,0.41427736,0.17786427,0.40785837,0,negative,e9e50fa6df7c8af76f38d329b6c8f1e52e8c82fc5f79dc4d623719c795e5b267,1,0
test:6400,0.52929530,0.19419530,0.27650940,0,negative,1c96733d0df1850c393051e87c0e38259ef4bc63cc10e23ade320a05f78617fa,1,2
test:6401,0.09395502,0.53888616,0.36715882,1,neutral,feae52aeac0f375a97d8dc9cc95b3f7e2ff193eae23e55b488718e97168f7259,0,2
test:6403,0.07380362,0.22213961,0.70405677,2,positive,44a7e0d94b9fd1d763316ba7c0f98b9fc6d9ece1a5828254eea07fe9bb4f8ae4,1,1
test:6407,0.14422814,0.34389790,0.51187397,2,positive,a792bf765f0a404262e1e62f60ce7210b6a69ec097e0f8a68e36bda1fa0a09d8,1,2
test:6409,0.16246896,0.61645812,0.22107292,1,neutral,f4a149e6ce21759f2a05ff91ecf2faba8da78c21d3c677a25582b82da5c22a88,0,2
test:6412,0.33806895,0.57967539,0.08225566,1,neutral,88e9a009e43992d46abd12848f954d3251f275da9402c98aa5c55eceec4c8ef8,0,1
test:6413,0.33220185,0.39739796,0.27040019,1,neutral,b401b2bbc4289aa5f4c2e78648dc3836bfade1106a27f3002780f762deafcf39,0,0
test:6415,0.43017232,0.48095661,0.08887107,1,neutral,4cf227fd66883ac2b40b78966e68c3c166c78f2f0e6b04042941abdb0ca0b1c7,0,0
test:6416,0.09764281,0.65376861,0.24858858,1,neutral,66ced3e0740c2cffe3b9940816fa115f1a27fd2b8bead73826739bb91cdbd91e,0,0
test:6418,0.11052089,0.32402652,0.56545259,2,positive,c48488f7d6647c57c38b5e88ba4c254e13916952cac8c693dcd0374fb3a6c3f0,1,2
test:6419,0.24910875,0.11784435,0.63304689,2,positive,d74ec3fed1d15c4344bd6bbcbeaac5ce9764bef710a94a7f2a41330f7f4fd1d9,1,2
test:6424,0.34703325,0.42863659,0.22433017,1,neutral,f1afb123fe2998f225a6be7a2f7092a7c873a411502f7c246546141f06bb2cf9,0,0
test:6435,0.01850883,0.71388693,0.26760424,1,neutral,c76d863fff3024ba9d817d65f164375c4be4569b8de2a076853b365ee013f421,2,1
test:6437,0.24900701,0.60706415,0.14392883,1,neutral,2fa87184128a5f37bf479bdefb1c2aa7b53cde3d508ddd7dfd1017f398f325af,0,1
test:6438,0.10382865,0.79328316,0.10288820,1,neutral,6258cc0f4f31827ade6517ca06f06fc29e1998e5b666152c974d8ed7d1d6d665,2,1
test:6440,0.59341786,0.27388030,0.13270184,0,negative,8d99f861f163eb922fbce6a2ac8e49cf9ab4bd015e1ac854c77ebf77468f5440,2,2
test:6441,0.29611248,0.33263186,0.37125566,2,positive,c317d0c236796290557772adbab80b8715feea4f1834f68e993fdefc0fc86f55,0,0
test:6444,0.14283404,0.64675547,0.21041049,1,neutral,eb78a93d2eb18eccae292e58cadd07921c49347c9a8c3b3de0612fd4a1b4798d,0,0
test:6445,0.07683702,0.44096660,0.48219638,2,positive,dca3b2c0e1eeccfe18e32884731ba6629c8725b22ff9fd231514c0fbf64bfa47,1,1
test:6446,0.61059786,0.11430255,0.27509959,0,negative,5e9204f7bf4100d23e6a5d939174c9c2024c54559ac59b6dfcc1ac6fa9452378,1,2
test:6447,0.08104395,0.71103285,0.20792320,1,neutral,4897b72398d5d32141531c27a39115584c9caa0d32c4c2d2be6cf40a88ab01c9,2,1
test:6451,0.16232299,0.26542903,0.57224798,2,positive,0e6c71e9ffb7448e09e2cd5cb7c5760288352ecd511dd0e9bc727b7adea2af43,1,1
test:6456,0.18622214,0.66769163,0.14608622,1,neutral,83bab6d43b25a554f2a77a452e33e4cac9cf555f60dc1112bb551bc4d0592760,0,0
test:6458,0.02562890,0.37804732,0.59632378,2,positive,ff511d7ed09f033757c32cecac4a1c8d2e39e6571fee6a89dc93e5d7f48048ba,1,2
test:6460,0.18424729,0.31385564,0.50189707,2,positive,f98cf95a691693ff9c5ca19d754d647b4d8d3c5239d57ff2c23b93a5e5cf8595,1,1
test:6462,0.12075887,0.33911373,0.54012740,2,positive,7274d9bd4e3f86601abb7b8596e0a04c4635174868c4cbfa47999da84c65cb6f,1,1
test:6473,0.11106132,0.61242114,0.27651755,1,neutral,6d2ca0743d7639db49502ef9bf2eaeff387f32d238ce4cebcf296a25be071a0e,0,1
test:6480,0.25726925,0.67328415,0.06944660,1,neutral,e0e878fa33603e2e7d8a0430cbb3daf818a87292c3471c37b521b12c2166e009,0,2
test:6481,0.19898009,0.69868839,0.10233152,1,neutral,eee40d5b902b58c8b68e06aeb84c075a91983c4b9c6e31b659fd295e22342b2a,0,0
test:6482,0.20862478,0.47390398,0.31747124,1,neutral,ef46c0e07205f6c1c328770619ecbbd50464e061641ae1969e4d3aa818bdf6db,0,2
test:6485,0.63090203,0.29238954,0.07670843,0,negative,5d09e995ff4da400b925d6934eef924a174716b8a939dd118057ecabb25320c6,1,0
test:6489,0.17392021,0.64974094,0.17633885,1,neutral,470982e29425a56815827135e4f350631af6651c4be9ddcba1f939118d026950,0,0
test:6490,0.42291186,0.49526082,0.08182733,1,neutral,b36ffe3e802f7d1a7bf585001d1a39db930c2ebc28e1c5debbdad74b173b200f,0,0
test:6491,0.22176681,0.63221740,0.14601579,1,neutral,044fe9f9aaef305e9c7cb32df3aee62221ec5860a4a141aa8de244c4bfaad45e,0,0
test:6492,0.23545353,0.21092983,0.55361665,2,positive,711b7da1f201feae539942367bee445c8299d4a0baab7b71479a26ab744b2a86,0,2
test:6493,0.29855143,0.60713660,0.09431197,1,neutral,bebee706aa337a5b5baab29609b98f597f6758712a552b006d71e01cc59cb730,0,2
test:6494,0.12502177,0.71822144,0.15675679,1,neutral,72f1b38e2f7e7987f28ec2f8c39b3c50d5d8589c8189e77ec97770d34c058780,2,1
test:6496,0.54565262,0.37897511,0.07537227,0,negative,b9220b3d88c575c5c7ea43796848c00e87d958a68650ddeb0c6ac411b91a0825,1,2
test:6498,0.13699915,0.52079091,0.34220994,1,neutral,4b43f92be2f5939c5db31b14eb61c096e6786118ddef42fdf92bfbb105b67bdc,0,1
test:6499,0.19962233,0.64170507,0.15867260,1,neutral,2596a1bde42601ab4dc6fde734c24261181c2f1c46d41b5223d272e6ede1ca44,0,1
test:6505,0.05943956,0.04333061,0.89722984,2,positive,3e70ba3d88cb901464dc2497aa5a373d2d6874c6bbfd885aa5a57833a95bfb71,0,0
test:6507,0.16138934,0.18289901,0.65571165,2,positive,ead796e126ae26db4033446634154d1bc3f49bb1712a0f341c11b25baa28860f,1,0
test:6513,0.02769257,0.54977166,0.42253577,1,neutral,ff50098e81011cfd7e90a1f2ae9b53cab93cb90159196961a825d619c507b818,2,2
test:6514,0.11551953,0.77508379,0.10939668,1,neutral,fbbb660093be1e2a97b3e6457446314cd868653c8ae35648676c9d1883e4eb34,0,2
test:6515,0.17180661,0.75960896,0.06858443,1,neutral,1f415718a15ffeb08d99ebadc2efc17c4c537bf0a1dfaa28fcba3cc73068e2a0,0,1
test:6523,0.16101471,0.11582114,0.72316416,2,positive,2954a87dd8e574c248c5f4d5ff91db3b2af6bb922a1a16014ea43fe54b9c9e72,0,2
test:6528,0.31639711,0.36923482,0.31436806,1,neutral,656e4a150b2325b3fc035feadc69cc83206996a120728e9c417f5d7847077922,0,0
test:6531,0.18130966,0.74736514,0.07132520,1,neutral,57cae2c820e7dad0544b026d313f34eebfb0daf120d4823bb548196b88fb4ec3,2,2
test:6532,0.02442047,0.23316892,0.74241060,2,positive,52fedfe6f4d7d20a602a7b7832c1aab0ee919453ea582910c6a385d81a0917ca,0,1
test:6533,0.02265314,0.09239352,0.88495334,2,positive,d4dcaa2ae139a29ff584dff47dc6bdccdd9fb19be6ebd8014091c32c3457407b,1,2
test:6536,0.60774593,0.13753413,0.25471994,0,negative,197e9b53df8b7871b5f397b0ed82d94ebc39cae5f7aa5531325a5eed9530e6e2,1,2
test:6538,0.22237709,0.65574419,0.12187872,1,neutral,6d6f655db9963619a78096ea53fb5ca8d233928feeea3eec68c87112bcd5cbac,0,1
test:6543,0.25725117,0.65715432,0.08559451,1,neutral,670293e58ba743562194f7aba88628c9ac7d32369436bcc2aa6e026b8d84f3cd,0,0
test:6544,0.34697318,0.40311093,0.24991589,1,neutral,c8598e64833672cfbd9774cb83a9b63e8e97451e24530018069164a2f5e0995e,0,0
test:6545,0.32040326,0.65865272,0.02094401,1,neutral,8a14acba060fe775fb50e1c9e17da88a62b33b1824a9b1f5aeacd3f5b6d3345b,0,0
test:6548,0.36805200,0.51637251,0.11557549,1,neutral,7c4a83ed0e07372a1b23039854e9119abf5e0445af81c3ccf96e6e29b2915402,0,0
test:6552,0.11771376,0.66546649,0.21681975,1,neutral,d5439d152f7ea125afe99716b77e13f093c89f2d00d1b8f3dba5144f7090edb4,0,1
test:6554,0.19083802,0.47603225,0.33312973,1,neutral,aaa09ee7b2f2ce6d0b95ebcfc435a2336bc20dae1ec2269a52de83eaf7526754,2,0
test:6556,0.19136553,0.74362660,0.06500787,1,neutral,bd262abcbd911fd3eac0c0e3ab7f500d0206994994a2097f5321b115fad8ff00,0,0
test:6557,0.05834332,0.07866259,0.86299409,2,positive,1fb42598023f6f431074f3176635857b19d809a882c85ba41754a79190b287e7,0,2
test:6558,0.18390811,0.65801753,0.15807436,1,neutral,8e4ad6e53f82eef3be915c3bf5faff99c8f3c1614f1109517731cfe5a1c38a30,2,2
test:6559,0.39584459,0.51123772,0.09291769,1,neutral,1dd71bb8011c5712fd49f2fe782376e4e5fd34fdb6e224db6b364512a550565d,0,0
test:6560,0.05156617,0.34769352,0.60074031,2,positive,b072e2ac75df0fb434815ea4081f737e46f8d7f1c4906fc62aa57aab9234381e,0,0
test:6562,0.34348519,0.59235159,0.06416322,1,neutral,872cb273b7a22d7792ce658f359fa7359e4cd6d4926d9c9bb7569c8cc1c92dc3,0,0
test:6568,0.43496393,0.32119103,0.24384503,0,negative,f91ede62322c71d4cf6d4d4077d606adc92aa52ec3322b7af3aca21bbc06bed7,1,2
test:6569,0.38276260,0.51236631,0.10487108,1,neutral,0ea9f99d243ec30428fafc28b0836b31147f6b0be518a8d099c5ae79c023c03e,0,2
test:6570,0.28563475,0.63174798,0.08261727,1,neutral,3389ee4fa9a2c2631690853064f142f948ee1e03b07c2fdea7fa7da3f03b9993,0,0
test:6571,0.06284840,0.33588336,0.60126824,2,positive,980cddfffa75f7572373a849c94b8c610a7b36d070084f29d02a39b2c0a92a13,1,2
test:6573,0.44250636,0.24002832,0.31746532,0,negative,359fcdda3b307376d135c30274ff738d6f7ee2d69d73a57c8ce583b673b19022,2,1
test:6577,0.16051722,0.59558781,0.24389496,1,neutral,e3a1f8f97a792aaa626aded097f264800de1a9dd705398118d1618fd5b280aff,2,0
test:6579,0.22073500,0.26665696,0.51260804,2,positive,2c8c339552c3fe138004917abca9013e3d16cc5f3a8d5177ddb90294380117fa,0,2
test:6581,0.73141181,0.25448655,0.01410164,0,negative,7289056ad142ee0e5d9f59191ba93e64ceb82a6d5fabc6d8749a91e8ee5444ff,1,0
test:6584,0.15741633,0.69394868,0.14863499,1,neutral,1d57844163f42d325299db4a83380c27f3764b512f91f36df0fa7ea0b105f232,0,0
test:6586,0.31772753,0.62275354,0.05951893,1,neutral,8bd71db8b0f7962ca451fafd5a3126e3fc2f7c38d9b2122699e5d8d9b3173001,0,2
test:6587,0.27405205,0.33362617,0.39232178,2,positive,081b197bad864863752cfedb392811097636816b69568c82c504df16e50d4023,1,2
test:6588,0.16550345,0.43748598,0.39701057,1,neutral,0e50bebba1a69e6dbdd6e4642c352d1b30ee714de292ef114327e9a582c33a40,0,0
test:6589,0.31462472,0.31972274,0.36565254,2,positive,152a465c09fca95c7169641107842a407b9716776b817d6c4b628620f4360bc7,0,0
test:6590,0.29622865,0.51078432,0.19298703,1,neutral,894a71d21890a85c2fadff92d5bf4de78f1209700eaf9c66618417c14c5faeb0,0,2
test:6591,0.39893910,0.48179192,0.11926899,1,neutral,8b1d566e18c37f17f86a9f9c73fee7089ffa32d6c9f45b307d641f46be3e22b7,0,0
test:6593,0.13797729,0.79052004,0.07150268,1,neutral,aa668563ec08dcea50757f75074d03b8b6116dd1a3e5009bea89c6b21d8ecce8,0,2
test:6594,0.37306075,0.53891691,0.08802234,1,neutral,bdb3d664ec5355f767ed0557efb47ae1733ecf50a66a5d178bda35a3f20e1c99,0,1
test:6598,0.87365834,0.09424888,0.03209278,0,negative,778f7c3b156586cebe2550b9417aa06735868f4d5b39e8fe4f18f86202c62ae2,1,0
test:6599,0.08350286,0.65260416,0.26389298,1,neutral,49eca45ba36ccbd69e9f89b21ca912ca492c6c3ab266ba528613a9811dcdbbb2,2,0
test:6600,0.16163334,0.70833427,0.13003239,1,neutral,cf1ebe22d89ef6a7d41bd83105c01c4983cfd2bce9a10912b67432d6f42e7efc,0,2
test:6603,0.40253837,0.33243277,0.26502886,0,negative,a59eb191e844593711869c34bcce6047927ce42ad63214f6820f1acd309d00fa,1,1
test:6605,0.21165884,0.12140680,0.66693435,2,positive,247f08bbd3e154051d054bc0501ebcb74e06aafcf87071be9c0048d9d7902d5c,0,2
test:6606,0.18530598,0.63510535,0.17958867,1,neutral,d17e950da4f5bc66d52cfadb862f79d67494226f1422fddfd7d55ee1d6a12526,0,0
test:6608,0.02193760,0.44295678,0.53510562,2,positive,5f3dc7e1cdeeec13c0981a9b1c9849d3c9d0af0b9bd1a8683d2ea350fe42c60f,0,2
test:6610,0.36614593,0.56320611,0.07064795,1,neutral,ecb74bdcbc3d3c893df6e270702221e18f170139d7254f894a7dc5a749499622,0,0
test:6611,0.15550530,0.22363168,0.62086303,2,positive,c29dd7d6f75d3b08c7dd62c3391484d180de7c8ac6aa0eb43c9efa554b42aed2,0,2
test:6612,0.08833861,0.88051327,0.03114812,1,neutral,bd841de99dc9051e62adcbbd58a5d2d42693a1c955015c54eee28a72a290616b,0,1
test:6614,0.54880463,0.41815229,0.03304309,0,negative,faed512068ec383192abaad0e527a9e7bba1cf8baed2578802b1a8bbe172fba0,1,2
test:6615,0.16148065,0.53673895,0.30178040,1,neutral,113678bdfc9b46f491be25e03fe975e9072a8faaf569c0ea3206625d85845511,2,2
test:6618,0.60504665,0.19888107,0.19607228,0,negative,750786570e5f3808a28957a94936b4afb56e52220e1c8da3896d425c5b48e595,2,2
test:6621,0.11428076,0.68934028,0.19637897,1,neutral,202da2e8a78a86f42f86a177b296daac1cec11bd27b1417df1354a66ac2cf9c3,2,1
test:6622,0.31714245,0.45303762,0.22981993,1,neutral,ce30297e7fb8c6daa827ee9225e3f3f50172fb6a41042ce2cb052e1e8204cd4f,0,0
test:6626,0.39162508,0.40253342,0.20584150,1,neutral,8c028a7aa2357ac986511e9bd698758820818b9c53cc18df09b34c2213c7f640,0,0
test:6628,0.18371892,0.56026326,0.25601782,1,neutral,31d76313b1c159d746e4a44fdf7d41857ee7b043bc1afacfc4ebacb515656e60,0,0
test:6636,0.11775997,0.79069690,0.09154313,1,neutral,d89de8124179d098a966a611eff1a98f1e00daa430ade4ff1aeae4f6a363a449,0,1
test:6639,0.35820638,0.50772622,0.13406739,1,neutral,6bf5da8ef2c40368eb150b9b9c216d56fbefee3002db516a2412c3232628366d,0,0
test:6641,0.49407737,0.24603961,0.25988302,0,negative,46d7d715a9f4ba029a8082d89773d04cd5dcef350dba95b4362a6edeca50dc42,1,0
test:6643,0.13738410,0.70149498,0.16112092,1,neutral,ab1d0b3b4a908c54e051002031b392813dbe831c25fdd4fcd2aca39375fe5732,0,1
test:6645,0.41015211,0.53990924,0.04993865,1,neutral,0693f43148f1dff2c77d780ce35ce58697381ac0cb5ba31d90dcc633751eaf93,0,2
test:6648,0.07913694,0.61942098,0.30144208,1,neutral,60c869790947c9661457a84a3027cef3db1363696852e6598a202a3e6451fa42,2,2
test:6651,0.48277492,0.49129497,0.02593011,1,neutral,f8ae092bc6f99aebf29ea4643d3008dbf8852f8887798e834d155af906c58bff,0,1
test:6654,0.31224108,0.46778361,0.21997532,1,neutral,7b9cf27beb0d0f0220d6c17a160a5a37e5619c19a393058d1616cc1f62f39e62,0,2
test:6656,0.14933783,0.65958869,0.19107348,1,neutral,3c9b786a642dac2582596ff345c257b2193372741323048ba0f779e7c88e024d,0,0
test:6659,0.13834498,0.43688517,0.42476986,1,neutral,aa4c1a769ca9d8ce1580e5666c41d44fec3622625ef5b9cdc1eee2cf7a9cc3f1,2,2
test:6661,0.24912781,0.52437962,0.22649257,1,neutral,973b30069fbbdef08cd77921fe765dc781a1b8c130c17bb964be769d4f8f9c1f,0,0
test:6663,0.09881664,0.46853409,0.43264927,1,neutral,c374ef7f7c7c8a5416a6721c01abee8308fad7901888b0ddf2bac87c2217e5ba,0,1
test:6664,0.42153178,0.41927771,0.15919051,0,negative,1cc5f8fbfdd14ec65437f1a269948ffb0597dea3467ad5d70bf3f4065294b65d,2,1
test:6665,0.50463537,0.32092224,0.17444239,0,negative,bc2f6082f60e28044ba271c0778a75d16a926260e78067f19f94198175b2ff44,1,2
test:6666,0.10315929,0.77637950,0.12046121,1,neutral,fe98c438a18c201fdc4f0acf3d9847537c492e946ad8279fe503e4bf43c5bc57,2,2
test:6669,0.09197259,0.75328260,0.15474480,1,neutral,a82407072c980afcc4e75216243428080a9af442db4c54dc348659c1684263d0,2,1
test:6671,0.04054871,0.55867093,0.40078037,1,neutral,afdbfcaa2c6e49e82f169c2f29741a3b8a1ebcb45cb03496d2f82db61d268eb6,2,1
test:6680,0.19807098,0.66408280,0.13784622,1,neutral,accce007420002b2502f0d18badfcc941a55eb10ac39b81dd0a65edec501f58d,2,1
test:6681,0.26771707,0.37184177,0.36044115,1,neutral,beecfc353fc1a3a6f271a21c49681b295fb5a3db9974f00ef8fe3ba4db33323a,0,0
test:6682,0.53593031,0.40033499,0.06373471,0,negative,ab45cd128478ee5e0f01ef42d2a21e825d7ecaaed444cd487d8bc8aa729280b6,1,1
test:6684,0.02794492,0.32753668,0.64451840,2,positive,62f75593a9b5b6ca13a85fdc76d615dd9e004b8947ca2eec64e5cf72b8a920c1,1,2
test:6685,0.19920263,0.75544882,0.04534855,1,neutral,dbb84c2d3bea635792daaea5b4b334fac5c955570714c6def0eed9de2d8eb554,0,0
test:6694,0.06092991,0.76023922,0.17883087,1,neutral,3ff0040749c3b2690af7159b90dea5350db0cb9d663381f3771174e530a05dad,2,2
test:6699,0.09465838,0.43868664,0.46665497,2,positive,86ccb2089f1ca009d51b388317fd42758641f46b2da11ad944bbc2bfc358643b,1,2
test:6701,0.07828545,0.85203871,0.06967585,1,neutral,4e9d31e35c137e25edbfe10e34e34d8f5a611061abaa153f23e587a7a27351bd,0,1
test:6703,0.86007614,0.07098723,0.06893663,0,negative,20fe1470f39c569e5187f91ea6dd0e156297121da8d2b488bb9240f6bf96c256,1,0
test:6705,0.88443956,0.09434066,0.02121979,0,negative,902f4fbd32f29dfaac2176d50d5acaa2f601fd32ba57cd98196101ac1498603f,1,0
test:6706,0.38149772,0.50063014,0.11787214,1,neutral,236cd22905156a7b1e47b75487cdaeb60a8136b03e2a80ea01678d27b1d8962a,0,1
test:6708,0.39955208,0.51752807,0.08291985,1,neutral,1b3bd63c26a4b9ff6953c95242d71cddd57535f3e71c925a8c65fe6840e53aa3,0,1
test:6710,0.13152757,0.65287850,0.21559393,1,neutral,8cdf941b1c70f634776a38a0dded8c41f01ba2bf34524469cb90e3bc231c0ea4,2,2
test:6713,0.04663540,0.19449397,0.75887063,2,positive,70dd1f80d9dc014e01ba75b1d4df65155575378364bbf71d2613c7a6dd6f2471,1,1
test:6715,0.20179562,0.74993078,0.04827360,1,neutral,971e9af64c45f31691be68a893783d362ca382b8ca588812aeb859bfc77ae08f,0,0
test:6720,0.06690562,0.88410634,0.04898804,1,neutral,bd4c15d072cd7a4648dca03a27d1f6dfc346c41fd232fabbd5e90b5922e2bfcf,0,1
test:6725,0.24591908,0.42075425,0.33332667,1,neutral,8530ad977ca7c4e738e2397726ff673215c77e8c0252bb491a5b3c7a057f8a21,0,2
test:6732,0.33142307,0.54359602,0.12498090,1,neutral,c064a84d463fbcc5b4cefe9ae06e5bee2322dd1835c7a78a2bdac12e09a9c02d,0,0
test:6734,0.53503638,0.36868849,0.09627513,0,negative,c44bc1e5b53b254fbfeb040dee2d6620e0cce2adecf85d07cdf2d5a93dfc7efa,1,0
test:6736,0.09836394,0.36069396,0.54094210,2,positive,ec926841956dce7a00e268629d884234f252761f1794bdf83f46f52577306fbf,0,1
test:6738,0.33136910,0.40668975,0.26194115,1,neutral,0d21bcbf4170cb9b9a39af286332f2c9dc0ab7663e87773e0d0d1bf935803053,2,2
test:6739,0.27561123,0.46241185,0.26197691,1,neutral,c13dff7d110c5be41d23ea4d31f5dff8858db86391683184c0fcc748a8668cae,0,0
test:6740,0.27100326,0.61413052,0.11486622,1,neutral,66efa689e859b9f804f50927e50c44b5057c2b88c6127f316c8953ebb900b160,2,2
test:6742,0.24682833,0.64145744,0.11171422,1,neutral,a9ab71d143946e181dcddb3e3e729f5ca5f63996f898c61ef532f2edf9765a31,0,1
test:6747,0.04348959,0.16936403,0.78714638,2,positive,45e3d3db0c11ee1d80f9df1802d09caedb931c72cbeea21fc1fe476abddfc703,1,2
test:6748,0.46262736,0.30538847,0.23198417,0,negative,e3aa4fa83f6b986aa3713f558601ce852ec223f1d1e8d850e06bccdd8648b8d2,1,1
test:6749,0.06084868,0.89241275,0.04673857,1,neutral,016bc10bc801ac435bd9533823262631d1852fe214803b0a16216f509ecf0a4f,0,0
test:6752,0.36133539,0.44489118,0.19377343,1,neutral,364716648ba7b7262fc45905938481460938200bffa2d1031cf96c0645ff9c02,0,2
test:6754,0.48495757,0.47525510,0.03978733,0,negative,010717df342f330d1c7ff078a68f619f8c636e0817bb389b4bc93a052b7847a3,1,2
test:6756,0.17740892,0.43025231,0.39233878,1,neutral,c28f52ef4b064faa3a5e1ba017726d4bcacc32433b113b1d99166a5374541d6f,2,2
test:6757,0.12587833,0.65750347,0.21661820,1,neutral,a12342efdcfc4ae17f817ff4a25bb5ee9159304f19039edfee4634fd97c6f0e6,0,0
test:6760,0.44646227,0.43963958,0.11389814,0,negative,1eba34c5f6ad578b8f320182ddd8814d8a6b582af64cc806134120ad2e3bad05,1,0
test:6761,0.22353447,0.71390857,0.06255696,1,neutral,f0d06a04237721cbc7a7461b264e54028bb33ce6763e9e9f3e04148a6730f08e,0,0
test:6762,0.30450762,0.49640751,0.19908487,1,neutral,746f2eb98cac77290fca44b0bfbaba787fbecb5944c7eb8f931597778cf05d89,0,2
test:6766,0.60809252,0.31709657,0.07481090,0,negative,6bffe7c078ac9b906cdca3c3833c69b72eb15844954c056213b2118d094a16c4,1,0
test:6769,0.41599000,0.53441618,0.04959382,1,neutral,60fa5fcdedbd53267529dc0f1bea6d1464a0da4e697af76b62fae5bb14244ac1,0,2
test:6770,0.52079408,0.37298916,0.10621676,0,negative,fbad250247a4d707d6bfb86b48c63d893f21d738cf07554ee25a07f2ebe075c9,2,2
test:6771,0.10217906,0.56620890,0.33161204,1,neutral,1a798589df40f8b21e03194edc505da763ca8016e7e0bf57255a0422376197cc,0,1
test:6773,0.13727253,0.73712892,0.12559855,1,neutral,0b0d4f661916bb8913b45b602b38393ede96e761ad224fc3631c471ce257bd46,0,2
test:6775,0.03629940,0.46183578,0.50186482,2,positive,b8fbbdc23bb683aa576326bf39769f0800b170014bdcf542d40045536913b3a2,1,2
test:6777,0.06803494,0.68262766,0.24933740,1,neutral,1d22288ab903df94ab511cc471288cc0b856f20d633e21cb68958b02299be0ee,0,2
test:6779,0.04206399,0.89989441,0.05804160,1,neutral,aae52c6db02f0b26eddbfe5f2259af8649397913727223fb1146aa95d30f9c87,2,1
test:6780,0.31221235,0.36035596,0.32743169,1,neutral,4ebb4c102e4fd5d337302ea5611c0c91926b7143de5c8290b3faad35ebaab663,0,0
test:6784,0.11143017,0.11200804,0.77656179,2,positive,086089c4e7ff6253f4d7ea82a49fc5ab330f33bd1aff8c5b62ef40d9eb18cbb0,0,2
test:6786,0.06099884,0.17135458,0.76764658,2,positive,98e2fb66fe855c3662de9291e833f2a0616427bf2322e16f22a0abbce5b7dd1f,1,1
test:6788,0.54763182,0.44280856,0.00955962,0,negative,c258a3ffdbee276d1bfce864f4097a3e53fbb34ba9de7d6edb5fb0ce99c1cce0,1,0
test:6794,0.04766827,0.40951736,0.54281437,2,positive,f4c0d728297d7b579ec3e27691c706d08c9f5ed7211bc2c022af0b8187a6771c,1,2
test:6796,0.19355630,0.39614467,0.41029903,2,positive,2652c098f8b9a02075aad1e32a5bacc3ae7337bd764e29131d44b6822908625c,0,0
test:6797,0.02831093,0.24233250,0.72935657,2,positive,8bf8a8cc0841aba6a814d31ab12ba5288a2838eeb8e5ff744375835072ab4a0c,1,2
test:6798,0.05786407,0.17500712,0.76712881,2,positive,1b0199e78eaa5028a4db916e6ef25b999142113bdf533f6f37deaa254a457595,1,1
test:6799,0.27404511,0.39844333,0.32751156,1,neutral,dc8db0900e71059806182d5409e3b90268aec836abe50096d7bfbcdb8688d4d2,0,2
test:6802,0.43531284,0.42010115,0.14458601,0,negative,9bbf3db64856639cca2f493126550e3119a840868bdad41e732fd2da4dfcdcfb,1,0
test:6803,0.28330885,0.38172474,0.33496642,1,neutral,4530a24e255463034178311642ec1fa054339df8c43572e87b27b2dcf344a918,0,0
test:6809,0.06841834,0.21182078,0.71976087,2,positive,43551e832df00351030f69241cd99733afa66b0401e8c85db1ddfb8285f569cb,0,2
test:6811,0.61996845,0.35575336,0.02427819,0,negative,3ff9a191ea85251fae361e164a9ad23a4d7f0fb97743a6a24316cd616a9be992,1,2
test:6813,0.17884741,0.69814658,0.12300602,1,neutral,f070df875b7c5ece9328042cb0482baf8186f17b887db6d990592df9c8b3e110,2,2
test:6819,0.30535116,0.62487855,0.06977029,1,neutral,945d0455e02dcfc31a5289b64b15199738738dcc73b37b29fffe0fa2a624b670,0,0
test:6820,0.02618345,0.18296835,0.79084820,2,positive,b4360eea27be2203c5dc06d6c1adee1f0a07005793811d006df1ce3e70a3ad37,1,2
test:6830,0.08475303,0.06136137,0.85388560,2,positive,81ab327824ab7599f3ea87fbe5a8cc65bc476ced1a3cce1cae795a8bdb3aed59,1,2
test:6831,0.15184575,0.80225665,0.04589760,1,neutral,263e34a85bfa007e0d8810302aaff9b272deb7141160fb00d10640bcf5206385,0,1
test:6832,0.23448253,0.66166315,0.10385432,1,neutral,de3c831c7c931f7ec23b633bf7062b2e7e1fa29e683aa3d3fca51b09c8d5fd55,0,2
test:6834,0.35167900,0.37798803,0.27033297,1,neutral,5123cdaecd56a3281668659d52fd71100ee9bd30d9b34d54340b059f9cf5226d,2,2
test:6836,0.38676365,0.16994318,0.44329318,2,positive,95701ee3e883edc40fe446e153020b01ea825d2ae67f31e5303ef5dc8dc69021,1,2
test:6839,0.05804985,0.88510578,0.05684437,1,neutral,a3bdc18ec29b6df8c7b8daa20d8cec380c2da86a9ad454ace6170908769b89e8,2,2
test:6841,0.13408200,0.20054629,0.66537171,2,positive,ab5e17334275893bd6ceb31e2c88efc51aed28e6cd4b75f8904fd294a6a7931b,1,1
test:6843,0.74339797,0.07777413,0.17882790,0,negative,77f994094946b57236b4cdae0e6152fe3550c1bb3ec71729ccc4b417d914fdcf,2,2
test:6848,0.38162266,0.41134553,0.20703181,1,neutral,c9e2d54b861196e86f205805c507bb54691c60142828d4038f9fdd1e95cca3b7,0,0
test:6851,0.10660735,0.38670764,0.50668501,2,positive,252a903adb360785612f50e666a1e2dcb45561346c7479cea8712926c61b862b,1,2
test:6854,0.76988282,0.20569509,0.02442210,0,negative,d98f290ce672cba6fbd7bf9cce3f2808de91241336898cdf23195fae63f8a410,1,2
test:6855,0.04835461,0.26340752,0.68823786,2,positive,766d330aced6623c32b9208ad17ebc9d54add4e56b4907dfa174e045fb555ed1,1,2
test:6856,0.53193882,0.22143457,0.24662661,0,negative,dcb1a3c61990f070315c75b136a1d7a21bfa3f1fe663449a703bca9340fffb6b,1,1
test:6858,0.34145278,0.34066185,0.31788536,0,negative,effb27d4f7ccb198a5cdb04de018020bdea8e64d35fe0c16019330bb60be9d1b,1,2
test:6859,0.17164879,0.67475448,0.15359674,1,neutral,e5ea96c6b71b36be84b98ce0b7e170ac7e08be1a069f4ad5735959a07d3e21bd,0,1
test:6862,0.20338248,0.52945559,0.26716193,1,neutral,57e0de57ab7aeca5033f2123389e1fe7c69ab230e43e56d68d2f4e17328980fa,0,0
test:6863,0.14057146,0.84139940,0.01802914,1,neutral,def93e96f5cb18f92b281635c436ea4f8a359144a47650639bfdb961905bf7ab,0,1
test:6868,0.17944373,0.25325215,0.56730411,2,positive,c6b85a0e2f3373e6af6915aa97a58fb2ec94d6c94227fce2b7fde9ae7568fcc8,1,2
test:6870,0.13386867,0.71645621,0.14967512,1,neutral,a5f74885bed8ba9d642de6dd5ec7d981854b3044cdcfcca3aa2301fd110072ed,0,1
test:6871,0.24018958,0.58925655,0.17055387,1,neutral,a2fab9f440f1746a5d63a92b24f3f6bfb1e21ffd8f311dc5482eb0e6e04b4ae1,0,2
test:6875,0.06847838,0.15326428,0.77825734,2,positive,dee6f4fd1c20b7f6a38e65e10f10cdcf38af0ae7c64b759f8905489ab39cfa3d,1,2
test:6878,0.23056441,0.49884793,0.27058766,1,neutral,a9d6f5e3c917b550d8a1b93a507042e691004a0160b8f3c9ccfce4e56dad1e87,0,0
test:6879,0.10252722,0.76819274,0.12928005,1,neutral,2089fbd208f55dc20cec73b3bc2a7fe0c24e53b1747a74485a16fabf9f724ff2,0,1
test:6883,0.19496435,0.59837435,0.20666129,1,neutral,ab8311adbe74e05c920b4c2164c9cba5ac1056526f4fbd7257d5ef8938e814eb,0,1
test:6884,0.32492059,0.48282438,0.19225503,1,neutral,23aced63da768b8e78e32c72fba33fd543d5cc6f7ad4de18721fe5b56b6c2eb6,0,1
test:6892,0.23137594,0.74059874,0.02802532,1,neutral,02dcd9dc7eb12675e99594231ebca4bc7c21eb66ab1fa212760870698cc53da1,0,0
test:6893,0.47097326,0.49015860,0.03886815,1,neutral,90e40219a87146b17c1895847283413eae650f2270c02205044a71fa425974e3,0,0
test:6895,0.11438987,0.87236050,0.01324963,1,neutral,07e289b870b5067b7977b7bfb48b2d6c2c620659d08acee00268e71dc59bbe09,0,1
test:6897,0.25032214,0.38320873,0.36646913,1,neutral,df03cdc37205bb1fd20d70db697f5515374b977e818c9e2a0a919db4ba07e1b3,0,2
test:6903,0.26330495,0.67036442,0.06633063,1,neutral,05f4e44ce4a00555f378ef348ac894dc7d11827f137c8aeb9927c277acd0ef48,0,0
test:6906,0.60783797,0.28776022,0.10440181,0,negative,65cea0b35d728031524217f6c07ed36be1ce376f80d55730b65eb82159e44a83,1,1
test:6912,0.14746967,0.25032011,0.60221022,2,positive,8cad24bcc223a8649bebdda9969d448392858f00a616e71e6a783f84f39bdedf,1,2
test:6914,0.12073103,0.15850112,0.72076785,2,positive,2ab88c8f71ac75c9245411a0a54525ba369f31ef2a590a07b88fb4d0907bbcd0,1,2
test:6919,0.05016213,0.49640193,0.45343594,1,neutral,cfe88ae037b257d466bd517aa21b6bd0e50d9c0829f7654cf870798c1ee3e60c,2,0
test:6921,0.15749307,0.73161969,0.11088724,1,neutral,223f5f23795b1312afb8987e67513b2b8ce9306c4db4d9bd6c65de90002c273e,2,2
test:6922,0.20879101,0.60668862,0.18452037,1,neutral,8d420e0ad0ba64f6bcabca4c78fff72f8e08f2f573bfce421ab1a9ad430d12bc,0,0
test:6923,0.40641208,0.26847820,0.32510972,0,negative,fbd0d65e292ab60f585d9f1a433d0a672cd9c0ba8c0fbd47015ce313f1b8db30,1,2
test:6927,0.65956620,0.20914407,0.13128973,0,negative,c3bf27714f53e83f8f7843eaa020f4761bd3056af109a726dfe408d3dcf48705,1,2
test:6930,0.08891164,0.10967270,0.80141566,2,positive,5b320003078d76ed775ae9fa8588e1996eaaa6c57176e038dc9cdc4bca94ea72,0,2
test:6931,0.40373249,0.48139813,0.11486937,1,neutral,92cc8dfab5ad27578695c9f95d266c166c14eec362c8a517bb0e604b2d33cee7,0,1
test:6935,0.16789116,0.57010823,0.26200060,1,neutral,727a1314f0b3e8a07544156fcf4061ed61e8de2ee419bff2622af3bd7f770394,2,2
test:6938,0.35417975,0.50357523,0.14224502,1,neutral,d361b48e56e387bc3ac2c6c04d32acf6fd7bc557dbe5b17251528041b40d08fd,0,2
test:6939,0.40042400,0.27952349,0.32005251,0,negative,3c4127124119be77f616d18bda8da3cfd4a438e32b2a470e1213740dc549cee5,1,0
test:6940,0.18465580,0.04783420,0.76751000,2,positive,d25d564c6b69f3014469f2453abb2cb77faaa18982c993b6c76ea67540287d19,1,2
test:6941,0.03029380,0.54021656,0.42948964,1,neutral,df04dcbc0b2d70fe9a31d8ace695c0526e75fc495a6786af2a476cc2d65e91f6,2,1
test:6943,0.02387707,0.01169656,0.96442637,2,positive,c4ba21fe44573afbf80cf9d0d8a24c447ad27471c76f829e173638b0c04f709f,1,2
test:6944,0.25979091,0.54165189,0.19855720,1,neutral,9474071eb46004de136b6b173c3c56f725c70e18a400c15a69f1150b5ca97763,0,0
test:6947,0.46069492,0.41142890,0.12787619,0,negative,c173bcb96a0861cc0ce9721a9399d96bc21d170ff39bd00a562f38b72b686c46,1,1
test:6950,0.38416959,0.23242131,0.38340911,0,negative,0ef5fa50fc916f43b955c403e75ec0ee4bffe4c21aa424d8267e5d18cda6ee2d,1,0
test:6951,0.67694512,0.28862647,0.03442841,0,negative,77ab4e8c04cd671d0a1d0afdbf8f53c924b8896b68f8e0b778641b11071f2224,1,0
test:6959,0.11685165,0.75511295,0.12803540,1,neutral,cfe9861d54c00d906ea7208fb9279a38e699671bbe67567f90e4a54fbf1e5bf3,0,0
test:6961,0.09693793,0.76772931,0.13533275,1,neutral,ec6b16e5fedbd4801e5d90b9f0ba3736a5269364923933949ab7e9b1465fb574,0,1
test:6964,0.69167149,0.28273866,0.02558985,0,negative,b26ba4103bdaac968f4418c8936d258c3d8366a3f106b280b61edde7dc9eca39,1,0
test:6967,0.06229160,0.75428700,0.18342140,1,neutral,f4fe4265d49b0a9929afbaf0d674a1ec0f818d7fba14f9ab7107a43426d48cd8,2,1
test:6969,0.08660732,0.69272834,0.22066434,1,neutral,bef83a293d8c0e32b578e0c3fd8dc8d4e6d1d6ece8044ccb2f41889b662941f0,2,1
test:6972,0.32063704,0.49646010,0.18290286,1,neutral,f56cd95607f055f001a23f3db54cb26a2d61650c6129a49f28cc8bbffdb3a434,0,0
test:6975,0.13225264,0.23354796,0.63419940,2,positive,331eaba7e6426791da5f5af74a56eb9eb5b335774ba0fa41782bf7f15ad60d5e,1,0
test:6976,0.25502845,0.67873814,0.06623341,1,neutral,80843a8111db178eb1799a113ad14ce257ba1dfd5249f4763cb245cfc21cb5f9,0,2
test:6980,0.32247539,0.59611621,0.08140840,1,neutral,ac195f0fb06674353774d37ce7bf8c2331f44ecc439d477a335a35a5e94e24d4,0,0
test:6982,0.07896822,0.28909297,0.63193881,2,positive,624a54ae2ac5c114f989aba2d88db31f1f5656cd9a97dcf231c6687203000057,1,2
test:6986,0.01229799,0.83615208,0.15154993,1,neutral,1e3ed8cc8248b350fbeadb9f8a924212772cf52abaca30142b25e05436e70bb0,0,2
test:6988,0.31787279,0.30795538,0.37417183,2,positive,d7a69470153c96808b01131c54094aa1534b20a66555e006a8ab32104681a0d5,0,2
test:6990,0.25139161,0.55296172,0.19564667,1,neutral,2134761d0087b111c4220da8afe270b0f88213194383405bdb34b3d937506bf0,2,2
test:6994,0.24411621,0.64977281,0.10611098,1,neutral,d2f23a6a4052599e742d4fc983737f9390f6879bd4ff99d03c58a98d22076636,0,2
test:6996,0.21015120,0.56460697,0.22524183,1,neutral,428fe4551503df3be8dbcf17c8eeffccf6e202b5ba2867ff5c8243dba0582749,0,1
test:6998,0.14197000,0.79583830,0.06219171,1,neutral,91b7650d9332ea62abc4da2f665099f9ba27abbd680290d9a051fcfd73ac215b,0,1
test:7002,0.12126125,0.45786651,0.42087223,1,neutral,f38b8d037ef9f540fc24c5ba30f626cbbcc05292c4f1eddb67e54c8ee9c8b16f,2,2
test:7006,0.06254315,0.79613869,0.14131816,1,neutral,ee6f21fe4d561406a86084ee1da27826bb64487db2e560f51e34236919ea4114,0,1
test:7013,0.42779614,0.50646905,0.06573482,1,neutral,38ad8fb3d64a23be1504a7eb7ffbe7ff296725028ead8cee59c363073d2690a8,0,1
test:7014,0.57714643,0.33359607,0.08925750,0,negative,6931e463ed61df2bf1c4d7e95d550e89111edf3ffcae7d1fcc4fd704ad45b0cd,1,1
test:7016,0.04384534,0.85476847,0.10138619,1,neutral,db2385b829b8045dffa34361c8c724a619b092dc49d624e7c33a8170f0d01569,2,2
test:7018,0.05869885,0.28722032,0.65408084,2,positive,e16281969baef2ab4efe06b2a1817359b82e024fe78bafae45bf1e4878bab7d3,1,1
test:7022,0.68520843,0.14051139,0.17428018,0,negative,93fe5a464034a77875fd6d86db1d3783bfbc410639b62f0f124f11a8d58920b4,1,0
test:7023,0.65228314,0.27556109,0.07215577,0,negative,394b094edb3ab142cc9ecdaaa486f366559e824957705abe430046428b69d3c3,1,2
test:7030,0.75540325,0.21510135,0.02949539,0,negative,4f028b022d56c2c4ff6ab0333fd0736898a8f36634b5b66fc39f16789d75267b,1,0
test:7031,0.23181345,0.49854675,0.26963979,1,neutral,ee854560f90619554a5577da11c4b40717aa584a4ef56b95759ee08b627b015d,2,1
test:7032,0.29250321,0.54745941,0.16003738,1,neutral,615c9777b1172ceb8ea33c02528cc6804e4052d680678408d29aeb864e68311c,0,0
test:7035,0.61223070,0.30300705,0.08476224,0,negative,03f4d6f39fd6314f78d3bb88c4e4cd1ba824a50e542d8959108a52c9cce3ac9a,1,2
test:7036,0.60455236,0.07534335,0.32010429,0,negative,09c4528e93ffe4764ca832dc4a20723675e4cecfb729371d23d27cd1bdef8881,1,0
test:7037,0.10342682,0.20689511,0.68967807,2,positive,e291cd03ca4ac07a716f1f28c5fb83b1e7dd3e84c3064eec90eb7d85b0e7877e,1,0
test:7040,0.20347563,0.72173150,0.07479287,1,neutral,b91b787b6efecfea8292825aeb6fc93294f1061a63076872dcc3d8dae2911660,0,2
test:7042,0.36758681,0.61639453,0.01601866,1,neutral,ab7835b5686fd54748ea46c7b5b5a03b7a878e5e948e0f257e5f7551268ce94a,0,0
test:7044,0.12761842,0.41567899,0.45670259,2,positive,aed629fb599791082eb0de90c9ff955c8bbfaab3b2c32f874e2b2da838ba9ae1,1,0
test:7047,0.46184712,0.37899819,0.15915469,0,negative,eb1816824e82d3f0b9ccffc86435464f71a1a98dbf6090cc7bba0b852bad757e,1,1
test:7048,0.39188719,0.34200633,0.26610648,0,negative,baef28af699ec7fee7bf588ef865d3296635696642dc5882a127bca1595ddd96,1,0
test:7049,0.29157434,0.47451803,0.23390763,1,neutral,a813464db1df628556d242e5bb4e7bb7a7240626df46709064191bd507aa571b,0,2
test:7053,0.05057723,0.76972751,0.17969526,1,neutral,a6140dd80e67a2db43c4dad7617d2d2456edfc1978a501c194a808437e9fc57f,0,0
test:7054,0.24501456,0.49963945,0.25534599,1,neutral,add57b98384491d0872b17496f8dbe20ee0c87cacd5ba21c908b45f44166688a,2,2
test:7056,0.18006202,0.58966942,0.23026857,1,neutral,c83dd26a7b6a070cd548168f47d3af44b82a7a5924ff4b279db6b22ee2aed8a4,0,0
test:7058,0.02692880,0.11760340,0.85546780,2,positive,286f421e4dedca27e32da7b151a3ee35b5fae40c7646565071aec431041057dd,1,2
test:7061,0.10031393,0.41825466,0.48143140,2,positive,0d0fa050c3642f927402c05f603c966320df4fe76e67efb44b5a7f997a4343be,1,1
test:7063,0.30781315,0.42683861,0.26534824,1,neutral,e46858abb3889c59fa5da033e5e35214065e3659de639baadcb52c56fa599e25,0,2
test:7064,0.08446701,0.80490497,0.11062802,1,neutral,593ad5cae7264134538658cb364ec75d91ef9aa79874ef5d40d76b4aa51df8b0,0,0
test:7068,0.28664390,0.31666810,0.39668800,2,positive,ba3b023f92b4b167bafef81b3819c1978d75a3b5b038b95cf61d1cb907cf14a1,1,2
test:7070,0.16148451,0.47486179,0.36365370,1,neutral,985c4309bb91637161b3b9af6a9ceb51681138e917248034158b17acb94d86db,2,1
test:7073,0.39245548,0.04971661,0.55782791,2,positive,676a802acdc9a2ba5ccb2db4a36f3d9c347bda631ef52aa448acde7b587e3a81,0,0
test:7075,0.39262241,0.24339240,0.36398519,0,negative,77ebcd0d69c172966fc28c365d15e09e66198991e22692c7fd786bd4a7660cc7,2,2
test:7076,0.34943527,0.53546720,0.11509753,1,neutral,80a1a1a0d654903b7d49fa32504e1e891ad37acc9754d7058feb4b97ea6927f3,0,0
test:7077,0.11432886,0.05496849,0.83070264,2,positive,9ce595b91733a8d0760ef65a35f34cb9aee46ebfc9ed3d626bd246cd5d4fbefa,0,2
test:7078,0.67567933,0.19021580,0.13410487,0,negative,86f2e3d03ef2d2eaa44619f30728ff1ef8d6f79ee12c32a7625a825318965b0c,1,1
test:7084,0.49937601,0.46866954,0.03195445,0,negative,8f26105c987fa8cbff7b28a2b99e777822b92df17aa6a84c506ffed7f453fedc,1,0
test:7085,0.11076918,0.80851124,0.08071957,1,neutral,e07e9b78b62c78b36b4827e5ecd86634ea99a1b8bb9bc6dc3c593a973ad65fa4,0,0
test:7086,0.14943512,0.53913330,0.31143158,1,neutral,5f20af48868cc1e26bbb3f98713061cc5ba3c3565a26f79873a17b248494365d,0,1
test:7087,0.61128399,0.23587715,0.15283886,0,negative,7f3cdc13b3714f7551f445fd12d49ee0b26a27a3abe0dfd9b168777da39daf10,1,0
test:7089,0.19132831,0.28358327,0.52508842,2,positive,e0014e08d1b250c407302b77190d6444a9647e375f72f59a976b08f5cf6b1c91,0,0
test:7091,0.30554705,0.55703080,0.13742215,1,neutral,46cfb105905c516d5030467aef9a8a59b494eadef63d7c7770e4cf43fad4571f,0,1
test:7092,0.14267984,0.76156435,0.09575581,1,neutral,d4cd3d076a1adfc7c4506feda5d062c59f2a55da2f0d17116616c069d6e38468,2,0
test:7094,0.00802205,0.86387617,0.12810178,1,neutral,191e236958aaad2abb7773c04675bbe01e5b538d9cdc92e7e46937a38882cd3e,2,1
test:7096,0.09350403,0.60420160,0.30229437,1,neutral,23d5c3181376322252d9c0484fde3c5c95f15f36eecd3f5ae6cbb5ae0e1f2330,2,2
test:7098,0.69585204,0.14616665,0.15798131,0,negative,db9021594c9932e69543b9d79e00a236aeff91bd280088058607a7eb3ef88877,1,2
test:7100,0.12344967,0.42449824,0.45205208,2,positive,a8d1ef966c66b5b7aeb435691ef8cf9f262a7e0f17ff5244249af1a6aaa80628,0,1
test:7101,0.35405817,0.37493894,0.27100289,1,neutral,f4ad857b52ead3ecf834560e7e9f352accb6881053443830592e55c9fadcd612,0,1
test:7102,0.25353502,0.42745557,0.31900941,1,neutral,73f00aba2dcd392b8bdfdf57f1695ccd82b0d5bf8797c99d09ddb5b9a92f10f8,2,2
test:7103,0.25942488,0.07761142,0.66296371,2,positive,ac0769e733afceb213d76443d2c10ab9d90d03c11b92330030ffdfdb2c97455f,1,2
test:7104,0.29849191,0.44792118,0.25358691,1,neutral,3449daccb3b4e4ce29356449f78fe8e0000b68d450fc06a2437b96cd9dd2a1ae,0,2
test:7108,0.16439097,0.62936284,0.20624619,1,neutral,5558f283bdea9a9d545ed3d88d071ca1d256a37fb23575972de860c06d71dcd4,2,0
test:7112,0.54324323,0.20921245,0.24754432,0,negative,3642f0808f62c66bacff98c288225272e3dcee3e728f16d1289a31a884a5c25c,1,1
test:7114,0.08889451,0.26877168,0.64233381,2,positive,cf68b5cb9bffa2014382bb0e41944bb04e11fded4618f915334d5af07fa8ef35,1,2
test:7118,0.67240645,0.21895598,0.10863758,0,negative,534b216ca7fb196c1ba3133b9bd4e084dc2e1114d3aa1741d56ab524790b2557,1,1
test:7122,0.12557039,0.29581810,0.57861151,2,positive,760ed0e493ad0ad65a1d9ad38f36fdae6e0cac7f9988ceb24fa738313bd3e2e0,0,0
test:7123,0.08801270,0.37872281,0.53326448,2,positive,96855c6f41bab0b68a2d6200c39e837a8cb6569e04c084c30ecabfd492586a92,0,2
test:7125,0.21503904,0.59834296,0.18661800,1,neutral,27142a24dbce5be699ea03b2742d6d3efe32324ee2133ac72ea4933c887dcc0d,0,2
test:7126,0.08248444,0.68183212,0.23568344,1,neutral,0e18c09509e6649e501b3a9a3e3d0084162736ea2fbe049cd04e9c552b376165,2,1
test:7130,0.29427622,0.59043278,0.11529101,1,neutral,352995be03e4ebbbb117aaf7e72a288ca424ab0490ae88f4e875997f5b6fc160,0,2
test:7133,0.04031164,0.86791066,0.09177770,1,neutral,6f075bdb00fbdae1759e7d8e66aafc8ee26cd1889d26f1f11da0675f38b2c0f0,0,1
test:7135,0.01062752,0.12667033,0.86270215,2,positive,2d103165039e4736a9f5e34b4f471c3c35ada3da60fe922f7209f559a2ba941d,1,2
test:7137,0.66671812,0.24192135,0.09136053,0,negative,1f28e19029f9628f796872fda6e943ee632445c0947617a79980dea2f22cd312,1,0
test:7138,0.35510707,0.59829295,0.04659999,1,neutral,b478a7523a96d7d32e048645b4a353f0a6137259925edb849c66925342a17700,0,0
test:7140,0.21411744,0.44301350,0.34286906,1,neutral,e663931d955e6b73e249ef1fbcbaf2dbfb7a07182b61af7e6715df8a3c7e8208,0,0
test:7143,0.12626802,0.80440173,0.06933025,1,neutral,6cadec91e03562e2f3bbfb3f2b3a036d105a709bfee040d523cdfcbdd4ba3d31,0,1
test:7149,0.18144352,0.49078877,0.32776771,1,neutral,9fa1e5d4d5176cb8df48455ddfa1de9dd319479fa8b60cfc2774d360549a4831,0,0
test:7150,0.14008258,0.41972628,0.44019114,2,positive,fd72ab5b8618f7537823d42aeedf751c9f5ad216eec9320e3a698bfb9193b658,1,1
test:7155,0.79235197,0.02030948,0.18733855,0,negative,5a0481fc635e6847e03243637898607784ba31f6a223a117ea54748db31f56f8,1,0
test:7156,0.25707657,0.54785777,0.19506566,1,neutral,b1f329538e435e4dde185c4fde5523244fc8e744c1bb16cd2ab3d543731f1758,0,2
test:7159,0.30954371,0.54633945,0.14411684,1,neutral,603e68cc60b43f53a3e0343e902357349839b0e0f13870fd20fc79cafe358df5,0,0
test:7160,0.02904537,0.20323796,0.76771667,2,positive,e235f334f2ff9521279b9647a9a2fbe3c4509763eb7c757df1d9df9f2d2e39bc,1,2
test:7161,0.12099891,0.37299917,0.50600191,2,positive,1ec4757d60d9fcdc2efba88aaf26d3cc45488b026adad4067e183d7c06c2126b,0,2
test:7163,0.15545365,0.39770366,0.44684269,2,positive,0fa6987c5721e8dd2c80df777cdc98b2191c7c1e41bda2793153b6c0af458381,1,1
test:7164,0.02498063,0.84271003,0.13230934,1,neutral,399acb4e6775bf067ed02db9cb42928a87a8be88b3ae70fa1abaa07c5d76d296,2,0
test:7168,0.50607504,0.44720031,0.04672465,0,negative,67eb6bae845ed114e71b881d04c7a618a598c446cbf427213cf109e2e1418440,1,0
test:7169,0.08006881,0.76610548,0.15382571,1,neutral,6bb5421d204d44d374ca46ac0b6e1cc7fd550739e726842db091e4fbe1ae41cf,0,1
test:7170,0.05684475,0.89499826,0.04815699,1,neutral,b647f769ddb9a380874ce30da4a2a2e1f2e8d7748481adb3d003add6f5fb2f06,0,1
test:7171,0.21498370,0.66901223,0.11600408,1,neutral,aa48b594ffe4571e53288ddf53f9f7c117bb59c505463122d20b9365bb12816e,0,1
test:7174,0.27322635,0.59673167,0.13004197,1,neutral,2487cb83a4e0d4b0e3d23b0cd006e5893a56ca975a0109cbc3059a6e500a569c,0,0
test:7176,0.23064355,0.51627289,0.25308356,1,neutral,0f4b59d43594770141d764951e387261f74521f7f5e909afdbfc7d4cd34d790a,0,2
test:7178,0.08166793,0.49255780,0.42577426,1,neutral,55471bb80d1906e1798db5dc9418c4d2df1b69e91205a2cc7cb8e339ba2dd32d,2,2
test:7182,0.02720339,0.13619002,0.83660659,2,positive,ea9a85ced0e38398edd40845d5e61302e4053364199f1b0349c56297021bc634,1,2
test:7185,0.22897615,0.40901300,0.36201085,1,neutral,98b2606f88bf22da2ed0d74fab487e45568d8c0f8b2a7a4bcb6874dceb5e6cff,2,2
test:7186,0.46438183,0.23472842,0.30088975,0,negative,8d9280b78ff791fdc310c27bf2666e9371699608bfbad1ffb68961b8862a1437,1,0
test:7189,0.48106750,0.22395677,0.29497573,0,negative,d9b7491ff96641211cdcb6fe8d87b8b2fb345f0805901cc4230413bdefcdef34,1,2
test:7200,0.07810347,0.76983253,0.15206401,1,neutral,e0e028606d4935a099bd303a23f6fd1d0396aa805cf098a70f2e24dbc7aed63c,2,1
test:7201,0.20832535,0.66607146,0.12560319,1,neutral,9c44eeecd89fc64afb639cbe583217387b9dc1e60c727b571880c970f81d566b,0,0
test:7203,0.06554467,0.68491250,0.24954283,1,neutral,66b8469aa4312f3a1ec103a6626a9cb7d02962650a8de4f47e3fea5a1704ede2,2,1
test:7205,0.05490020,0.57734934,0.36775046,1,neutral,f0e9c4db506e145020018eee4e972b2c352e69dd547b4069d7271edd535e112a,2,2
test:7206,0.21925225,0.25378973,0.52695803,2,positive,5eb2b29ae840b8df7b321c81e2d3fa18327629979ac30b9f7cd6a9a698480041,1,1
test:7208,0.02420819,0.76458339,0.21120842,1,neutral,0e7e6f9c3789b3cbb1146c11672566c6649a0930dcc7829db269a35d49b8273e,2,2
test:7209,0.24268590,0.60409548,0.15321862,1,neutral,c5b488ba807fa80bb6027104840c0bcfae0c5bf3b4847a31ca8e2938713c926c,0,0
test:7211,0.22632101,0.75030565,0.02337334,1,neutral,f21a6c9ae8853cc3e96310c0e04898230d96b163295f392faffba7ef82debde6,0,2
test:7216,0.84610123,0.10843579,0.04546298,0,negative,9c121f5d45dd9e7e311c179b42c319cc2435e47f094cd869f4fd0c59d9730dc3,1,0
test:7218,0.12170250,0.40319816,0.47509934,2,positive,ca0b271538a9699a68320f6f6e48112f9352a6f67955ba1256349a4154f4ab8c,1,1
test:7222,0.41459454,0.49467503,0.09073043,1,neutral,5651a4bdcbaae7ec1c167b48cc834e4b5e51fcbbb9a1e46718c0d672c5a5098c,0,0
test:7223,0.08918555,0.10421357,0.80660088,2,positive,df05f8bf10a152373a36915ea46485c633cbafc766aa2ebc09809fb0c26c9bfc,0,2
test:7225,0.59175292,0.36624421,0.04200287,0,negative,b551c824ede362eba1b2f56af4bb3d73078bb278ba0bc3e0fd58d504f4d8ce1c,1,2
test:7227,0.41161536,0.37304466,0.21533998,0,negative,42eeba6e02104ee8c4e2da67a89e78b64f3b448c07c93aa3bfc350e231e4ed14,1,1
test:7229,0.08718416,0.47478890,0.43802694,1,neutral,343fb0f0a301d3b1c3a859c84405bd219769a309493fc639529b4a7f046f0a50,0,1
test:7230,0.03457518,0.30990455,0.65552026,2,positive,77e8ebdb504f126ae3a060e487539cb9628dc494577f8c8eab60cc27f99ccedb,1,2
test:7233,0.40751727,0.45311678,0.13936595,1,neutral,228b9766a47f05aa76b08aa0adfc18d53dd3d17f6e8a2e8f649908834a6cf4d5,0,0
test:7235,0.37614855,0.60422026,0.01963119,1,neutral,f4ea855e041461e90b1c9db9d4a9c1a5d86b56c492d5f3a0991755f3392c6c36,0,0
test:7237,0.06032205,0.13351726,0.80616068,2,positive,39e16e4816e1b480dcb22337a84884071ede73ed00c42d72e7bdf131c9c4553d,0,2
test:7238,0.28470006,0.32924753,0.38605241,2,positive,4769711ce20d3bd668ee9edc00928568b6ad7a92c0bcecac457cd45f74776a40,0,2
test:7240,0.30198366,0.51952475,0.17849158,1,neutral,ef53597803fd93ffb07f4f21f3de0e0d6af43e689bdd7164753375455a9cea13,2,2
test:7242,0.07188809,0.16860144,0.75951047,2,positive,f458b96240f4112e263e48ce307f1a99c59a0becca4f15d469f6508d3af43780,0,1
test:7244,0.06115888,0.25964066,0.67920046,2,positive,3cab61d9d82d46b4b84689513b731fa37e6179d17eb2d94bf286a996c648db04,1,1
test:7247,0.28594767,0.56430895,0.14974338,1,neutral,6211fab32d1af3f903a8aad018114ec41124801f21873787cdfd1d8d3445334a,0,0
test:7248,0.22980366,0.26528162,0.50491472,2,positive,6c46c2aac1b98f12d3c3497e9779273e0d485224bcf7b14c602032e93dfa59cb,1,2
test:7249,0.04163010,0.23739021,0.72097969,2,positive,64bfb1f2ba5d7e16c408c3b0c8e35841e832a811a055e65006262cc564e993f6,0,1
test:7252,0.26180540,0.49204719,0.24614741,1,neutral,ed4c5d78064ab7b517dbe09ec1b0cfab29c5e19d01438caa58e585a696787eda,0,0
test:7256,0.24745324,0.67452063,0.07802613,1,neutral,cef2c9de56e4002a0dff3d176b076a7b19a34d1cd51791bdfc75c3852a6d6591,0,0
test:7261,0.15157602,0.50700016,0.34142382,1,neutral,cb86790d0c30856136f47d2afe4a89073249f5c6fe3eb353677fab4913a8c07c,2,1
test:7264,0.13974255,0.52996073,0.33029672,1,neutral,184b549914dea7ebfd083b4f11b583a4fc947144a176749a08308e8c9963b861,2,1
test:7266,0.35018020,0.24765978,0.40216002,2,positive,aff4a1732051a0ca24f4283b35832d14dfe2d71901dcb155b08e10b68bfdbf3e,0,2
test:7267,0.07106237,0.02500225,0.90393538,2,positive,61d24636112a17059d33f6a5ab364f413baf92eb650ea85c250cac98899ced8f,1,2
test:7272,0.78955601,0.10035429,0.11008970,0,negative,470110280ddd37e21836859e97becf3f3c4e62f947c101ae27e0286d63b62146,1,2
test:7274,0.30838743,0.63690151,0.05471107,1,neutral,b656270b950349e98a1931ffbd25488ddde1caeaeccaeee532da6b5afb40b2bf,0,0
test:7276,0.27535609,0.25045577,0.47418814,2,positive,9ee30057830151f8a59d11c954a7157c997fbc4364d8cfbce10e73f05ced8708,1,2
test:7278,0.07443915,0.03912328,0.88643757,2,positive,306623abcae359e97229260ce955cbb67b21c4185439989d52518620e6734d63,1,2
test:7281,0.17394009,0.38341638,0.44264353,2,positive,2da95c7aad9bc235ec15055f21031af208fa67530e9c930642095aaa3dc00f4a,0,0
test:7284,0.01941080,0.10015562,0.88043358,2,positive,62db943fcfad57894447e0b9d7e882d28af127f32fca6b59a8e33c51ded9bca9,1,2
test:7285,0.32609240,0.63357405,0.04033355,1,neutral,c1602820f675811d747e1bc14e2419d20e4de2fd254eed749bf63fee2c420a4b,0,2
test:7288,0.06173474,0.87256957,0.06569569,1,neutral,d30f0914bd9ecf4559adfb7b4520a56b7eafe6371edb18eddab310796c2348e7,2,0
test:7292,0.11087764,0.55151767,0.33760469,1,neutral,fc5764f64c4f11e4097b244da30c5eba934d46592f3011bdf2484ad3a98e07db,0,2
test:7293,0.40015122,0.57375006,0.02609872,1,neutral,4243bdb0650003a181b14f6cad1b7b30a9a70a908cae14092e70b5181fc38baf,0,0
test:7295,0.06921174,0.62504384,0.30574442,1,neutral,848d51cbe0caa150fa6fab12d0b1a8fe415baf65ed2334d0783fc32acae7c612,2,2
test:7299,0.35073226,0.51412336,0.13514438,1,neutral,ce6a649b8ae6d58b6ada63d992e73531aabf7955311fcb963ba4f01471cf2235,0,0
test:7300,0.29673624,0.66542675,0.03783701,1,neutral,114ad73752cdbd0ed6f2f65cf91b921e2d044cd76e8e09ed7d03958686d8702e,0,0
test:7305,0.07012095,0.71675123,0.21312781,1,neutral,76c0f57e525c1a6a537163214e69cdb7e1b70a1b409250f313d79a8eab9dd6e5,0,2
test:7306,0.29423098,0.37349580,0.33227322,1,neutral,1b358aef3c4bf4110e49520aecff977073c29eab9fc8aed4ab0faf03ad1408d5,0,2
test:7309,0.14734540,0.28834528,0.56430933,2,positive,f681ab1e12c29bf9612087cda6166746bf234f406d886f9709fcbd49620a2e54,1,2
test:7312,0.10662883,0.39673924,0.49663193,2,positive,ebf4777ae9f084198beb3672e68f50eb7717cf1f8644a1a353d79454c27c14d9,1,0
test:7314,0.15929354,0.34449934,0.49620712,2,positive,58b42c940451189fdc40a224c0d28795953ad2a6584937233aa5ae66b26854f3,1,2
test:7321,0.17259563,0.54072908,0.28667529,1,neutral,65ff3197e192366321ac739149a0016cdd674430058e3ceddc17a9f0d9ba0573,2,1
test:7329,0.79083192,0.06363202,0.14553607,0,negative,6422b653adc7d72f1c6efae5b3726b9d9417e2a572f2e03cadae6844df82bd22,1,1
test:7332,0.11548787,0.31148799,0.57302414,2,positive,04d59a0044d5d31036e28449b7cc0c0fe3492d43bdc6b3a192375da86f783334,1,0
test:7333,0.69765969,0.11065106,0.19168926,0,negative,63c1aa537b9a94ea8b5537b0fb39453bfd41870c7554731e339e6b412fa38734,2,0
test:7335,0.43870392,0.52584490,0.03545118,1,neutral,f5897e3ae49c7521845ea10a208bb68d1f825179b9c9effbbca6ea531c6ab266,0,0
test:7336,0.37542813,0.36960069,0.25497118,0,negative,d3c3e1f71299b4b4c092e6ee93c4df0bb548ac6a39d3d788fe77407e39e3ac8d,1,0
test:7337,0.03930634,0.21397864,0.74671502,2,positive,74716a977e1337953599d9e3f7b074579bc2fc4ad3019a4d8ee95f170d8bfc08,1,1
test:7338,0.13552388,0.69510949,0.16936663,1,neutral,d5a9add76bcaa3a86f5c9b3848c952fd934ecd5989fa46c4bd448a0882faa5bb,0,2
test:7339,0.11914878,0.34269520,0.53815602,2,positive,46872808fe866069aa90f3c9566add7162fe72957bec3a04e970df7df217b4a1,1,1
test:7343,0.22559666,0.63867684,0.13572651,1,neutral,b4a73ac9c3c60779f31d6d01ccbd69554fb69ec34aa1a336e0c5bebea7428a89,0,0
test:7345,0.42263639,0.53035098,0.04701263,1,neutral,e2dbb6707fbdd61bf4f385ececb3329be4933bc34deee71fc123b61098856262,0,0
test:7346,0.33053104,0.40572727,0.26374169,1,neutral,9febd9f3ebcd3bcbec68a8456a0b06d5328071fbdaeaf905c10db80d4a7ce1bb,2,1
test:7350,0.09985636,0.41069630,0.48944734,2,positive,fb5666dd71c5e33e3e5aa88f3d2c65e680386c18aaa52a3a42148221bc6cd21f,0,2
test:7351,0.05962921,0.12632144,0.81404935,2,positive,4418612b2d6a42f82a87d211977ad497f176a0eb96dbf95860f15eb225d58291,1,2
test:7354,0.42249711,0.05904497,0.51845792,2,positive,57d2c53ff79c3d19a9c54c7945a9c260d5e88dcd5b35a5b5fc0b5ca1a81b6617,1,2
test:7356,0.21201161,0.27412668,0.51386172,2,positive,80667227382b7000613f29ff91de047e9b76fc015dfbe6c881fe9e7293cfbb66,1,0
test:7358,0.06293133,0.44599221,0.49107646,2,positive,b7475f4321480cc4faa62805cc09daf489bc72f9857e205e27c20941f393f3be,1,2
test:7359,0.25500603,0.18246287,0.56253110,2,positive,b6ed9386faaeb7aba8e195490e3689632199b787641cb49171d10c93fa70edad,0,1
test:7360,0.17614764,0.53388160,0.28997076,1,neutral,34db7b60b04053de8f24b5a19564a8455439872098856152e23593a3591038c4,2,1
test:7361,0.11667108,0.61631244,0.26701648,1,neutral,92b4433d0b75b64be5b4454e9186ef63022ea0a49b525a1232d80bb694e825d4,2,1
test:7371,0.22734090,0.16378435,0.60887474,2,positive,524ddde246c4940e4c170b33f0ac8cafa3938e25d2dd37415ec1ca6ec95ea2f3,1,1
test:7373,0.32752137,0.40017495,0.27230368,1,neutral,e945087baf5d4eb85944ca2ea0f4dd45f77b0acad3385b4b2eacf02ab59765c1,2,0
test:7374,0.08708101,0.30971646,0.60320253,2,positive,3880e60403f7e9174592ebe15eb02db394ab96631d9b32deaa729ecf0647730a,1,2
test:7376,0.25051445,0.33797870,0.41150685,2,positive,418ae8992d8b7b9f4bd344504de402e93259f2d2424fa247045486f6a0cf4b72,0,2
test:7377,0.05517090,0.82898036,0.11584874,1,neutral,4fe637adae301edf19275308587e363f0f73b3dd0cebc16d424790a20eda1a4c,2,1
test:7378,0.14981068,0.23173831,0.61845101,2,positive,f359573ae76acc350a150608c49235300027351e58de8de55c79b5152acae45d,1,0
test:7380,0.02060521,0.03427388,0.94512092,2,positive,6bfed6a6eb867179047fa06a2529e0880cfc1623c8a0e46345b762734f2fbee9,1,2
test:7382,0.12073283,0.31263643,0.56663075,2,positive,1f161ee748e79155db9ecebe19e57d037a844fbd9ef506f6f1b97819b28a5ff6,1,2
test:7383,0.18232492,0.73190305,0.08577203,1,neutral,9f6b8eb815b36b7438ff60006cd006436576f9737a4daefa05cf407349316cc2,0,2
test:7390,0.14938170,0.36535018,0.48526812,2,positive,3c8b28583c8b04f19b771474fc5bb75158e9da0c9dbadb3d3fe39c955c1980b1,1,0
test:7391,0.61232209,0.30391213,0.08376578,0,negative,2c04cce05dd27a2d21fdad009ee822c9214484672c63e2169dc1278dc09b71a9,1,2
test:7394,0.06748380,0.26167694,0.67083926,2,positive,aad8c9d82ab759a8fefd6fb9d68e012a1c229270370cdd2b7f7e9fb6c02239ea,1,2
test:7397,0.08432315,0.83184309,0.08383376,1,neutral,66bc0027ea6f8d140d538b791f6ee6c0e24e5561a4b6ada15abdc9bc6de0531c,0,2
test:7406,0.01363402,0.04145006,0.94491592,2,positive,167ab21da5f7a901eaf0e11dc206b4a039d6fc2d158ba2a327e523cd5b73c3e2,1,2
test:7408,0.35574795,0.50484727,0.13940478,1,neutral,3c3d1f1f5770739eb7d78a05701e7c2de22684f9e707871813770662a0006b21,0,2
test:7409,0.23632398,0.73120633,0.03246969,1,neutral,f121338a0d1b1e353f3febcd7928f1d0c60b7fa854208ff3667c55e435244a28,0,0
test:7410,0.50338927,0.31063416,0.18597657,0,negative,2d0ff32bfb1efc2b6409f4672cef7297b95969464fb4ecf36150eea718e52426,1,0
test:7416,0.21589458,0.26523274,0.51887268,2,positive,da9832cb2f67fbca2385b92f3f48e8fcd01fbd3e74d210d07b1ba9a574646d7b,1,1
test:7417,0.13069524,0.76695102,0.10235374,1,neutral,e69b13c9500a28864b0a93211b95966034512571d2e5d07aefe954042aa82abc,0,2
test:7419,0.48090569,0.04341848,0.47567583,0,negative,919b638a38115ccd90285e47b34e6395934c5338e219db8b76cd002d553d5fd0,2,2
test:7425,0.31005547,0.54439907,0.14554546,1,neutral,aaa3eeba8acff78b389d3c317b327a2e07d291c4844b9c34a23f196a6bf20ff6,0,0
test:7426,0.25955892,0.06565847,0.67478261,2,positive,0f9247862f5d12aa5b304f00b6a5568fe26c5e2d62aafebf8646a0029bd4818a,1,2
test:7428,0.06382607,0.34718369,0.58899024,2,positive,d5dfc09f1e69d8b6ce71bc9f81decfa78dc0f197eafb491131200d7f4cd41c97,1,2
test:7432,0.14168866,0.76771950,0.09059184,1,neutral,6baf17a0ad5b59690dfa8e34bb1402724f72a9915beae2f47d9582a392c317c8,0,2
test:7434,0.36736171,0.44079890,0.19183939,1,neutral,9509c02ab9a252d158ea6677436da21b34a9141d16cefed2fddbf54413f95147,2,1
test:7435,0.14427444,0.70946914,0.14625642,1,neutral,08f5de3be9ea01b769687b70330c00343550cfa3848ee298c6ffa723d3abae8b,0,0
test:7436,0.11065967,0.31874083,0.57059949,2,positive,27392144c1a2fda461428eefb19c6f0b48142738b822f7b83f5fe0b126e0927b,1,1
test:7437,0.38766485,0.30255562,0.30977953,0,negative,372b2aec498e10768e0abaa69ef7c8c46adfbf0fab806ec23c261bf19bda24c1,1,0
test:7438,0.24078448,0.47622130,0.28299422,1,neutral,c2377429379426ebe0d0ebcc831f0b3344e35f3df6abc705ac0fb0526296e98c,0,0
test:7446,0.21579394,0.15617100,0.62803506,2,positive,649d054a42de0279e8168f8a0040b3e08adb8906ce4a5258bce0fd5aefbb3c10,1,0
test:7449,0.29553652,0.61811068,0.08635280,1,neutral,2f19ecdabf5e1318f02a7543fbefc1a570716280489b671f3a86ca6fc2637fc3,0,0
test:7450,0.27653141,0.51456771,0.20890088,1,neutral,b4b3b47a83ed202940583cbb5ea54c4089f6bd29f6338437817ef122065340b8,0,2
test:7452,0.44752243,0.46708046,0.08539711,1,neutral,a6669dc09eb58ed708ca3248da7efe9e545434d83671079e043e6ca41c13ddf2,0,0
test:7453,0.53686080,0.43771869,0.02542051,0,negative,c6074ff08c2430575c455d9ee5504a2fc967022edf99c95daf4b8d5a77a93cce,1,2
test:7458,0.19996184,0.70196076,0.09807740,1,neutral,4910b29798f0a101960d87bc6b4b2483307f2fa833ec839069ae372e398b8ac3,0,2
test:7462,0.22471804,0.40520983,0.37007213,1,neutral,61c7e9f84c4d9d5e19137ab2b505d0a5a6c030175e332dedc25b4c8e53cb3f83,0,2
test:7463,0.12410993,0.56388035,0.31200972,1,neutral,313fd525aa68cc9dc89be7675e1773c70570a094bc04c47183f1746b94205591,0,2
test:7465,0.36939446,0.49206060,0.13854494,1,neutral,f5a901f3de2a94053d7b337b0d38031026e57976b9bca84e740fb0f8251c97f1,0,1
test:7467,0.74821493,0.11580589,0.13597918,0,negative,b79b345748e0e3c31f911a717a7f5deaee52decfe297df1a137454d4bf67934c,1,2
test:7473,0.39220586,0.51301585,0.09477829,1,neutral,17b39cbbd8252afa9746c39a074628672ef7a35f7baa75576a5e26f285d8e00c,0,0
test:7475,0.22812798,0.54298707,0.22888494,1,neutral,e37a0a0d9402c95e4e77a08aeba2ed4e185fe04c3cedde809312b614f4f3e0e0,2,1
test:7477,0.29160740,0.06949218,0.63890042,2,positive,498eb12fa13a895de6b7a307886502362e45935e5fad0c8347a577dd603b1d4e,0,0
test:7478,0.24463850,0.63412925,0.12123224,1,neutral,ee0c1349f67867b3bc120c344510a05cf2fc3a953e63c87c3b5d01b8047f13d4,0,0
test:7483,0.23924222,0.58845183,0.17230596,1,neutral,9490d2901165b4a19d3fe05fd78413019779a8cddab5fb423254a7e2c83d68df,2,2
test:7488,0.14756594,0.37340354,0.47903053,2,positive,26e01963efbf67584b639c3423e07fb4afd1120d26c9953dd655ac441e8dce2a,0,2
test:7489,0.08601762,0.76959474,0.14438764,1,neutral,1a2e15de6c1ab2f5d8684d98d5f132ff3ba74953b6f61a214c3b663e0715c45d,2,2
test:7490,0.33036548,0.47749077,0.19214375,1,neutral,f4ccffc6c89881c42684e07ea5902e40ac2f19cb948661bcf782c6392653ed17,0,0
test:7492,0.30175063,0.27323024,0.42501913,2,positive,b73d8a08fb72bd3eda92e3893874fe4fcc1afc77ed0bc9d64b978e509856feb9,0,2
test:7493,0.19316118,0.32755617,0.47928265,2,positive,707b270575fd0b021d5e5db6a1349831f81440852481f9ad8953f0f7315755c8,1,2
test:7494,0.23645703,0.27131907,0.49222389,2,positive,268d636da3e5032e59036a49ec8ea3aecf682870946476a8401fe889495398ab,1,1
test:7495,0.13132886,0.32306595,0.54560519,2,positive,e9317458bd791cedabec7849ea7bf2818ab051bf5b0f77e5b16494dcdae5f666,0,1
test:7496,0.55467427,0.37717731,0.06814843,0,negative,008a3f5b58c0ae59fda869987bfbb6df1a6a3cb17bc34b3257c4c1ac19193b3e,1,0
test:7498,0.27798086,0.62269175,0.09932739,1,neutral,9bf258b283007cd906625773c500ff55d083e3e29b88751dbe3e20fd627c3574,2,2
test:7499,0.14970634,0.72945587,0.12083779,1,neutral,62cb28576fb42df2b0988132a9dd3ef7fbb151e2a7fc709392b4653f0c9733ec,2,2
test:7501,0.15421713,0.69010165,0.15568122,1,neutral,16b6c0627514bd2c4be8b8cf5916caf4b695e964e838f953f25b56fb1c4b1ab7,0,0
test:7502,0.07142790,0.50742513,0.42114698,1,neutral,8fdcd84fc1e9b5b180ff877891eb096abd03cf0150c92dbe589e2ec0a9f48d13,2,2
test:7503,0.08731242,0.68598633,0.22670125,1,neutral,9501796943baaa8fa95b370f8787aa413e60bbf243149efe74fcae31c42594fc,2,0
test:7504,0.30632592,0.64426592,0.04940816,1,neutral,c94e2fc2078614924d9bd7c486ae13320125bebd6864b3eb9c0b2e8eed107289,0,0
test:7505,0.14335980,0.59655781,0.26008239,1,neutral,0632e7d95dc523520e91da388970ca95fec9c945bdb8a8b4b007b172c99b21e2,0,1
test:7512,0.07097224,0.54576596,0.38326180,1,neutral,387ec20a7af949c48adb4f24d686a884343ed1c3f98ade20b66a9a84f286293d,0,1
test:7515,0.26891508,0.16182623,0.56925869,2,positive,8ed2979bce594987dbc8b3c2790c824959bcc914ec7ba7104dc2195cb8ab6574,1,1
test:7516,0.58280201,0.39597406,0.02122393,0,negative,84b19a05416b573c24f99934dc3eb2d55c3811833a1d8175b4c18adca86f27ed,1,0
test:7517,0.20218736,0.75141361,0.04639903,1,neutral,1b8af3da596d3fea8648e004d71f769df7d32459811cda02ad9c864910356dcc,0,2
test:7518,0.16029935,0.56155719,0.27814346,1,neutral,08d377eefc8cbf469d31b2b75d8341d0139e50c3ab0c416dfe4592ba66798658,0,0
test:7520,0.08299177,0.36702123,0.54998700,2,positive,2dd0311f88cb7725f565a6d2ba75c2b8dbc28b4b6e3a64388b5ffb2296d1adfc,1,2
test:7523,0.39675797,0.45198012,0.15126191,1,neutral,185d166692be4cbd86d6570d9bcf5669ec89c2edf57c238af4bb7a33a9417545,0,2
test:7524,0.66070185,0.26243364,0.07686450,0,negative,68bd66ca8cd121af9a5613bd1d99f2027b5733ae125492bcfbfa82b7843ef2c5,1,2
test:7526,0.15874008,0.45906427,0.38219565,1,neutral,f68047b28f848e65d47a0bfeab78c0462340a4b51136765b1a53a4b666243a76,2,1
test:7527,0.26054184,0.43294206,0.30651610,1,neutral,5de2688f65ee5bf8157d7e9e145d9670eb0937508abb546c1ee32d316e894eec,0,2
test:7528,0.31819694,0.66202146,0.01978159,1,neutral,bfda0d454f8317dcaaed567c68b3ba8d1d0271dc493d1a4487b0db046057c12d,0,0
test:7529,0.25463473,0.42502847,0.32033680,1,neutral,f6ae5f9e624f7412cfc1d7347ed444ae6ccc4b95a4f1b27f9e132317ca441f94,2,2
test:7530,0.24358932,0.70874254,0.04766814,1,neutral,a1840a96959fcdc4bc0ab4a63df2d81d7b2b969d18deecbb3c57af92a2aa4215,0,0
test:7531,0.19137136,0.14576259,0.66286605,2,positive,0e0e9174cd4d0aba370f7a611c7bc8f62642f2aad0553ad4196fc832d924681a,0,2
test:7533,0.17013342,0.68301106,0.14685551,1,neutral,b7437a689e38847e800861236fd70215cd5fb772dfe5828c4dca88efc86c64cc,2,1
test:7534,0.25790047,0.71326881,0.02883072,1,neutral,325aadc3dc9f7b9a239ca1fd09ece7a401b49e1b6386f60b941a09ec04dd6f5d,0,0
test:7538,0.56352016,0.40449449,0.03198536,0,negative,67554daf93f180b8308706a47702f86b52abae45edcd26cb299384ad64a06343,1,1
test:7541,0.48406070,0.30571829,0.21022101,0,negative,d8a4c3fbe236d59211fb3143af0cf745984acf885144425cca3c68e5f2047af7,1,0
test:7544,0.09807273,0.25210490,0.64982237,2,positive,843c2da68013e8759ecf58f12b8d2755255d9283223df42a9cd6af5864d46fb7,0,1
test:7546,0.18029517,0.62177684,0.19792800,1,neutral,6a9f3266b329cbe590d6b5fc5dafad6340174e6c8b9b00ba7e2a52c3f7afbb16,2,2
test:7547,0.15910330,0.69084730,0.15004940,1,neutral,d9d62fed74c326654e33ef5953a3104f321cabfdfe77bb614c018ea48e3f8ed6,0,2
test:7550,0.13087842,0.71592702,0.15319456,1,neutral,f40d3ec4117781dd35a0f49311b09e5a7d47f5130ed15a37144de958605013e4,0,2
test:7552,0.20371790,0.67013936,0.12614274,1,neutral,77741ae8811afa07a5e9e6847e33e46dbdd2d43da2a5205349ad64e30a6ec061,0,2
test:7554,0.60159339,0.26182887,0.13657773,0,negative,84c450fc08fa9054082f13e2b7baef11afbac5ba3b691d99a7cf984247b4e761,2,0
test:7555,0.39811100,0.54658144,0.05530756,1,neutral,35e8a1f05fd2a94bfc5ef90796639fc24933b356e2877c086300eb5abe0007f8,0,0
test:7556,0.08283825,0.58458572,0.33257602,1,neutral,f94fca935413877353e95f59c875ce4dd86941804c76e9e845224dcde39b2933,2,2
test:7557,0.29099528,0.67284927,0.03615545,1,neutral,bc0730536306fa872be7acf815b6d7a82377252dbc489ff111db204688d93bd0,0,1
test:7559,0.35095869,0.57221358,0.07682774,1,neutral,099c79facde78c4fc91fc405491942b987ceed643d80b88c253c881db5a5639e,0,0
test:7560,0.17569169,0.51764823,0.30666008,1,neutral,9b65c4f1327f0c355adc69b3205ed01bc636c3201332ace91b96df2bf08cb334,2,0
test:7562,0.57141274,0.41796224,0.01062502,0,negative,7c3ca918f18d17dacd1dbb8342e428051f6fd297fa7301c518a7f3c30bbcaf0c,1,2
test:7564,0.30038319,0.40417966,0.29543716,1,neutral,1fd1e9163bd38f55d7bc291714d17f738ebb9576ea27da215281a1fa355b4c0b,0,0
test:7572,0.01124141,0.12468617,0.86407242,2,positive,19a7107246d5bf8cdc055d7e1f5b12e534d1bb5c9e71cc8c52475a8c6995184c,1,2
test:7574,0.26388599,0.65632875,0.07978526,1,neutral,ce6ffb24a38c987058d27427335283476e9d18d0f12f0e62727211188dd04f92,0,0
test:7578,0.27369985,0.57324578,0.15305437,1,neutral,8e5ed06eacac60913cae2afe8aab59cc25e84f9344ca7b846e1958993c1763fe,2,0
test:7579,0.10052355,0.84477193,0.05470452,1,neutral,8a5b4df7d69cfa81bac66f6533323bca35f62b57b3bb88cc215e571f0d5569b0,0,0
test:7583,0.13452362,0.16941065,0.69606572,2,positive,df5928c6097221b3b94e2fce6538770ef907cf54de0ddedd7a15b65f0b59ecc1,1,2
test:7591,0.10254914,0.72267225,0.17477861,1,neutral,d8a24a03688e7bd3680925481a15df28ec92d448549b34b8f4938eebc6bf3d90,0,2
test:7592,0.45216702,0.30782577,0.24000721,0,negative,2005f30e224bf53ffc81f24ab6d85aa6cb01a1530771b338067556f824673573,1,1
test:7596,0.30674944,0.17444624,0.51880432,2,positive,49ae5245da00eac97bbf2dbd881b7f63933346189645c6bc54c3696b64f12292,1,2
test:7602,0.05840788,0.15426735,0.78732477,2,positive,f8fed834eb9bdd4304ce8e4a575fbff9fde60703e130d8f9299094cf22f4f5da,1,2
test:7603,0.05099489,0.07391119,0.87509393,2,positive,4ebbb97b7bc40fba6c1b86f98c5d4aa03211d6377febf1b2e2f68635c5242c61,1,0
test:7604,0.32930683,0.31441401,0.35627916,2,positive,e01a6f8e22dd46a7689af6dd9f5989c8111073a164c2b13f91eacafea359f456,1,2
test:7606,0.24180408,0.68269089,0.07550503,1,neutral,ccff2150341b47477baacd872ff02416a27758faf80863d16d89190fdec5b8d0,0,0
test:7608,0.70187547,0.18028097,0.11784356,0,negative,88b0d89fa749620d1adaa596126e017b11ffae6f511b752a671e5576ef6c4611,1,1
test:7609,0.03249711,0.12341769,0.84408520,2,positive,dc21b06928ecbf763521182923743c6d5219c8134e094afa767fe0524c8610ca,1,1
test:7611,0.05041672,0.66107673,0.28850655,1,neutral,b4ce366b71b47a91b8443b95de1a7352e96528e4951ae90d07a87972bdaa1c36,2,1
test:7612,0.11873410,0.20942732,0.67183858,2,positive,26b8dd39749f6ce063e3b29fe9668d7baaaa4d07099424f329d673eba2847e56,1,2
test:7614,0.10012793,0.75643721,0.14343486,1,neutral,894738163c85223b5148d6dcedfa032867f2158c0e4fc889a75a199b5462a4ad,0,1
test:7618,0.19482413,0.18419536,0.62098051,2,positive,d2790f298b03647d19c9940aaf2c2b268c5e04ef29f4f311a833f6a1d894e054,1,2
test:7621,0.02048984,0.82793970,0.15157046,1,neutral,dd90a99882f7d16ffc69274b0c27c9bb1327c9aa41730d21f81fe9597a3ea8cb,2,1
test:7624,0.13653809,0.68877153,0.17469038,1,neutral,95b8ec5c8d6a8bb3b3bbebe8d69a2263628e8533a21458444790c0ce525183b7,0,2
test:7627,0.34762291,0.28644562,0.36593147,2,positive,632176130d2fde7c04414949de188f729cb79aa453617790b905400594ec0d6d,1,0
test:7628,0.37497606,0.32319292,0.30183102,0,negative,4aee5f5fa4c426b50c7a0aaf9919f8bb2246e5e5dae50da6378273801f07044c,1,1
test:7631,0.47141995,0.35021193,0.17836812,0,negative,3344a1b2f86047ce53534a2afc50a06b6041850194f5b438a0f203412b6e6d6b,1,1
test:7633,0.19531326,0.36762844,0.43705831,2,positive,2f98d8ac22b460fc03a49fb7e6ff963b1f39edb58964805eb3eec3d687f30d5e,1,0
test:7637,0.33552764,0.31891519,0.34555717,2,positive,ff91c31ca92075151668acf4652f28bc8027f33ca924f5bbd5cbd7515f14f085,0,0
test:7638,0.29550506,0.31370689,0.39078804,2,positive,254d1cec6ecb65cac96ac18369415a8fdf70d99e21d12a99933cbe66c668820e,1,0
test:7640,0.11344605,0.15219701,0.73435694,2,positive,2fbfa5f569da4ddcd1f1f9d40de70fcf471b3392f1808bbd46106f41d59d05b7,1,2
test:7642,0.88023827,0.05278361,0.06697811,0,negative,2c4dd0cb99efc7d7a7b7b27f7d3c0e052739a993773dfa2a8ffefa5b430dc85b,2,0
test:7645,0.24795826,0.64805655,0.10398518,1,neutral,789fe2fb4398c18bd2e8be7c875406b73f02c03b51e2656e95521ed3e51c8678,0,1
test:7646,0.05655596,0.40813566,0.53530838,2,positive,72740d8b562323320449a2f1eb0d87206c92202d8f0c4e8cde9c625f2fc85e02,1,2
test:7647,0.08249432,0.77948058,0.13802510,1,neutral,b305a080533035296c8c960d0b89679042d9ce11c3daedecade31af304c11e85,0,1
test:7649,0.40286048,0.53934512,0.05779440,1,neutral,a7ce1b51dfd5b59d91b7938ce70165aad6eaacabc53822b997ce464e4d70ed37,0,0
test:7650,0.27196210,0.40882992,0.31920798,1,neutral,497601c3268afcab894f35d9820d6702667f755f78bf3ec3b50c2d8116d34180,2,2
test:7653,0.09428633,0.34682840,0.55888527,2,positive,ebfb7be01118b96d66ef258627796da5ba3ac23a3ca8ec20d3232ae5a04cace9,1,1
test:7654,0.13122945,0.80022899,0.06854156,1,neutral,3e503800204eab8c99706e583e895936788b9fc00222921f4c70e012f6e6248a,0,2
test:7659,0.16845529,0.37128387,0.46026084,2,positive,51a5a8e7141250be5cfe335364bf1d563e75cd0bae53316c998a987a8d525049,1,0
test:7662,0.42071576,0.27961177,0.29967247,0,negative,ee5f6a309cae9bc2b390a2734aab289244f946d112f1415f4924c893f38c30db,1,2
test:7664,0.16938315,0.36378627,0.46683058,2,positive,6026b711899975d9aad32614f2ca1e39b2d334b0bdc14a234011a271fe3f63be,1,2
test:7667,0.19249864,0.72696794,0.08053342,1,neutral,290a5a720ece769f2fcddb57c7184a0f77ae3c0dc856ee04d5d1a6d10e8be120,2,2
test:7669,0.46103463,0.42970668,0.10925870,0,negative,e1086edddab7484cdc2f9e2c30ef2b47a5b6f5b5feafb004f2cb7eec8d96da38,1,2
test:7671,0.28901580,0.47490395,0.23608025,1,neutral,33dca108053880aeb407cf4ada66005cde2fac57b0c493d145beb0ed99ead763,0,2
test:7673,0.11922376,0.49800714,0.38276910,1,neutral,e828cc99df54b4968eb9c9c49e1d7ae2d31a4c8cf8d0971b9415af0f5585c952,2,2
test:7675,0.71044338,0.16473773,0.12481888,0,negative,43ce116801d7143d63c5622cbbe049cfffd35f8b5817d4ccf287f1782d5b083c,1,0
test:7676,0.25147593,0.70185744,0.04666664,1,neutral,9b41f5cab27480990b7e026d0040b7145d4c494613429871afd5bf0eb5525bf5,0,0
test:7677,0.23263271,0.48147868,0.28588861,1,neutral,009653785844a5e70b90bc1c3ea1c1ae19dc920e0fb94ace927d873f0057fbfb,2,2
test:7678,0.01351808,0.16543637,0.82104555,2,positive,3b2bcd340e9c6752c1b4515556270e6765538b8e70fd289d44a9b4e763615e4d,1,2
test:7681,0.24587925,0.46610391,0.28801684,1,neutral,2accba78a6fce1cc1e13a8c7c2866e2aebe4c90c604f55adad095ae16802aa58,0,2
test:7682,0.36927593,0.61360015,0.01712392,1,neutral,72e300d70a999ba2e7d612527e70065e98bf9b8e9eadd7eb98b27e25b1e144a5,0,2
test:7684,0.04937386,0.33485772,0.61576842,2,positive,7254f587f3b52cfe94fc4c8d7f0b9da464a201d7eb2d935b90557d3f803ab6f1,1,1
test:7688,0.36052417,0.61581159,0.02366423,1,neutral,5a375b979970707d463f0604b3c50166ade28949192bfe94d64b5b5dbccaaa17,0,0
test:7693,0.19861042,0.55674461,0.24464497,1,neutral,a2ecf7455536ed99189d658964dd66db1840b714d218f777283f41d3a36dbcde,0,0
test:7696,0.65615594,0.17341539,0.17042868,0,negative,3974e0152cad0715a34b1c22686b0c044291dc7eb1c7a308dc61c335a56de361,1,1
test:7698,0.10968744,0.84380180,0.04651076,1,neutral,509b9e9c691311a2d66204c29c8036143a5ddcbede37b683aa96e677b2dd4284,0,1
test:7699,0.17307879,0.67103140,0.15588981,1,neutral,a1d3b141d9e743806aac61b93874c1b51d4218ee6cfce51e81e2b715580718d2,0,1
test:7702,0.81757453,0.15596463,0.02646085,0,negative,a6804a83a72c2eade20b0ff9ea1dd1b5068cfe5021cb5cf801fe474e99c38c10,1,0
test:7703,0.50166213,0.25372254,0.24461533,0,negative,97cf81abff4ff46145152ddf740d919aa97e9667b7dc97dfcac779f17965bc72,1,0
test:7705,0.24268167,0.56551165,0.19180668,1,neutral,c825e8627827856129a5c6beae48d95900c328ec899b7b6366073db80afb5e85,0,0
test:7706,0.10668474,0.26870398,0.62461128,2,positive,ac8c70fb35d36f9052a32ddf0c4c9f67f540d79744acf9c805b99f31ae4b0fea,1,0
test:7708,0.04623516,0.65158280,0.30218204,1,neutral,d75913ba070026a8e222d3b7111d11819026cf601f1e2310131b2c9821fa2655,2,1
test:7712,0.46311227,0.42359219,0.11329554,0,negative,5e8bf032af1fe7cb9eb4699cf803344845c1f1416b2e09d58fbba95214e9250e,1,0
test:7713,0.11874697,0.81000150,0.07125153,1,neutral,ab4b1f4e369d7972b4637d62ad8e9977fad6a73c95823a9d40f19bec105a8b17,0,2
test:7714,0.25873602,0.60175157,0.13951240,1,neutral,2a94c4dd5fa1e0bc18d0b78ba80f23d840172e8e15a4febdeeea1da0ee62b678,0,0
test:7719,0.46933500,0.44674137,0.08392363,0,negative,b8e2c1cdf607c5f104a378a7aff18793d58a4a281ef33649d5274e4ff4575a37,1,2
test:7721,0.56035852,0.21988208,0.21975940,0,negative,3e305fb925bdbfa364a81173e2afdccc1625f972e78805e819be84c2b04f5f5a,2,1
test:7723,0.21863932,0.64820258,0.13315809,1,neutral,ad24995a3fe708b810f2d1f0a6f9bf2c476a3f89395f435367a02a8b5a832f14,2,1
test:7724,0.30293487,0.52426823,0.17279690,1,neutral,0e8ab1423d12062fa458aa5227da572cb8b2f522f68cbeef9a44c04b36c3cc4c,0,0
test:7727,0.15435062,0.73982875,0.10582063,1,neutral,470bdd382e2203472309ac0cebacf7cb27ef4cf746565e3b8d74f2e0d06a1c92,0,0
test:7730,0.22870372,0.44664548,0.32465079,1,neutral,c006d38dbddd3183ef72dda85b74dd8f01cfd2aad78a1f2cfeb8cfc4eec11adc,0,1
test:7732,0.15740920,0.41813111,0.42445969,2,positive,d2eaeb0acd88bd91feef7f6b5d926e9a35f456df9ec2b2f49fc0f0243e75b865,1,2
test:7734,0.48281714,0.35276086,0.16442200,0,negative,402a1a888a54fc2ca258579be51f4de6d81b5a81aadd1fd028c532ef53611eb8,1,1
test:7740,0.47922118,0.12173187,0.39904694,0,negative,6ecb6de07c019c580d1b2b511ad2fae50c23589b4ab9a23d9b0af7e450759e7e,2,1
test:7741,0.26401623,0.55094162,0.18504215,1,neutral,4fd7d24c832f1dc50d11f5d3b7f6d21a7e289a69e195e86d43dfb9f02cb41ee8,0,0
test:7745,0.07939115,0.36221768,0.55839117,2,positive,0e1bc958222fae7c34e4bed130549163230c23d1ee4bf487ea581f8cd8369e31,1,1
test:7749,0.07907843,0.38677841,0.53414317,2,positive,e191e1214eec8ebe8d973948ccbde2add91765da127ab31bcba08e0e86a5b778,1,1
test:7750,0.26803783,0.50774165,0.22422052,1,neutral,a59ea73e31ce5a71d5fbe10be7fb25f38ca1fdd2febba7a03848c265c5ddc842,0,2
test:7752,0.56206821,0.33719734,0.10073445,0,negative,10b895e4bdf477051745db32549c4cd6626a2e53380b00adf7e33d503d9cf5cd,1,0
test:7756,0.32787609,0.36384555,0.30827835,1,neutral,b92856840b2212fd40da89e7f6d077240a3f0a8db43115babc9a76e9651bc9de,0,2
test:7757,0.57992307,0.24751626,0.17256067,0,negative,97b2e577f3c17d75704fc9a0f9c013108ffd2a3cf5d65c750761230a4c593d2e,1,2
test:7759,0.14692090,0.15268026,0.70039884,2,positive,2cb6b7ef30f1b4c2f82470b7e56a971d74f30bc5f6cdeb2c7292a0c2ee9ae8c3,0,2
test:7760,0.08625563,0.25279561,0.66094876,2,positive,6d76fb053de9a1b086a5974050830ff35ea24da7cb26f4cf51394f1fab333e42,0,1
test:7763,0.68605624,0.22715499,0.08678877,0,negative,1cfc3691c4c65fc3557c6cb3275335e35b5f29d99629cef96e1fa5a28640d10c,1,0
test:7765,0.15484809,0.59244732,0.25270459,1,neutral,0971720208624516723b8bdfec1d608da2866db80aae307837aef921511207c1,0,2
test:7766,0.15553442,0.54014995,0.30431563,1,neutral,ea83e15e001154068cf53e854b789f4718fb9e6c4f52d467eb6adbd8571b788a,0,0
test:7768,0.09461264,0.74031501,0.16507235,1,neutral,8340b5152894f2e0d1addf027597f539e2c481fbd039a1fa98a834485c11997e,0,0
test:7769,0.07155005,0.24529794,0.68315201,2,positive,f115545c8b6b277479b1c84a0af0ca229c36267ccca12a9c9ab98f63163f423e,1,2
test:7771,0.14432864,0.76174978,0.09392158,1,neutral,c97f3c6613952cea04cd587e6ddeb25874ce4fa332ef3809364097c500ef0769,0,0
test:7772,0.01628432,0.79022550,0.19349018,1,neutral,0e2f66a1c1ec09bbeca9c025bc8651a8f4dbe6ce3d3845edc526473b7ad5b1ca,2,2
test:7776,0.23501590,0.55459290,0.21039120,1,neutral,f267bd0b44aee77ed737dd862b95611ca6f104ae64c35083063c9505236c43f0,0,1
test:7777,0.15183479,0.76568085,0.08248436,1,neutral,bfc5768a97a4083ea586877a3de05a2f23cf972e62546c4f655faec144fb41b6,0,1
test:7778,0.15792978,0.17029149,0.67177873,2,positive,62c7b03cf4705ad3082a2b977cdcdf6679cc1da273a30edc5aaf5a9071614572,1,2
test:7779,0.19084572,0.31560533,0.49354895,2,positive,5c81c54211388397ed625b7db70aa26e9a4a2f6cbcd309d2baa3dda827d9731c,1,1
test:7780,0.20144529,0.36101245,0.43754226,2,positive,e72364293d9b5677981e139e89290ac49de2fbc22573327b7afecfd0c0b38d02,1,2
test:7782,0.03234295,0.42465888,0.54299817,2,positive,48a3d509b90a1f9003e9e961e25b1cecfca24d67c87f58d9a7e15e8c694d4a3a,1,1
test:7786,0.28887803,0.65459536,0.05652661,1,neutral,2dccf6e70289b41e1b74209aa7f3e851bd10e446e66021286f885e3eda4d9203,0,0
test:7787,0.68799341,0.09508974,0.21691684,0,negative,d57431c3475a937cd375bdd1c0016a86a1bef3ffd53ff0b10d4d2b31e159d468,1,2
test:7788,0.30271434,0.48911706,0.20816860,1,neutral,0f63586609605a0651fc748246c11fa0d09375c92fd7d988981bf6c8e6765761,0,0
test:7791,0.12774865,0.33465935,0.53759200,2,positive,fdada1175a146bf54695d8765e0519cdf27b36fc72f9832bb6b15481f9af2a87,1,1
test:7795,0.23946341,0.58738879,0.17314780,1,neutral,a35385dc22274adcea1d3c322ef14888e840a30ec78287af0a4ba7a533387cd2,2,2
test:7796,0.11878533,0.70167451,0.17954016,1,neutral,5e063ea3c3b22073273dc0316f5db72a390f3f026bccf14969fe3de88e17c15c,2,2
test:7800,0.43117183,0.52464200,0.04418617,1,neutral,ae169a69de297355c55955bbae2cdca0a578f0af6b6b389690abd89ccc5a25d0,0,0
test:7803,0.42047371,0.46531792,0.11420837,1,neutral,8174712d41a769ee3feddb713b5a278218efcddd664974b79733446fc378018b,0,0
test:7805,0.80116763,0.11211979,0.08671259,0,negative,67dab71daaede17c2f37d19021f46fe9d06203e925b1d806cc50a348a69598f0,1,2
test:7806,0.05928242,0.60353855,0.33717903,1,neutral,4c2460dfdddd8f133d4fd4187be0e831c48bc96b0b1882d2605b39602622655a,2,2
test:7809,0.29786496,0.30681620,0.39531884,2,positive,1e69b627966fc141d272c11ec02f382c4e4794378785768fe07bd68a9e5a5447,1,2
test:7810,0.26785211,0.32101858,0.41112931,2,positive,19e9094554571e0dc13d744c44a4434a34132c6f5d52743ccb0b7822ca3b289a,1,2
test:7811,0.54852312,0.40991079,0.04156608,0,negative,5bd08bdbca45c1911760d970042338788c65cd637d90d8c3ecdfa1d529a62b7f,1,2
test:7812,0.02159872,0.94030477,0.03809651,1,neutral,6a3051019850904fc53e855b7e48952ced83f2eec3504d912210c06ae783f858,0,1
test:7813,0.18610592,0.70461962,0.10927446,1,neutral,dfa8241a760442c8bee10d2065f4403aea9057533188329aa2a348171d1e898a,0,1
test:7815,0.14965031,0.30328673,0.54706296,2,positive,109a2b51eceb6128939f4d11d13f3ffde898d0f17b8d175952bf65504c0b3623,1,1
test:7817,0.05914517,0.82363226,0.11722257,1,neutral,1ac91075900cd6dfb200577592bcb5a08245436be572f7a2f4c6168d84fd6f6f,2,1
test:7818,0.12545961,0.78674325,0.08779714,1,neutral,7de478edaef77a86a7a71a76ff317cca39746bc6d8e7f19396d89a6165a3e978,0,0
test:7819,0.02214999,0.16331922,0.81453079,2,positive,731c8da54de8cb2b5c34a7300a28fb9515a4dc89fc773d16da63777bf5093437,1,2
test:7820,0.07170728,0.59638411,0.33190860,1,neutral,83e0a54c95d02cf930410e0f89f248ccae42fffcb060900bf530b0c008ac9e41,2,2
test:7821,0.51118851,0.34370423,0.14510726,0,negative,e2d7dec53a007dd7b176cbee80a2575c3129e4deb73c5c82415f0aeec5b5243a,1,2
test:7822,0.10948849,0.67145033,0.21906118,1,neutral,ecce09b27afefeac38b8b7960e3621e0e0c4c6c51ad50c75d10a9c283c640b42,2,1
test:7823,0.04621294,0.17851719,0.77526986,2,positive,864cda794ddadb7c43d3f50a055f37a0ed877410e216a8728d661289143c79f9,1,2
test:7826,0.40784907,0.27291434,0.31923659,0,negative,f4105067147b8739cc606dbb8489b8a051244f7dd520e5ff4c1bc422ff7d0c5c,1,0
test:7828,0.07402038,0.42951995,0.49645967,2,positive,53c4cd0fcfa1d46a19ac160127e01daccf56a613039e8308d895bedb3dfa7c11,1,1
test:7829,0.54034872,0.26846973,0.19118155,0,negative,8e1064299c28f98e0b66f8970b5ab7693748e53f0b40cf925db7141e292d4ba4,1,1
test:7830,0.14620799,0.54236541,0.31142660,1,neutral,0d3516541ba11c828038c363d04ce49a0df3542d87f297befd75483bb1209e1a,0,1
test:7833,0.42739324,0.35668537,0.21592139,0,negative,cc038ddab62b56f573713644b6211b82fa03010a523abb4414cf570cdc7ae4ce,1,1
test:7835,0.60803395,0.33144414,0.06052190,0,negative,2175cd57b73dff5fe281dc21ffbbf07fdf660e3f686041e0233199f19d17a7e1,1,0
test:7836,0.29794523,0.61573061,0.08632417,1,neutral,d01e0e5a9d4477e61dca25a07ad95c8c22464b9a35d85eda742d0149d63745f3,0,2
test:7837,0.17752846,0.41428833,0.40818321,1,neutral,936c0186c1dcd883f96482cd503031dcc9a8e3f13e530290c741bf26784f1459,2,1
test:7838,0.35530831,0.42864329,0.21604840,1,neutral,b7425fc66bf46b77e4e936962230337d7e9689fa7f646ace5d33d4764a4831f6,0,1
test:7842,0.04339588,0.77411511,0.18248901,1,neutral,bb04208446a0d6d5f078b9b050172d188f2ee587dc663f0487c0523dcfd2ba42,2,1
test:7846,0.39640333,0.41500753,0.18858914,1,neutral,978e9d1df0607c60b7e387237560ef8a04715141be8f6cb5bab0a6e92fd39a2c,0,2
test:7847,0.06070380,0.41736274,0.52193345,2,positive,18bf217b0bbf41480bfcf6cc2cc5117885c5de4ff4f93bb7dfc2c81279258a30,1,2
test:7850,0.25935910,0.73436089,0.00628002,1,neutral,0e381ee5985828179fb7c24054903351bfbe2f67073f5d640ca69b0c4596734f,0,1
test:7855,0.18950269,0.31678807,0.49370924,2,positive,c250e3d4ed0051200fe8b66b6640c0455a861551a71418b7dbddec75dea71cb5,1,2
test:7856,0.39395053,0.51910497,0.08694450,1,neutral,5d30871ee4f33018ad39c623bd74dbdb4f3d2e76e63afdc62f96e690b16f0491,0,0
test:7857,0.68721671,0.22160231,0.09118098,0,negative,9eece9a2194bcd7ce3d19e364074a8071a5372e6c345e6c4d11529deeb67211a,1,1
test:7859,0.10914242,0.50456739,0.38629020,1,neutral,ab222bf3efd0eef07b69d0b388edfc52059857944bc1b72e89af5abfc19889f6,2,1
test:7861,0.04403695,0.38897887,0.56698417,2,positive,ec8ccfd1d74e254fce362588c15f8a3ee6c6a8ec111d8de23993df9fc96791b1,1,0
test:7862,0.05926463,0.40886590,0.53186947,2,positive,1a1e5806feca77a9db9b40ebb8222ca36970f384f74bcd6dc3b3855cb687dbfa,1,2
test:7866,0.16284806,0.68301844,0.15413350,1,neutral,0b34302b24ee2446f20f0467bacdba3da4a6c050f1c178b471ce7804b4704834,0,0
test:7871,0.01309854,0.09384947,0.89305199,2,positive,0460982ab9ad3500dbd2068afef9e2b6825c585e285db59eff1652ba6fc1d5d6,1,2
test:7872,0.12409395,0.43535829,0.44054775,2,positive,236a355cf7a6212b0ccdec9c8f9266fbae27f991b78d72550d3f933e90f1dc88,1,2
test:7874,0.26899729,0.51678100,0.21422171,1,neutral,7dbf76d252ba5faafa11c27c0f01d167858f276e0f8a44f024bd25e3c09c6242,0,0
test:7878,0.06555323,0.76310194,0.17134483,1,neutral,d22f8ba6fa4870b15ac28948168891f250903135598b9aa106f687acbfc12d0c,2,1
test:7879,0.84346735,0.12241466,0.03411800,0,negative,84ac8a08245132a1fe1311a59406795916e5c933a0dfc0001eaeb6c3dac1af0c,1,0
test:7880,0.25869138,0.68337058,0.05793804,1,neutral,b02e68bec82c9d5b037d0585e443ed26ee7f57ce66551dcee84237e8320b461b,0,2
test:7881,0.01620964,0.08123253,0.90255783,2,positive,3bc4b7f706277651c7cb297132fbb4cc7363e299ed298588d3d0794c283adac3,1,0
test:7882,0.14444942,0.75222358,0.10332701,1,neutral,32fcfe14e2339b0cd298acbc8683876a647d4984288762b1686c745f3f2a2fd2,0,2
test:7884,0.04440212,0.78705035,0.16854753,1,neutral,c6c2365887487d9e466511d3e1efe6e5c8011820d5469e1e36061b92ac06f862,0,2
test:7885,0.30760252,0.62088879,0.07150869,1,neutral,df9f918a5d919a286b88b7e5e908e72b4153cc7068364a3342b964015c90bd60,0,0
test:7886,0.34893123,0.41734949,0.23371928,1,neutral,2df2bf027e40d38d62ecbcad258def0bb164b71abc36824cc865ccd3f947c98a,0,0
test:7892,0.28893092,0.60773397,0.10333511,1,neutral,fef62ab3eb0a9f86d6553bb044f71388e8126df239d29225f06e3d7fb3059398,0,2
test:7895,0.25925661,0.36289875,0.37784464,2,positive,dbd7fbbfc2c0fd53f21819ccab5384e9c14a33babe39f6d2e087bf61031359eb,0,2
test:7897,0.35160471,0.29606857,0.35232672,2,positive,bd57d7a0c05c2b3a78a458cf9fd0bebd4368df109254f74a4992de97dfa46f91,1,0
test:7898,0.04888387,0.31709275,0.63402337,2,positive,b09295ddc5e65c840a89076781d38652ebadb91ce4aa2f84a4fa4c2dae49486d,1,0
test:7899,0.33573174,0.33197743,0.33229083,0,negative,342ac268454398589aeb2dedd9ec5d72afc3c8ca88c9483fd70b4025284a1a01,1,1
test:7901,0.28597585,0.30804247,0.40598168,2,positive,03784a8e1b6b8610052cc30e81fadf0df7e094715c68b592cbd80818733ea83c,1,1
test:7903,0.19160351,0.74913999,0.05925650,1,neutral,607a408ef584ccea911a32116b5a9777788f6b5d11ea8385ac89e4249adbb441,0,1
test:7905,0.51111303,0.36385954,0.12502742,0,negative,c2c6c78f5c694f280e0f7dc1ca650fe2cf0a9934125494003c2dd0a3d686e65e,1,1
test:7906,0.26971440,0.22609749,0.50418811,2,positive,6fc803cbca1811aab857a6809b4cddbf9d03b20d4d73eaa625ee50b4fa217f5a,1,2
test:7907,0.04218075,0.87052605,0.08729320,1,neutral,622c8b6e93c42e890021967701b24b80353d7bba04c3094becee5729b7fb2746,0,0
test:7910,0.18477166,0.52930494,0.28592340,1,neutral,d5b1e1a1facb1eca64f5572a84c24fbf11a67204dd32de4ec47bb40e5e283dc2,2,0
test:7914,0.17757931,0.59709335,0.22532734,1,neutral,794e5562acedcb61885257797c9053d016dc01035f106c479ff815b8eade0875,0,1
test:7916,0.03637003,0.68223141,0.28139857,1,neutral,9f6f4cf40e4d4047e4730dd115a099418526e9abe72b97270b121b0b5fa2d341,2,2
test:7917,0.01379286,0.44304226,0.54316487,2,positive,c3e5eccc987c4b49a760945e9359422e237aa39efb79661d3175c9f4fe7d31dd,1,1
test:7924,0.04301477,0.86068285,0.09630237,1,neutral,3505da24516f6002f163438da9f9da7a1da60646ad203636fd7d71df7000d484,0,2
test:7934,0.13410765,0.14721964,0.71867270,2,positive,9ca62ceea0450ba6fe7d36262fbfd51e7cef0ee2f5a2b371ebe56eb093a8868f,1,2
test:7935,0.07029663,0.49996836,0.42973501,1,neutral,4385f80182ced52657e0e8722b52fc989e106ea3498c697b1fc6fc34c3ffcf49,2,2
test:7936,0.46285178,0.47473308,0.06241514,1,neutral,640054b8ed3949cce054f25ea5ca03b3f12633328c19507ccc69eff1718b8e33,0,0
test:7937,0.05985014,0.67651202,0.26363784,1,neutral,0f2117a68088978b48207236236a7969ba66dd85265bae013618869f1ba76faa,2,2
test:7938,0.20324281,0.58922039,0.20753680,1,neutral,6613db171b3b7396d76537271dc719a13d60dd49ea13513b18ecfd20819e9a16,0,2
test:7940,0.03124241,0.94038713,0.02837046,1,neutral,41089fbeda7d0a9af08ff99d397697c7d881762ab9a10c865da7ca5a48aed2e7,0,0
test:7941,0.14307759,0.75329262,0.10362979,1,neutral,c781578ff6949f5c2b6e64405dd77b68258d4af6e2cb8d4a2e5678730e583f6f,0,0
test:7942,0.09166123,0.83302468,0.07531408,1,neutral,c4b8b099956bb9a5793dc3a1c4ee71b89066905dc04bb5c1119f716f20681af9,2,2
test:7943,0.14077482,0.83530946,0.02391572,1,neutral,9d49ea435dc03e99541cff74f65bda790752295ff13f1dae2982f1c21a69461e,0,1
test:7944,0.24801298,0.65638906,0.09559796,1,neutral,1ec10e7b8b7951edbbaa9c9a9b9b8c0883365f4ae11d35b8f5924987a20d45e5,0,0
test:7947,0.07675667,0.67103069,0.25221264,1,neutral,b80936977036a86da5cee21fd0d05eb51065fe5e05cb22b8091cf4ce5aafafb1,2,1
test:7959,0.05785663,0.55436306,0.38778031,1,neutral,8ef58ad642e1fef7313c6d9cb777d8f532a87f49a43ed61f785497ee5c598708,2,1
test:7960,0.06310529,0.06275673,0.87413798,2,positive,5b8dbf29773d05eaf0a6e35c2a8dae1916a87e9b852a9e3316b23224290d1538,0,1
test:7961,0.17423954,0.76500481,0.06075565,1,neutral,d3b686e14966f6af6eba12bf7754be0a6b9bbecd1e716fdcbaf049341c6cf5a9,0,1
test:7967,0.25774433,0.66634031,0.07591536,1,neutral,901043679697626a87cad47be9ddfbb2bfec358bdf357d77060254bf54446470,0,0
test:7969,0.05859068,0.90535981,0.03604951,1,neutral,01837fac29a391364d90d67db0135a8a7ab201d88baa8e7eb89e1054305faaba,0,1
test:7973,0.11124732,0.65105778,0.23769490,1,neutral,856004590f77185412a1f997efce3f3f3a8ef0f5868de90f53c71792a4c646ef,0,1
test:7976,0.04838007,0.87005760,0.08156233,1,neutral,684bb5d6022781db2d7e087ae86cd42776418aeeadf7ff09000eeb6ce7114088,0,1
test:7980,0.20265554,0.34791781,0.44942664,2,positive,cd85a5347fe90317103120cee00df4f44ee1d435c0f4f6d6c97a0ed265678754,1,1
test:7984,0.18815177,0.54978232,0.26206591,1,neutral,1ac3e8488a4813db40d5e7a987ff3eb982c98a2abc96d19d18b0c795deaa1b4a,0,2
test:7985,0.15159382,0.65825980,0.19014638,1,neutral,596200b93e278598ad968f77cb1f04f65e7bc325fbcce8e84cd0560bc615c2b9,0,0
test:7987,0.16401203,0.27241149,0.56357649,2,positive,7a8a1d116b3de55de685f60b046927be40ed0fd06d242f8c637f08044c44306f,1,2
test:7988,0.85847041,0.05419786,0.08733173,0,negative,16508546a860ecbf9c655aebcd1283012566653b4fbea0881f0a01deb51be3a4,1,0
test:7989,0.22259146,0.29260180,0.48480674,2,positive,1c14ecdd54922a292de22021375cb3f3fe2f53962f64a7b3725477d77336b2d6,0,0
test:7991,0.41455803,0.50501775,0.08042423,1,neutral,f82c9d5515ee750f0a1e0bcb3e2d6f65bd7f1dc0b5d560ae2091b0a56cdea822,0,1
test:8000,0.03612499,0.00816053,0.95571448,2,positive,7128f48737064c603b0857aa72b435605ecd49a8e6de870453fb7232830e5c91,0,2
test:8008,0.42968418,0.49676227,0.07355354,1,neutral,9b8fbbbfcdb2296dd3e751c3fce2848d4fbee118f234d65a30d08e2e7d9ad640,0,2
test:8010,0.20281943,0.68288621,0.11429436,1,neutral,b9a02671bfa9146be826e16a0e6430ae9d97a157ff1209ba078139048018bf9f,0,0
test:8012,0.06786770,0.60343249,0.32869981,1,neutral,45f393cb6926e84a980a81748622f494b0321c6b1a6b9aa238c29f05f54f91e8,0,1
test:8021,0.26243784,0.69626946,0.04129270,1,neutral,747360180e97ae6b50939d830e268d53b2a3d55fa3cd818f30df43931326941b,0,0
test:8023,0.11667108,0.61631244,0.26701648,1,neutral,387cfa8a7e30870d4717704b64815fd277a4838da487d7ad998f058d6625a573,2,2
test:8024,0.12887237,0.82670185,0.04442578,1,neutral,58e6688986061817abbd527c5ca23d0aec5ef46439c1547d26bf5a4ed17e9717,0,1
test:8026,0.13051406,0.70989771,0.15958822,1,neutral,b4fa1c7b153f2c6517640eb7607deccce1909f64cf4efd7f347c9d81e05e4e4e,2,2
test:8028,0.57227992,0.17583334,0.25188674,0,negative,702e6eb560b0fd3476635d9c54e38e22b7ca80840cd3be8cdea337810b49db18,2,2
test:8029,0.10436754,0.77587144,0.11976102,1,neutral,64c4088ae192b874621138b0b3cff427278225374fdfde0db0d40733cf008e39,0,1
test:8030,0.20947089,0.38897862,0.40155049,2,positive,225db2fe8fcc990826893c9adb0fe4b83ada2f4c7f1a223f1029a163185ba5c6,0,2
test:8032,0.32374008,0.41787770,0.25838222,1,neutral,21a2d38979c32d0343ea8bec4d43caaab551f7e73e4c166682f57eaefb247f72,0,0
test:8034,0.01887560,0.02444741,0.95667698,2,positive,94afec950b9af34e14b6d59f9bc01af63e4aff08677ae558377ca2ba6a622de8,1,2
test:8035,0.06519189,0.72616263,0.20864548,1,neutral,92c18c91d2636cab02662ff3aa9426c262b5015ff6be659a238c0a13afe5d4d4,0,1
test:8039,0.41960899,0.49655260,0.08383841,1,neutral,a60c96d8d53f0b29f1caeef46c9c76b8d3dc2953fc8888b29e8c6ada6a5352c9,0,0
test:8046,0.17700442,0.49480287,0.32819271,1,neutral,ad8eaa1c28922f81a112535abb614b6bb6b768ae085fe6187f8c8634414437fc,0,1
test:8050,0.81504403,0.17703121,0.00792476,0,negative,3f85eb7ca325ded906fc6e3a419f3c7dd3e306c30a3a85860d6f90b62bb2d3e4,1,2
test:8051,0.23836063,0.44449125,0.31714812,1,neutral,01de24f8d9163b7a4974286f872d88e7b8488b8768efa8670ca63a6deaef92ca,2,2
test:8053,0.05824821,0.08546038,0.85629140,2,positive,49255f31748442d114f8164108c2c9955334ba2abeecc9302a7a2cdc89dd3cc0,0,0
test:8057,0.26620731,0.53104788,0.20274482,1,neutral,98918a6bda7e9c4507248474baf82bf14841bac26fdd85265648572527ce4e3f,0,1
test:8058,0.41573818,0.35328932,0.23097250,0,negative,717865ee9b9a4b2ce0cc1a970c370c6e654a4550a176c80957a26bc4e1fb6e03,1,1
test:8063,0.12338301,0.57129827,0.30531872,1,neutral,5bef0ce3d0df6ff43a0a00f7d1d638f767314df4d176d37653404f5f680edfc6,2,2
test:8065,0.30424854,0.37971460,0.31603686,1,neutral,ac1450e65e9aa1727ec20b3f3aab30ff3e5744010e3bc0ca4715d607a46f036d,0,0
test:8068,0.12530237,0.63807536,0.23662226,1,neutral,5d8e20e45e271cea13248e2a583d80bbd2a476e3f0d8d89370d3ebb619720f53,0,1
test:8069,0.05533538,0.61368588,0.33097875,1,neutral,e9a6ce393e6d1d555be61098ee830cfd9c61232576310e6951b5c9c895923183,0,0
test:8071,0.25708202,0.54849738,0.19442060,1,neutral,16d0aa94afd79f23059ca90c7e8092fffe25c71980a9bc76178d8d434d364b22,0,2
test:8075,0.23032386,0.50794030,0.26173584,1,neutral,612f71e8f1d89657843355d9799679a31297c8c2a21451c48abd35467f1e477d,0,1
test:8079,0.14212712,0.32178709,0.53608579,2,positive,ab5e30798b46b86182ec7e3b8556c82a7a780f20d29e6234b4a9e9aaa3d8b588,1,1
test:8091,0.19281975,0.41859713,0.38858312,1,neutral,453d85a74746ba834a110987b7d66f528d8f11a09062996ffa84c07d5aa7061b,0,0
test:8093,0.46177286,0.39567161,0.14255552,0,negative,112ce8d5cb6240f0edac4ff5cf282e5a286ab50f9b8a1ef55214b3b11a95eeff,1,1
test:8094,0.33887766,0.51981471,0.14130763,1,neutral,ae5296eee4539543f7670afb164113786ff79e2756d54d81e894e31cfdb5b613,0,0
test:8095,0.30119916,0.41703657,0.28176427,1,neutral,73be265852bf33fce485a511bb1cbc212930fc74698b8e5edeb1a98fa57290ca,0,0
test:8099,0.07530571,0.38476646,0.53992783,2,positive,62c89142cfd9e381f692d320ed83faddb1ab9877f990851295a31c43ae4e5070,0,1
test:8102,0.04322986,0.42188526,0.53488488,2,positive,1cfe55944c24f56589bc08644e984bc1137cbf9f5570b559010824dc1339a648,0,0
test:8105,0.09898668,0.55703355,0.34397978,1,neutral,034db05f00d4222fe9d8a85c3017a819728333057a8fe4c1116532398b9d1963,2,2
test:8108,0.05002849,0.73322815,0.21674336,1,neutral,8f93d613495e95f841d252f40c011f31ae61be92b8f69ffb1a20a9b50d02929e,2,1
test:8110,0.06814702,0.75998699,0.17186598,1,neutral,2042eb76e9d9e9e6f2b8b7bd0a90885dcf7bdfc3507b54247f990d8ef6932b60,2,1
test:8116,0.26077702,0.65005141,0.08917157,1,neutral,ddb14a0b3b8b4a186b2f09e34dd994386eae544b158c1eb94db0b949232872ce,0,2
test:8117,0.10927727,0.33642254,0.55430019,2,positive,0276184d2fef691039ce3b1f42e156ecaff53125369590007d4e4a35e896495d,1,2
test:8120,0.14217422,0.69137071,0.16645507,1,neutral,80da4688d34e332548a41f81755a7eec88dbff99ae88e7c32f33f538527191b0,0,2
test:8121,0.35754476,0.47602544,0.16642980,1,neutral,2342505a9fe6bd077b4807607dd76ee029a4537f9a30a8051eb60ea3a40c57f0,0,0
test:8122,0.01193885,0.97289198,0.01516917,1,neutral,76d0e8c4ab254d2ca6a62e9a34494e2216136feef320f4a395c9b93edb008bc3,2,1
test:8123,0.35328907,0.38130774,0.26540319,1,neutral,d4f6007292ed09cc53f14f25fa20da2feb2533c79fc1007d45134d225e42d15f,0,0
test:8124,0.06022253,0.71566222,0.22411525,1,neutral,007bed0148745cd89e6f094fe557d21fbbdc0fdabaaec14d732c19dc8c82fd95,2,2
test:8126,0.08001558,0.20090926,0.71907516,2,positive,e43ece8e70b84a33324970d7a30770403c8b0f5c84e1b6c705898e56d2438a95,1,2
test:8135,0.18616941,0.66649652,0.14733406,1,neutral,bcaff6c8b14e7ab76cd5838edd2c460957af047be358d24802b611f6f0da24f7,0,1
test:8137,0.10914356,0.75693143,0.13392501,1,neutral,2507c30e3079d7705d38313ee77e73bda9dd0218a6e7bc713292b1b89efbeefd,0,0
test:8140,0.70147437,0.04992137,0.24860426,0,negative,d269174d82c040a970d3f08efc065ef87d27a26ec5db6dc562fbc49635a22a72,2,0
test:8141,0.50894595,0.45244526,0.03860879,0,negative,7abed5645c124a26472a196af53c6c6086bad2ddd43d2d5fc077ada0376b3dcb,1,2
test:8142,0.62325547,0.23787998,0.13886455,0,negative,af3d9342777462f61f348c43d37e9f38001b100494d92918127e56a322eda18c,1,2
test:8150,0.09948159,0.25477938,0.64573903,2,positive,51a94424a7bf4244b0a609f2b88af8c022e78ec2f74692a19451ac72e034394a,1,1
test:8153,0.90719964,0.05762781,0.03517255,0,negative,9682063ffb36bfc699980be229e66257777835d289e42bbdf10f39446cb0f16a,1,0
test:8157,0.44253815,0.50423997,0.05322189,1,neutral,5b7f05eedec629d67c6c9cee850057e788e4bf34fec9104fdf4a8de3b8f6797b,0,0
test:8160,0.41616328,0.45588650,0.12795022,1,neutral,e76e3b957c4416f038cdfab07773969743959c13e850e36df038e65afebea9bf,0,1
test:8161,0.30882229,0.33118544,0.35999227,2,positive,54d559258c9da326726e7f6facd477e3bb470f36a9b9c9f2981a7ce572297b90,0,0
test:8162,0.16984410,0.44389623,0.38625967,1,neutral,e505baa53fe4ff7d0d67f490b872239f6a3faba0a9787e79403ef7eb5c39868f,2,2
test:8166,0.11087092,0.74742856,0.14170051,1,neutral,dada6735b7a18c17f9eb96ef620e06c23ce983a05c5283677cd2193c93c3fbd1,0,2
test:8173,0.04766787,0.07485473,0.87747741,2,positive,e3a9eac106b19093a9fbf55efa494a85d94e1ce940c707b26c0ebb830c4ef874,1,2
test:8175,0.05361506,0.71506786,0.23131708,1,neutral,af38bec9e08762c2727a0b757674956562ff8ddec960b5ea39a3da333b014760,0,0
test:8176,0.12272070,0.30362607,0.57365323,2,positive,43f7ecf90279b396237d56813f8dd3172822d0b71bc83808bba8d01dd7856e0d,1,1
test:8177,0.48777492,0.31222975,0.19999532,0,negative,20caea34bffa55a067fe0e852dd92126219c8ea9df953c326a23cfe4c370c901,2,1
test:8178,0.06937178,0.85103781,0.07959041,1,neutral,ac0f6769d96f264670b3a82b2df846dd78da5ae0c27dd5a66d2afce6da840615,0,0
test:8179,0.08026803,0.30344939,0.61628258,2,positive,1de6ff488df59f8388e18fef9cfcd4d335d4110a3620a3cc81d61ec5aa3fdff1,0,2
test:8182,0.30311932,0.63337362,0.06350705,1,neutral,d9646cd28b75abe46cdf5504e591be14fd9bb3a3249c575aa9701d045afc1b1d,0,1
test:8183,0.04725629,0.79489853,0.15784518,1,neutral,0199d999548963599b965b3e637d0821eb0af3677a690bc474c7d873bb9a0a48,2,2
test:8185,0.36407095,0.55079410,0.08513495,1,neutral,66f6d65b283c90a0e7aa6b2fa95bfa4c3ae6ed55f19f1f19a1ff80d429babc8e,0,0
test:8187,0.06179110,0.88145778,0.05675112,1,neutral,09648172d609b13c4a315c16ac5fa6b24fb81dc59c9af344b2110523963645ed,0,1
test:8189,0.14248458,0.60053618,0.25697924,1,neutral,cf166bc1db935916b7f969f847183fb2aa2919abc607fe991b52672b746f2740,0,0
test:8190,0.10894654,0.87671735,0.01433612,1,neutral,8db2ba5e9cdaf2cec5557233af485b376286ffd6f6ff092b340971f224315e2b,0,0
test:8196,0.08535813,0.65869684,0.25594504,1,neutral,2650d89de74754cf592c2207632a89104b11cee936cd6fb66f7bf72c149102d9,0,2
test:8197,0.05190041,0.45874103,0.48935857,2,positive,298c2b8c978c70c502bde2d2bc96fa4d4cfc7f872c458293189e456b813d89cb,1,2
test:8200,0.02434206,0.05731909,0.91833884,2,positive,794b316d1aaa128d627df81a5fdac823e077f725d08952f3408ce6ff2c470cf0,1,2
test:8201,0.03700391,0.39978537,0.56321072,2,positive,96d6ac48b2ae1cf5634fae0f214fa1f61b8aa830d65ee73b5d9f36749feed61a,1,1
test:8204,0.22477837,0.72311288,0.05210876,1,neutral,9dc54312dd77f93a982a6fb5deef9ff8f0ce6cf146b91ff7deb8bab93e6038f4,0,2
test:8205,0.33342154,0.54618045,0.12039801,1,neutral,41b7bdd41c632116ace9c2091257342a3c81cbe84792e874b823c5e5a02b88fb,0,0
test:8207,0.41022359,0.38243037,0.20734604,0,negative,de40c5af0ec98708a874e8a7ccee0e93ce7c8ccc79fc6e32ee082f3693051728,1,0
test:8208,0.13078969,0.84637000,0.02284031,1,neutral,1f6e544adbb593b870c29e17a70acf0ffaa33d1939b87186b0ccab2a6ac940a6,0,0
test:8209,0.04671732,0.83447203,0.11881065,1,neutral,445828cd45d84d9df9b4e4ca700ae27dbf73400266ecb9e29693f47b7e1c5ff0,0,1
test:8210,0.40351993,0.40070320,0.19577687,0,negative,db0010c6560f857ea9f714c3c1ae3a0235f1bdaf177ec3f668817e8ee0cb0624,1,0
test:8211,0.34384213,0.59085362,0.06530425,1,neutral,949e1a0847e20f2be49fca874d98992f18668aa538b8b5dbfe460810539e9957,0,1
test:8217,0.04520231,0.56288896,0.39190874,1,neutral,63dfef0d90da2aef1f02b6038e3487e589799c4cfe9a86459a441c3ad22983ea,2,2
test:8220,0.11667108,0.61631244,0.26701648,1,neutral,62204a92ecf1c47e15b7b57d2b89e84ab985c4b05018ff21163e9f07016986a1,2,1
test:8221,0.01874691,0.12431851,0.85693458,2,positive,eaf152db55b6744d14beccaa161cb79b090239e61eeea4ca753c1283ddbaebe9,0,2
test:8222,0.05890224,0.64950771,0.29159005,1,neutral,e3da25dee929b211ca27c6f19783cd8d95dc793612e894749718245bffdc7492,2,1
test:8225,0.19492539,0.33548154,0.46959307,2,positive,d6f3ae243703b16b8d614e3a6af40fb55f0e0db6ba0423c48de3a648e9001710,1,1
test:8230,0.23875780,0.64499494,0.11624726,1,neutral,67662d7336901abb9d7525dcacea1d7820e02f1e9ef115f3683fa925d7aa93be,0,0
test:8234,0.66071989,0.32026681,0.01901330,0,negative,06669ef7a8a7b37426ea617934481bea066e677508dd012aa26769103ca04bd1,1,0
test:8237,0.61509410,0.12956305,0.25534285,0,negative,3dc9ac93409509cff86d1d0bc45e0505b11916150bc58e1a36f5882bad4c055e,1,2
test:8238,0.06273024,0.27074828,0.66652147,2,positive,9d169dafeb8eb84005c5082ff22b8244bd26e0c3b9d681bd5bda7595eff36836,1,1
test:8239,0.35145281,0.56438396,0.08416324,1,neutral,c95757cbb6d3d5ad3e9905acdf4936d1275dee74ab374ebacb03399521916df2,0,0
test:8240,0.41606829,0.44167273,0.14225898,1,neutral,6404797fca5775101c3fb204d07475d307759724a95122ea04f43eea08fe6e53,0,0
test:8241,0.46248057,0.23008990,0.30742954,0,negative,7c8d81904bf1ab5a147fdc8f4ab63490d43c6d56b7bf4bffe2e1fbd47b668652,2,2
test:8242,0.17744611,0.73275272,0.08980117,1,neutral,40a3760e682fd0a755eea58fcbd9793b0b758917af2b4d25a90b2eb5ddba5acd,2,1
test:8244,0.27882470,0.30421777,0.41695753,2,positive,ee0ef819a97bdfbcff31762b7fca38d122716411d2a53fe2a4bf2d6b3f95f277,0,1
test:8246,0.12250895,0.20840375,0.66908729,2,positive,2ba96ae9a810e318727c3447194f12067837b4741b6d849e4e3a8d4ca8290ace,1,1
test:8247,0.47909331,0.35315809,0.16774860,0,negative,78c637fd59fc91a518adba8f691b70e953f24703019100f7ad5df9ef46ad6c1e,1,0
test:8251,0.14671586,0.69458665,0.15869749,1,neutral,d18921df405c2a5ea698f03c6b545ade80d9a162f6394f41a7d7539ea22c2076,2,1
test:8252,0.04621734,0.46348505,0.49029761,2,positive,8ec7d654fcafa65c15e0d5cc558cd87341b183f5825bfde6b88f943df9838144,1,2
test:8253,0.70384274,0.27613038,0.02002688,0,negative,d282e90460cd3448fe95ab2bed73fc64ebe7d65f0cf36007a6bb290f2d794984,1,2
test:8255,0.15023172,0.72601284,0.12375544,1,neutral,c2721ea58fbe6f64d44a193385e95c3e68631837cb756fa8fe9d9e62d7152efc,0,2
test:8257,0.03204354,0.35732339,0.61063307,2,positive,36ea89f1aed5a8c59ef78f5577ac6c09711f21fe058ac0ad46faa707c8b1488e,1,1
test:8259,0.21159332,0.62804582,0.16036085,1,neutral,d6635e1a1333e081a9a6bf29958ad60d28d4cbc866e148a9b1bec498d378a505,0,0
test:8262,0.57607428,0.37137292,0.05255280,0,negative,3300e43fc53d5a10a7f456d7d46de65b2e304137977b04c9feaa7b5b53c7b045,1,0
test:8265,0.27418877,0.28241528,0.44339594,2,positive,0fa876453de412a108ad0bbdc72270dbb9536c86ea133dd3a8618fe0642deee4,1,2
test:8266,0.08198533,0.83193846,0.08607621,1,neutral,f9261e516d4da38a0a7444699f8cb7de2c66220621872fde660e055752428b58,2,2
test:8271,0.13731494,0.45393519,0.40874987,1,neutral,8b2a70bf9b6380be36d955964e020437ab09b53b49eac96d172f241828b94af7,0,1
test:8274,0.40421167,0.44742830,0.14836003,1,neutral,1405e5559292ae5e0d14aede3cfcdcf8b7224bde5ab7e6bdf3715506c2583bb4,0,2
test:8275,0.32558255,0.29642314,0.37799431,2,positive,7fe6ce4ca262981662fda4dce0e3934f1814b30966661a4355b55eab667c37c4,1,0
test:8277,0.04128012,0.91252102,0.04619886,1,neutral,51b3325d6455946c23d6c4ceb997639728652c3209296a0820691b9b7aae5404,0,1
test:8278,0.77770869,0.18110070,0.04119060,0,negative,0efd801213a6a75dc48c460bbb1d4643fcb800421370f8033aff0615852ce4db,2,0
test:8281,0.51338109,0.40916382,0.07745509,0,negative,9d9c8daa4fb3f29882a9a0e664a7420550963e4f2ecbcf7e8838d62c517c1576,1,1
test:8283,0.15005801,0.81931971,0.03062228,1,neutral,70bd5e710b452f67b026147fa4af45d1587f7602570c9f3dc61c06f976cd8eb9,0,2
test:8284,0.13708799,0.40682268,0.45608932,2,positive,87b239859be5923b57952d5b4cbb4a0e5bd55a57b22a7ab93f32f26e4be27a94,1,2
test:8287,0.09717857,0.78292548,0.11989595,1,neutral,7c376030978661bf46060d20aefc3acc4270e32e6f2364563611eb112809c347,2,1
test:8288,0.32978890,0.15668435,0.51352675,2,positive,a1d52964bb67c742dae98c820af777712f9eef17779422b2b1893908f82dec47,0,2
test:8291,0.18836352,0.71461932,0.09701716,1,neutral,8cc0429d89deffb843397e0e1c8ca433ebab920d61f5719626349f9e14920edb,0,2
test:8292,0.45593670,0.42905176,0.11501153,0,negative,c65c714403be30439e9da84ff82b5dfc72fe25e1c5804138ec535720fde4f414,1,0
test:8293,0.46206875,0.32125966,0.21667160,0,negative,16d28c9b7b17d5e59777cf2e5221e6f47a3a02b4cf9aa4a40fbdafbfd8f7f128,2,0
test:8294,0.35677912,0.59973316,0.04348772,1,neutral,98242a768fca24e92867abf900a865daaa37b97bc31b0fa28872bd5554266f15,0,0
test:8297,0.15715385,0.55094968,0.29189647,1,neutral,12b07f2943df6f83d23704b3b8de6a769c46d5240cd75fcc9d5c0fd66623ecd6,2,2
test:8298,0.02930686,0.78526502,0.18542812,1,neutral,0adf762d618a152321d42e5206821f3c98dc2a62583c7fcd1ce859cad3db56d3,2,2
test:8305,0.54410533,0.43284074,0.02305393,0,negative,9773b471e6493d2bf48ba6e405a82f4046cae17acfe5771b302fb8ab88ff8c9e,1,0
test:8306,0.29308614,0.57134420,0.13556965,1,neutral,8deca551cd05813beaf43b929a05c9196a69786e67a47a4c9ab98e8a2f66950a,0,1
test:8308,0.45304478,0.38953479,0.15742043,0,negative,843f5fb7650a87c7ec3dccd2ff341933f741f620b4947448387a9ca1e069da7a,1,2
test:8310,0.20147246,0.33927804,0.45924950,2,positive,34f08a71758f20db624689819a498daf3a90c23f1190f560e9556ec959a564c8,1,1
test:8311,0.32115076,0.46885007,0.20999917,1,neutral,b38b538d31edb904ddaa092ef37dfcdeb3e3e2701f1b6b815c289fd372f645f8,0,0
test:8312,0.39244885,0.40817240,0.19937875,1,neutral,b2ede8d8d68cd14a21a622f3fbfa66ab66dc5b9b24d4ecf4dda60299b4552870,0,1
test:8317,0.56736177,0.34718067,0.08545757,0,negative,ce35aa32f45a69701c232a64bcdeb6d43dc6ddc5e02f368577934f9779e7f57d,1,2
test:8318,0.56066674,0.32405517,0.11527809,0,negative,14371afbe2d123fc04c3177350b5571232751d266ea2cff10fc51ce04de02a0e,1,2
test:8319,0.29486477,0.16394049,0.54119474,2,positive,0927981c55e4304a3f44d4a73ea19ca2eb0395b3163ad55cadc321d82e543883,0,0
test:8320,0.01562956,0.32495949,0.65941095,2,positive,16a87156471b4e7c461154caff244430d179812530310cf5e6e37e5f07099611,1,2
test:8322,0.06388732,0.06098000,0.87513268,2,positive,52787855c9758dce348f229335ce4a9851a2ea977e50b700af76bc5ab87d61a5,1,2
test:8323,0.09919629,0.46417133,0.43663238,1,neutral,f64c31981928b84cbfe0e2477187f36f01fe36e85e07e93d4c75ca0b10ab1fc6,2,1
test:8326,0.20347306,0.52623784,0.27028910,1,neutral,e78c09e50efc6f38270d19e528c60d1060bc735726c06c442d7d388d49dd5f8d,2,1
test:8327,0.05492570,0.46341255,0.48166175,2,positive,f6e5ed4ec85c13cd0e47018a46bc968af2a9c53e4d9d1a003bd32080b2653054,1,1
test:8330,0.30439378,0.25172316,0.44388306,2,positive,41c65fe68dc4f578dcad10007139b15aa6060dc4b33cbe970700e565704bd9fa,1,2
test:8331,0.04075546,0.04034741,0.91889712,2,positive,0b8160b23ca4370be0eddb25981535e1105c1a472069a3d739ddb29f0e06e63d,1,2
test:8333,0.53630055,0.31505555,0.14864390,0,negative,bc287782bb7f17f85a07df0906178a076e73c81dfa14b1309e0413e98c4cc6a4,1,0
test:8338,0.06836905,0.27552086,0.65611009,2,positive,1ede74d56139b42a800f13509ff07be517e57917c1ee3085826e271250836946,0,2
test:8339,0.12292598,0.40957120,0.46750282,2,positive,f82b7665df4342b88386bd050ed5609c239c4eafb1f324a046a23fdd4a87d698,1,2
test:8341,0.08490074,0.02349647,0.89160279,2,positive,2ace867e658fd74cda55baf8ac989882c35b6be40ad6b7d891d77f332bcd151d,1,2
test:8342,0.04669204,0.76685146,0.18645649,1,neutral,1c675707bfea5609bce847e6a3ceb24bbdc7f5828dd2c0b3bbd4b966d960f206,2,1
test:8345,0.04029687,0.57039468,0.38930845,1,neutral,b50eb48c33c9c160242d4bee8a8e4f68969e7d63d1cf66d2df49eaf45c4e2545,2,2
test:8350,0.39176400,0.42897222,0.17926377,1,neutral,a23440213d18c239c2aac25c29430d227baf743c99d294e8f3aff21007fe2c86,0,2
test:8351,0.44325207,0.35303253,0.20371540,0,negative,6e9697e6102c4859716f1b3c883604df3281d96d948e7542bbc8f3327d15decb,2,0
test:8352,0.68730430,0.20723229,0.10546341,0,negative,2f854e91022a28f1dace34055ecdc87959bd01de92296961436d9f2a9cc9aa7d,1,0
test:8354,0.12812554,0.66899467,0.20287979,1,neutral,fd7fb2c90ccd38f70d4335364be7b1322d4b3f1f73cb49d9509c700e35f0bb80,0,0
test:8355,0.20315645,0.71477472,0.08206883,1,neutral,4c01c112a80dec8561f491d958e90db7e762f348956fe3748304edb03a9d57f6,0,0
test:8357,0.11220928,0.80772016,0.08007056,1,neutral,2de676780f1177a981bb84587ac1a73ef5308553e7e7d18c8eca220dbbe5361a,0,0
test:8359,0.62539729,0.06436483,0.31023788,0,negative,8f9b612941e60a487d46c73e8d6227c4ed8a75ab26ea1598ad0c20202ad67d82,1,2
test:8361,0.50690836,0.26966987,0.22342177,0,negative,d47face77adc01a84e17c8426837ec7f23b41c44c942c38cc43b5d382be0de0a,1,2
test:8362,0.37357210,0.60392896,0.02249894,1,neutral,341403d1a910e427b36f0e034d4ee62804e49a6aca80c098f48255759e02ac19,0,2
test:8363,0.08157334,0.30546691,0.61295975,2,positive,93253a0501ee54465806e73a3e0acee4569613b349bbd6dbc37aefece03bb48a,1,2
test:8365,0.07324593,0.62785096,0.29890311,1,neutral,991b3d58303c0571636450e4cdc2586d2b73ef355c2d46ab3fcce894e3346e92,2,1
test:8368,0.46258735,0.44636940,0.09104324,0,negative,a228a81bf93d49c4a6001e839650ef822af3a97ff16252d32cffdc8a889f4753,1,2
test:8369,0.24264520,0.64556927,0.11178553,1,neutral,560b97f71f30ade227120fcf80b4df3e85096fc3fdd52cc28f03f9758ba62e66,0,0
test:8370,0.02314245,0.27517667,0.70168088,2,positive,ee316361860112eb5bd42acc686852a92f7d3ac5565bf5953b01645759d3feac,1,1
test:8371,0.29833306,0.36090439,0.34076255,1,neutral,6d386de8bcecf35296085aa0c6786ad9612196fc315c7c1b9d4e7a1c663c3f8e,0,1
test:8372,0.46654294,0.19678866,0.33666840,0,negative,9bad8b05db1f0bcae8568bdc81bcb8be2ef00bc998197f6b30e1f04de89ee193,1,2
test:8377,0.21791422,0.60603708,0.17604870,1,neutral,1c6690c0151135201ecd306229505cd174ec5090c172dbec5dad31164fbef185,0,1
test:8382,0.13884476,0.19341323,0.66774201,2,positive,4fdc09d6558ae2a14ee81655e96d85863a5f9ad26d22fe891efffc603b22bd65,1,2
test:8383,0.76918168,0.15296527,0.07785305,0,negative,f41ced4d756a97362001e2f6280e891fe1304d09eb284d7c5f56371dd72ddd70,1,0
test:8384,0.06555459,0.50741403,0.42703138,1,neutral,cb32ca2f30834c883328d1a7bb218fc4514a86447fcb59957d74aac0a947276f,2,2
test:8385,0.15906602,0.79277200,0.04816199,1,neutral,9a3778c7bc25f909b0a828c8dfd79148f169056dc00e3f96ec4c8af59870e91c,0,1
test:8387,0.38429454,0.51236080,0.10334466,1,neutral,d3717b617a31c34fac39adf5171cf02c37dd936ef3ede8d50fb3a0b3f090bb5c,0,1
test:8388,0.13295138,0.17026537,0.69678325,2,positive,5f9644cf7d3a1bd9c16423bcad9813845622fdff2ad2f2e3e3018d4ae71597bb,1,2
test:8389,0.35333718,0.59938856,0.04727426,1,neutral,e338f9f349d21dffdc92acee4c9fc65ba5c4b468f941b964d95b9a8011155f42,0,0
test:8393,0.58455259,0.27822980,0.13721761,0,negative,7b4522d2e6eef5ef79c4c9ae0f66f61cd562ec454ad8c3ef88d155183637cf7b,1,2
test:8398,0.41037780,0.52661433,0.06300787,1,neutral,ee15b3226aeaf3887f15a50095edf8d4738aa704f71c6ea1b71e0117623e2cbe,0,0
test:8400,0.25665307,0.31933286,0.42401406,2,positive,925f99c60794b95c60549281007a333174e17eaee43dd82e7f217a455ffa8bcc,0,0
test:8401,0.20735637,0.67307671,0.11956692,1,neutral,f69c5695a90e6493a2aacf8debf6ae0f31ef8a0f3109d065c9d6420192191fc1,0,1
test:8408,0.04225720,0.70101624,0.25672657,1,neutral,65a71e7c1427b1f2deaae13e67b95259e053752a8a8053a1f6bfd83897c742db,2,2
test:8409,0.09409719,0.50243874,0.40346407,1,neutral,30064a096a2c97bee7864af079824a33e7d2ed1f6cecb1e27ef1215cd9c4ece3,2,2
test:8412,0.04832093,0.19015128,0.76152779,2,positive,00079ba106d8ade8743af36f2f94c5bc7e4e724c1a8da5480ba96d660c896ed8,1,2
test:8413,0.12674494,0.78877366,0.08448141,1,neutral,b7d5b93a75d57777162685ade77fa5b5634a7024e733dd979e83ad3f6f917c44,0,2
test:8414,0.39318552,0.34195088,0.26486360,0,negative,7a26a217b1519b14772b933c2dea1fc33df907e76bd1fdf2bb853d372e7b6ebb,1,0
test:8415,0.06533954,0.81058742,0.12407304,1,neutral,22d93580b5c5ca18a3c589a7befbd1c8b9531cc6f08e56315ddbb30898a416da,0,1
test:8419,0.24560636,0.66188116,0.09251249,1,neutral,157d5502bdf84da974a27e408f23313efcc4b31c10b1f1d73a74b8593b51c980,0,1
test:8420,0.20614767,0.41081347,0.38303886,1,neutral,864951be97bdec2f764084898e303842214721e540ef3915d93a1470357f7d9d,2,1
test:8423,0.35795270,0.42415212,0.21789518,1,neutral,008af39491d880132eece8ecfff5a0f02785df501352721000d6ba806bb37d42,0,1
test:8430,0.16113746,0.41192035,0.42694220,2,positive,b5c2f26a031c1f21ade1068ebb089976fb370fcc427ee1bee28f38303d6cde22,1,1
test:8434,0.06086973,0.75153101,0.18759926,1,neutral,bea21c78b8730b69c6969a1dcda0623857f684d2ecea3e36da85a06797092b24,2,1
test:8435,0.32581336,0.62463336,0.04955328,1,neutral,22c0e71b9247bce12253cd0351e04bf9af3322b6894f21c9e24b9b662a81d083,0,0
test:8439,0.56232599,0.28442507,0.15324894,0,negative,e38de4975fe0e4c056b5dc3ade315f3746e383b4a1047697dbd2adbb87458038,1,0
test:8442,0.11349207,0.41747073,0.46903720,2,positive,971eb766804da12f2f4317fe4bb47dd091331327c32fade06f518bead454046e,1,1
test:8444,0.48059992,0.37151704,0.14788304,0,negative,589d19dcba0f01fa54d2b12eecc0ac4d2b1dfcdbd094eb285458623b8599ee02,1,0
test:8445,0.26595912,0.64346792,0.09057296,1,neutral,a078eef03cb3d41f36933b355bd7153ba39b51484fddd02eea2bff2b5e6ecec8,0,2
test:8446,0.12157615,0.36511857,0.51330528,2,positive,29c3d962d5bc108a36326bb946b525c484f4c7ad6de206c255de41183c43b0c4,0,2
test:8447,0.18498936,0.52879139,0.28621925,1,neutral,1fc88aa3da9d809339965215f7eb4b0a519fcd6d25a2820d447a2fa977380ac8,0,1
test:8449,0.11891987,0.80251029,0.07856984,1,neutral,a3a8b1c454b3a14d9d052cdd9083dfc33e97057f7c8022e073f6507795ba1904,0,2
test:8451,0.83174074,0.09025184,0.07800742,0,negative,d7eefb32c3fe475c067cf043aeb13ac6f972d7098f8963eee4d3ed9591e23083,1,0
test:8454,0.27138714,0.23142292,0.49718994,2,positive,504a056125e6c8b80b259759e2cef8ad6152edf4c034827321f2d90f5c1cac7c,0,1
test:8455,0.33292811,0.40150898,0.26556291,1,neutral,3b80daa97d63bc7cd4db28404e3acd83f24e02a302b27cfb945c2e892e54de16,0,2
test:8458,0.09070196,0.76568611,0.14361193,1,neutral,da3ca8e33648bf0f63c1c7132d2e44c3d141d7843f95f636ace3b1b3351cc2b8,0,2
test:8460,0.13029783,0.32544952,0.54425265,2,positive,b0b3f153b72f20c0609f69888f7721e1cd5e08959c4ba623e2fa1c05bb511331,0,2
test:8461,0.06829246,0.89194427,0.03976327,1,neutral,b5816c0c1bf46295b96de7f96b77291942f35387dfe9d88516038b1ae91d0122,0,1
test:8465,0.17596444,0.55340055,0.27063501,1,neutral,9725989af6a3d410108591189bbad3e71a2425e843b2ed97642e8cba68425623,2,2
test:8469,0.44589691,0.50553689,0.04856620,1,neutral,301190337f7d9d52220abb036f890487d8f340c4a79d2e4ba1983455f7c7a188,2,2
test:8471,0.62991694,0.29656341,0.07351964,0,negative,7b46f7575a978539a78615948c5639d65200651ebc3f701bc8e743666945b51b,1,0
test:8472,0.09174030,0.23237687,0.67588283,2,positive,db83a9d7ad9c75b716d8db1bbab9ca972f6c5c37a461ba8b5865140fc40bee0d,1,1
test:8474,0.26463130,0.31243242,0.42293629,2,positive,434b63ac4e702ed013558346b31dd520cdc503f4747894ce95b8328622d45e2a,1,1
test:8478,0.04015832,0.07581915,0.88402253,2,positive,d0adc2712a0dcc5aa9358ec1b249b1ad6c255e9991989202cee37455b291c328,0,2
test:8484,0.01660489,0.72563354,0.25776157,1,neutral,9f4fae54e717e1f4ff1b4da71e16dc4f6c97602b19a6117b84a0ba5d23c38974,2,2
test:8485,0.36167437,0.53041376,0.10791188,1,neutral,fb2ae7c24c7a1f0c017e9683eea3c1804b977fa20038072fb1a49e8cea09e66c,0,1
test:8486,0.03976898,0.32238704,0.63784398,2,positive,ba5bbb7bee5aba7135b21932daf2bc91fdeb5d7c0561e34d243383d2bee8df94,1,2
test:8487,0.48380183,0.26035549,0.25584268,0,negative,97fce756d6637d16d08741f0f091c409340d2f2de91e0066959d8948b1335de6,1,2
test:8491,0.26201288,0.59380587,0.14418126,1,neutral,f10e99f8606aeb237d7957432737b98a27ab8ba5fa335aa52fb150f7f911f487,0,0
test:8494,0.05448103,0.32342912,0.62208985,2,positive,fb22497252ad79c23f982b9127eb0e9b8b10f9a7d243b66371930cd7ebbf3e74,1,1
test:8495,0.43351078,0.48129233,0.08519689,1,neutral,296e031156ff69e3ec5b480c295b30a2d35edce1831c06293a8201dd6e9e8deb,0,0
test:8497,0.08742671,0.29879162,0.61378167,2,positive,2e297706eb5233982620e70325a213c9c84f1e9fc9b49cbe6b06fa8d1752e429,1,2
test:8501,0.53074626,0.34409165,0.12516208,0,negative,ca6857cfa33fb8c3aaee0e4d8a82af0b7d5c4d49e08cee4848db5d4d56fa3a8b,1,2
test:8503,0.82234531,0.13253558,0.04511911,0,negative,39d866bedd92901f0334902229ff781b954690c1c97fb0eb81e6716eb7afa1c2,1,2
test:8506,0.20618174,0.25979860,0.53401966,2,positive,bb05e9ef69e42fa592bb3ea7168f41d2aa7369fe9a3c1a8a59a66e80868107f1,1,2
test:8508,0.19355052,0.34450881,0.46194067,2,positive,2c69baa533d7e2f9e1b6d646d62172d460a7b62f92ac7bf2964402e267b79d65,1,2
test:8509,0.13689966,0.78348301,0.07961732,1,neutral,582e61b05549a819e4f888feb40a48aa2163c376b40daea6b90011a0724e0f57,0,0
test:8510,0.14521368,0.33161214,0.52317418,2,positive,36a611268dc517554edd4a7417518062cf283182f57cade4a7d2afe585b6df05,1,2
test:8515,0.29072228,0.16563977,0.54363795,2,positive,f54c1fc45a3c47eadbe3decde4c5987ffd5d08d38c006a9b413f2a1ff7b5b337,0,1
test:8517,0.29861618,0.28115928,0.42022454,2,positive,8db0a21a18fe5b9175d72afc82c4465c9c462e0b96115daad3ad54bbda448bea,1,0
test:8518,0.06469427,0.47193051,0.46337521,1,neutral,33ba613e593f6a2524248888ff2d5a5bd677b973cddb5f6b6a74b0273d1d714c,2,2
test:8520,0.33043583,0.36341412,0.30615005,1,neutral,e66fdb458a320b4497d86cb443f05d3d1ba5a897b39fed85285791b9cd269bf9,2,2
test:8521,0.17217923,0.63241003,0.19541073,1,neutral,7c23c8f5468db3e706ef1a8960b557741a652cabc07086d4183f787f41052dfb,0,2
test:8525,0.64963764,0.20621629,0.14414607,0,negative,5be3f01a762a2c3bf98ca92a8e606ef3e5d3b6b44bf68b9db008da5ab7056c5f,2,0
test:8526,0.13582941,0.64038855,0.22378204,1,neutral,7ffb83d68239593eb4b134cec4a4d5efbc02ea164e48832fb47e18743511a52c,2,1
test:8527,0.30440890,0.66504662,0.03054448,1,neutral,98149df1633c2482d4575d62ab16e3434474a825b6a65ea306478644a5a284c4,0,0
test:8528,0.07650870,0.52716640,0.39632490,1,neutral,1d4d5fa7e022c87f941943f512f05d64cfb7e88fbd4878004fbb84b1267882aa,0,0
test:8533,0.02244461,0.97062398,0.00693141,1,neutral,3b2b1a4f8c1ad066443955031efe26c12f2784efaae7b0a04f3bf7c253d4fb44,0,1
test:8535,0.33882179,0.42145078,0.23972743,1,neutral,13bdf2ec7fe7b0ae77c44e6ee452e80de17d14006dcc313bb3e767ec2027cfff,0,1
test:8537,0.08839039,0.70999307,0.20161654,1,neutral,4b048424ae40e403d4fe42c13bd1425588093b396cfc02e808fd71adc329d269,2,1
test:8542,0.18745746,0.25856496,0.55397758,2,positive,13f61ee61ab3548ace6ddeecfceb2b05ee0fd7301a108cabe7a770605ee33644,0,2
test:8546,0.18488780,0.21231527,0.60279694,2,positive,e38c4d4804450bf37719f66c7fc4511168205059122e07747abd90beebdb7a03,0,0
test:8547,0.33142079,0.62081696,0.04776224,1,neutral,73f21f5d044208cb5422a4cb6a5a33d59707ef50e1d58244f410cc2559ac57a4,0,2
test:8548,0.06631097,0.83861354,0.09507549,1,neutral,54d506238f329e1d3afc4458b728eb84a67814a0ef17fe9a79879d3330ff3a9f,0,1
test:8550,0.19732510,0.29232257,0.51035233,2,positive,50107cf5aa96086137458a104e554f5d9e4306c3d7350df37bc6846997bcde6d,1,2
test:8551,0.41083788,0.33047966,0.25868246,0,negative,a0e9f7a5557f3639d8c9cca871225d386dd9774932bae241dfe3c2f47c4b95a8,1,2
test:8560,0.13466565,0.82720776,0.03812659,1,neutral,25f571a6543ca2db41a0ee278e9bdc6ed2eddabeff8776aaa527bc1574b4caec,0,2
test:8566,0.08777150,0.76256187,0.14966664,1,neutral,3b169faf38f76b4641ea725c4d294fe62e83fdae2ae216b8f18a1afd530563fb,0,0
test:8570,0.04600672,0.63545200,0.31854129,1,neutral,d577178b3bf5b6b0268b35d9113fd6716f62dbf4397f48b3db4588ace746a9ea,2,1
test:8572,0.28552916,0.57080840,0.14366244,1,neutral,5a78e15a4254908152d007a8910d149955f9a9e5a55dec932abfa436aad87b14,0,0
test:8587,0.25762075,0.60440611,0.13797314,1,neutral,ce07270cb667cd062fe5b0e6c9d9812d8f818cd19e321815612da91d8626698d,0,0
test:8588,0.07884544,0.36230797,0.55884659,2,positive,f737f2c2f4dab818118ea810843b21b15d6dfdd9fd1165db80579c308ae95a29,1,1
test:8589,0.10671339,0.58552227,0.30776434,1,neutral,aa131f106612031f80561d3099f580ebc426b9764a7f62749941bd5924b9df83,0,1
test:8591,0.48132415,0.22662130,0.29205455,0,negative,cdcf83b6c252c752c112fbfc06613b38352aa874ad5a30c71013ab918c6ae9a8,1,0
test:8593,0.26918473,0.37039246,0.36042281,1,neutral,4b301d48e474d905230736c9d6086eac6e72b4108cf064d209675d378508ac96,0,0
test:8597,0.39960036,0.26409186,0.33630778,0,negative,d528b14567020427c78ea7736b1c691f27893b0061f93b8a9a719dd388533f93,1,1
test:8601,0.06612200,0.76499351,0.16888449,1,neutral,5246f611a020cb6c7ed5c22409665ade2767051a8b0f10b82c4f6bea3302e771,0,0
test:8603,0.01985505,0.76947883,0.21066612,1,neutral,a19bdbe1eeb24b5128d83c734618f17300a3ec103dd583fcf0044369e5e2a17a,2,1
test:8604,0.11791507,0.80513491,0.07695001,1,neutral,3b501f8ca3211ae978e15ede941c3da17bb650d0c8fb79c556a84210014a6665,0,1
test:8605,0.43043270,0.46061887,0.10894843,1,neutral,b3bfef2a614605fa289dde349c2da1089f37b2678d6ee7b86cbac861048f5ea0,0,0
test:8606,0.06005722,0.73608467,0.20385811,1,neutral,b4d194a5102609ea1004d71e0ce010d3bea8aca84d9317c173791b6c206372ae,2,1
test:8607,0.37744754,0.27197529,0.35057717,0,negative,46c8178573b5a29cbd125e4c38f32ef1434ffaed3edfc7558dffff6032c8ede0,1,1
test:8608,0.40237738,0.43241826,0.16520436,1,neutral,ef5c35dde5227a2053f06f86962b4a3747e511e10524d9169de122f6040e0871,0,0
test:8612,0.59406234,0.37034569,0.03559198,0,negative,409cd0cb943c4dd35aef0c1fbe92b2e4f5272936136277daf889defa14654f3a,1,0
test:8614,0.51445495,0.37035776,0.11518728,0,negative,9dd7a43dfa0c9dbfc2e093dc9dd813170baa038b8ee93fff2963a078ec7b1140,1,1
test:8616,0.27438189,0.45557065,0.27004745,1,neutral,0f975561427fb9d5b66ed71053a5d858c9e4e2d3735fe07720bd2b2d579080e4,0,0
test:8617,0.28269566,0.26394518,0.45335916,2,positive,eb96ae0dd2e8ba5735d061d95dd07de4797949b06fcc5cf9b1fa28c3b7dc539f,0,2
test:8619,0.09705591,0.86565146,0.03729263,1,neutral,ad9c4e06921c93429f8573ee63fbb649bd911550d2f7e4a93f16cab3d628e4d6,0,0
test:8623,0.28082856,0.61935199,0.09981945,1,neutral,b5d354b0ee0a7af9566d95d3e08e74d0dcdca1a3670e6bef53c008d062013117,0,1
test:8624,0.05576483,0.41445186,0.52978331,2,positive,5be3b5abce5e4d643ae5940191dd243ee77dfb9127a9f7881802db0c766b57b1,1,1
test:8626,0.16097890,0.27889905,0.56012206,2,positive,79ca837036a07abb5126246ba73b6c31aed5f65545d056030f5fb32c95e69061,1,2
test:8629,0.08775418,0.34721237,0.56503344,2,positive,71c6e2d8724fcc50193f2bfe2c22cfaf8a0ca41c4570c518b62204fd8ea49052,1,2
test:8630,0.41466718,0.55104082,0.03429200,1,neutral,7519f3d249b7bca35de643b75e63bb3408e84f5c2b6a97aaee06facd8a2027aa,0,0
test:8636,0.36447143,0.09553473,0.53999384,2,positive,172fafddfac996379683627a6f429cdef69db0be38872903aa18b57acb6020b4,0,2
test:8638,0.06955427,0.60798245,0.32246329,1,neutral,ed961f72432e5ed6bffbe21353c5d2b3d998c1c749eee212ce17d2b47f5b7fb6,2,2
test:8640,0.29300024,0.57934826,0.12765150,1,neutral,f25868ef235c94cd672851873cb25c61391ed1e11341a2b0be56c63c8c43b47b,0,0
test:8642,0.09126232,0.28053278,0.62820491,2,positive,63aca36cdccc30bb27dd2f1fc3de172d67464b5ff06a7226d932730cf1d48057,1,1
test:8644,0.29755657,0.50427660,0.19816683,1,neutral,d9b04f7087fde651ef37bbdb84a0eebd415d9a54ba93aa3b137ed451eebbfce6,0,0
test:8645,0.01318704,0.02997900,0.95683396,2,positive,89a396bc4d7a2b34e8910ec8d7ddae6cf71bd1a9c25ee78bb67a179f34227ad2,1,2
test:8646,0.20834747,0.65167762,0.13997490,1,neutral,41fa7d04707e07b0f0cfad569e4afe0dbcffaed9d30a4a9327e49d6ba38e46b7,0,2
test:8649,0.23076792,0.60383138,0.16540070,1,neutral,b3f82e633d5dd8831be77e3934dc7c005726fb9f7e8591b24b3a52167731cafa,2,0
test:8651,0.07174597,0.30672370,0.62153033,2,positive,ebfa2073535a614855e858bd420d402305f1eaceb31abc454cd862e31f2f06d1,1,2
test:8653,0.33392449,0.28944516,0.37663034,2,positive,226f7fd804e54cb491fd4e1812a5a2ce71173d238dd63861a02e7482aaa5d609,0,0
test:8655,0.25376030,0.49137553,0.25486417,1,neutral,6b786402086737a9311fa8e8cae0c70d4478371306947cb6cc845be6ec1f9b43,0,0
test:8656,0.09430265,0.43621611,0.46948123,2,positive,e5c7c66e5424fbaa9ee61f82c79708460f7f64dc804214904063ceb958df21d7,1,1
test:8659,0.43408373,0.48345573,0.08246053,1,neutral,9c0fdda3013a203247e30688268ca462d0ebeae03f55bff561e8733185707ffc,0,0
test:8665,0.54917085,0.19261487,0.25821428,0,negative,5a12efc1f625741e1dd107a218a5d1f78852d55280e5503b908e3f9e1e6cb1a0,1,0
test:8666,0.18014573,0.38386975,0.43598452,2,positive,8e1e27062da786cb001d0583eeb3cb9f52ae4e8eeaf0cf03b347a42293d66831,1,0
test:8672,0.16784537,0.70794181,0.12421282,1,neutral,d97785cb7315fe78be42692e5af228d9d615ddfdcafd002cb30d3b1c09376516,0,1
test:8673,0.11255306,0.31143593,0.57601101,2,positive,e3385f6034bdb00faf81fde20513ce967a3336751dde12fec77c9416e9ad13c2,0,0
test:8676,0.00995532,0.08519330,0.90485138,2,positive,e0f0d8643705c3076a5bcdb0c270104e7bd128d467024db263ef315783a4fd8b,1,2
test:8680,0.57221824,0.32050452,0.10727724,0,negative,e9406a33633147d608c26ccffb9e41a4d1890c93df5ba748e530fbdd4fadf162,1,2
test:8682,0.25712200,0.69834599,0.04453201,1,neutral,6bade59869c80c26d6d9c1a383fa309c4abbb64b7c2f67e8ad3a0ead54e9fc7d,0,0
test:8684,0.19963970,0.43449333,0.36586696,1,neutral,29227f23071a56fad79ccd82096c8153853f33322ee78d200b0626fd763cf694,0,2
test:8685,0.08839256,0.47113736,0.44047008,1,neutral,97037469fe3d33513b494ef1291c85f548e7b90f1c31055d17252181cbab66f3,2,2
test:8690,0.09680428,0.88209866,0.02109706,1,neutral,571da25c3e6b578987419c957ad4bdea7513791900c9aa36d9c102a3a14d9ff9,0,0
test:8691,0.10763224,0.48659732,0.40577044,1,neutral,891ca6ffce820526f75b04de377137b95b448a430ca32e75cf8eb4c90c4b789a,0,2
test:8693,0.07809542,0.83368017,0.08822440,1,neutral,0babb991fc73599863f59a521d609796d7ac925fc3cc3a29decb8d1df4cfffe7,0,0
test:8694,0.21847919,0.73139384,0.05012697,1,neutral,2b3a9f106b474b01db669ba3680a3467484c63d627936aa46c2b3dd2b54def91,0,0
test:8701,0.22540085,0.39369925,0.38089990,1,neutral,9d2d8ddd4f0e926a7eb33e04af31d262f2e9f3ea2b94e02b3cd34446575f6333,0,0
test:8702,0.15439868,0.36284230,0.48275903,2,positive,56465e2cfff86af128683e6a10f070aefa18350386f9c4b7c26c76d3d7d24537,1,2
test:8704,0.22559028,0.19552099,0.57888873,2,positive,bcc59ceb13ac72ccd03465f2cd02ccec069023237d4a8d36e36a429c0fb931f0,0,2
test:8707,0.10570973,0.67811481,0.21617547,1,neutral,aeb969aea9c99da5bdd5a559f01ad41e5cb8c3bfd29ca1fbcb0c40cbe520f8c1,0,0
test:8709,0.51751409,0.46348453,0.01900138,0,negative,13e542b80f4144e1bc9036e79c8fdf11c20fbd6843b43a9436e7219ca0901fd8,1,2
test:8710,0.45543816,0.38391035,0.16065149,0,negative,b7a801f642a0bc7e650838947820727668db4b265d1a3b782cf04c5f6190ddba,2,1
test:8711,0.04152891,0.44596213,0.51250896,2,positive,ac4748077d6639038a14b83b9bcecc98c2f2b2d5105b810fe36dc9fb08142c4a,1,2
test:8712,0.16568938,0.80785111,0.02645951,1,neutral,d834cd0b10992a46c6433f27a55766986538bea30d049541d9020a76ef12aed7,0,2
test:8713,0.16941828,0.68728177,0.14329995,1,neutral,9f8874a3740ab778b9503317b1731a93818857a82208553c0bf57137ce3d0ffa,0,2
test:8715,0.07245262,0.18668666,0.74086072,2,positive,15fd6b74d4f680bdc3956e221c44dd8e44ab5de00a2346889c66721cac25c6e8,1,2
test:8716,0.55188900,0.44026438,0.00784662,0,negative,84a0ba9623a2068da79194f395607a477b61e5fe2761a84e5613851c1d80ab0e,1,2
test:8717,0.27807413,0.32054702,0.40137885,2,positive,58232387187943fdae9a3f1e5545314a1dbdc666e40e5688b66d2b858a8cc993,1,1
test:8718,0.19063794,0.39425535,0.41510672,2,positive,2819921dd6eab07cb2eb51efdcc9578150f2ba8a4aba1e4961c4f2ff68a8c7b7,1,1
test:8719,0.12666780,0.46967674,0.40365546,1,neutral,d35f4103bfee3fe9624d59ab4332b7cbea6fee1a9577e528fd6bee516df255e8,0,2
test:8721,0.14943809,0.36255022,0.48801169,2,positive,27449feb8fa6060efc8523d6db0c42bb2a3361ec6ad4d165bc0d5ed70a5a971c,0,0
test:8722,0.43268925,0.47480555,0.09250520,1,neutral,e118366cb0c27d7d50132c27efac4913d61cdbcfb1785aff10389361dc9b8461,0,0
test:8724,0.32204469,0.61875745,0.05919786,1,neutral,076a649164b809bdc4e4e3341f3bb182f79ec4c6dbeebdad59e86cd13332ef26,0,0
test:8727,0.01297382,0.46740488,0.51962131,2,positive,b085546d90b982c9182dc6cb8ea0651c4faabd2a65120041367c8f4b8b0d8cfd,1,0
test:8728,0.41052510,0.41450902,0.17496588,1,neutral,b460878248ccefc894cea7b1e02f55199aeca92d70bfc5abbbc7f9ddd4ca0702,0,1
test:8729,0.45898072,0.40967118,0.13134810,0,negative,5ae4d6fff129b4798fcdf2fb37dfdf0f288b2c5dfac06f5af8786dde827f0a76,1,0
test:8730,0.47849688,0.28768228,0.23382083,0,negative,5b5a534e5015dbf646cfde65047148dc1e803342f083e1fe12b4441b7c24d19e,1,2
test:8733,0.69113929,0.09051161,0.21834909,0,negative,58af6d9db3e6701bab4301f831c8fedf099f2a73241db7c4b42b4e6da798cb85,1,0
test:8738,0.14636079,0.80746944,0.04616977,1,neutral,16ee13856e2583e5bafbab3508aea762fab4228afb1424a2bf737cab4b5824c6,0,1
test:8741,0.20908877,0.70870536,0.08220586,1,neutral,c204bcc52b6786f66132bfe3c4afb6df2706f88050127f9a5dfaf7445365f7f5,2,2
test:8742,0.43476633,0.50631897,0.05891469,1,neutral,82ba3889d316a677033ba23d797f10481ef43c4ffe27ad77f7f4954b179d5b09,0,0
test:8744,0.18835296,0.23970952,0.57193752,2,positive,5f33fec6140c1ee273efc06de90dd9fadf2b8a5e76d2051a96c349b104d8cb65,1,2
test:8745,0.25158271,0.63195529,0.11646199,1,neutral,b5ee3baad827ff92c5a9bcd9afcf1e6659cf5e4d256304b138233f950082f5c3,0,2
test:8748,0.10330497,0.85509485,0.04160017,1,neutral,9f08981c755ae05da0baaa01b6ca2bbdc521f78357a2c9819b3ce5d1ee947312,0,0
test:8750,0.07667430,0.88957992,0.03374578,1,neutral,b034994638c424310485e001fbc58dcd45966f9f46010e9289d65f44c6178aec,0,0
test:8752,0.01752442,0.06135804,0.92111754,2,positive,b48571d03578b01cbf7c7916b8d499519ceff6249603542dc0173977eb220532,0,2
test:8754,0.37988826,0.46451852,0.15559322,1,neutral,d5b2d528e5897f790db0a71ef541d307e7c26bea52418fba3a31fc82788a2ad1,0,0
test:8755,0.06650196,0.40545835,0.52803969,2,positive,d08f055ac4b8f659a51cde090396a67d1d392dad4a67bd6822df6d42c7bffc6f,1,2
test:8756,0.09421138,0.07256127,0.83322734,2,positive,17739397dfa8519764743c89339202a73e171f2676bf0cb09e612805b1917c0c,1,2
test:8760,0.35513324,0.40830242,0.23656434,1,neutral,a5cb07a6ef0a3bb6bf4c8beb4228998ac09fb62d05adaa057cf18650fb130c37,2,2
test:8761,0.33013429,0.35418331,0.31568240,1,neutral,589d076f7e5db77fa22584b8b44acea3bbfe34ac47758a40333fb3c2d7398120,0,1
test:8762,0.32410606,0.57172827,0.10416567,1,neutral,54b7a1a5a1f6c82c07be4df48d982358e4d9d005a33031b7e9f6e6153bd289ec,0,0
test:8763,0.48365257,0.43624434,0.08010309,0,negative,3b22fc6ce43a7b46feb63133c718362c277f072be44aa45b9f749e6f1d4ff01d,1,2
test:8764,0.12794996,0.67034654,0.20170351,1,neutral,643315592d8f8596bb1d658c1e8dccfb0e590676c0db50c5e2cc61f1f2fc8310,0,0
test:8768,0.15977015,0.54053948,0.29969036,1,neutral,d76c448c842b0778562817d0f77b0ea23c4839d0375de2d674d4c1b4620276f0,0,0
test:8769,0.06153631,0.86861863,0.06984505,1,neutral,65460117c6c2e96b0a67ce1162a9661701099b1c6a116e50ab8caef3cff72f83,0,0
test:8772,0.21092280,0.61544319,0.17363401,1,neutral,cc6a407a046632d13c450927f98fbc900e6dcef69057a5f4d07e0808c005415a,2,1
test:8775,0.26319344,0.70859531,0.02821126,1,neutral,a68a9581755e734e39d792ef1109fd86de79486f01fe76dab0c98d35e8c1c839,0,0
test:8776,0.02480794,0.40820368,0.56698838,2,positive,0f99541602c26edff8280ae32987aded489cee5aecb0e346f7b84ed97c78ce26,1,1
test:8779,0.16652666,0.53000086,0.30347248,1,neutral,12a82f8347e127d3c64d246d28ea06a29dd62afd428c9849c19d371d10adf3fe,0,1
test:8780,0.08629900,0.82770984,0.08599117,1,neutral,ea6ce31b81a2120c255119e89beaf83f9abd781e58dac0ed30384bba8cc99d60,0,0
test:8781,0.23968688,0.66288833,0.09742479,1,neutral,1e9c2931843a3a46024cc89c7a5012bb1a1367f7e56acfc8809b2596f032d79e,0,2
test:8782,0.43134773,0.53664736,0.03200491,1,neutral,4bdb5f13ee45334638f1caad2b6c2be2e0d9ec275c96e65458e7d4032d316cd4,0,0
test:8783,0.28628331,0.45590791,0.25780878,1,neutral,689f4acda444ea744f390f073cc7793f0518aed692b10dfce04c0c5a2f1c3c41,2,2
test:8784,0.29804045,0.65157848,0.05038107,1,neutral,2f57219299b668fa4aae77cb1a53160304313fbef512c8096edbe108dd90e568,0,2
test:8785,0.12624602,0.77186513,0.10188885,1,neutral,07510be0d6b3ab449ba86c0bc3b06b24fcb7481c3a41cc32b49fe859dc65faff,0,2
test:8786,0.13166908,0.47059441,0.39773651,1,neutral,cae9e41a06db29b9dbdc488616630ae1785dd98eb1be4362f95a18a3fd435c50,0,2
test:8794,0.21742279,0.69730572,0.08527149,1,neutral,d5def6575b049097ad496354a3adc472536fd27c72d52be30a5cddd9b72b904e,0,1
test:8798,0.02634694,0.68638618,0.28726688,1,neutral,9f42a9f8a2d93adb87f7137bd0593a8687f5b96999aa3ab2de448116eaa7567f,2,2
test:8801,0.10782450,0.40255909,0.48961641,2,positive,32c42e2178bf8ad3e81131ca383621441c62262320a76f0ceeb85f1dd46839b8,1,0
test:8802,0.10171421,0.85096888,0.04731690,1,neutral,46d97ce94de970d8e2d344334343e9dcd4c1232a24b00e6574a3e4e918699451,0,1
test:8804,0.05267571,0.26961445,0.67770984,2,positive,9257c74c9a00daad150d93b323baf96b96ab77ad9315a4091c1fd9643b6ed417,0,2
test:8809,0.05486044,0.68480725,0.26033231,1,neutral,b8244f37ba65b706e7dc5fa688a4da1eec6e1fd7e3e3d7fd6df3e64c1cd848f5,2,1
test:8810,0.20788977,0.58457936,0.20753087,1,neutral,88bf222907dbbd47366ba2ebbb48922c1189f3f47c599dda62014aca3ffc0d03,2,2
test:8811,0.28288472,0.62962729,0.08748799,1,neutral,b84e1c40ff76a6e1521eab3c5a1272582e755d2d39326fd5bba33e2139089dc0,0,0
test:8813,0.43291635,0.49192281,0.07516084,1,neutral,029f8f4eb72bfa869df9216029409312dd395825b83c0cfcb4c587d0b3bdaac9,0,1
test:8814,0.20678583,0.73550308,0.05771109,1,neutral,3ab46fffef9cd5b284bef83b263396d66400779554e6f977a248b93f0c7dd1d7,0,2
test:8815,0.09993159,0.46327479,0.43679362,1,neutral,52a9cab5f4580606495011138757429f7895df63c5802c0a1d52c35d62f6ab28,2,2
test:8816,0.33879673,0.62782698,0.03337629,1,neutral,020a14e8033b10a8e5e0360df1e0e3a87ac20b50b5fedd472b6cf92df9850584,0,0
test:8817,0.18604028,0.60411675,0.20984297,1,neutral,9ec6a64172080e5a25bf0155d4e1161255cffb47f388231306eed0a5d2c63360,2,1
test:8818,0.38510663,0.56223346,0.05265991,1,neutral,a7a9d21fb7d9e58da44b3b4b619e8a0f6026d858665ea7b5da9f52b50dc0bbff,0,0
test:8819,0.24495016,0.55035620,0.20469363,1,neutral,730a28a80ac2b61efc1b770fe6077afbc762f48bff50cda849258ca7daa6997d,0,2
test:8820,0.84461683,0.06276356,0.09261961,0,negative,02fd27e346b3be45855dbce4b820b5357c83e7722846b8e807669e0fca4ae8d6,1,0
test:8821,0.53177321,0.32033384,0.14789295,0,negative,106ae1a39c7d04f389439f33778d12da506c92bc29c3bc2ca4e9f0fb48360618,1,1
test:8822,0.22251216,0.41364025,0.36384760,1,neutral,bcde53182ea814490153519c879f649e15e964eff3048c45cea81a224834eee0,0,2
test:8823,0.23025553,0.39720397,0.37254049,1,neutral,31bb3020fcd2922dee4c66dba05fd0d50a841e17c066776f40fc845f7811e978,2,1
test:8826,0.14840344,0.73370393,0.11789262,1,neutral,0f4b0d3ac4aee2857b18da6d6dd75e753b54b7fdb0e8a7add2f45dc15cb8238d,0,0
test:8830,0.08758131,0.29374350,0.61867518,2,positive,d7822575b6b755a81c12e753f09570d2d0baa9793ec26f96513910eb7ae2ad4b,1,2
test:8833,0.06318109,0.84236574,0.09445317,1,neutral,df20d8c316e9270b01f15bd932abe9fe335bd9102c0ecf68f6ae37266bcf2505,2,2
test:8838,0.22625362,0.60255268,0.17119370,1,neutral,c879727e8433deef027c89b7cd04ef2dcdc1e2ddb1f646fd7a29db3b8e2271f0,0,0
test:8839,0.65758762,0.21084794,0.13156445,0,negative,5bb3c3780ea9c72776c49a48a489e9176afec9bdd3d0602f0dc5c1c027cd3c86,1,2
test:8840,0.69791484,0.13866459,0.16342058,0,negative,c87c881d98897fac1a9aaa338cc24ebf54e7429d68fd969ff9ca6d5563b0b04b,1,0
test:8841,0.70445693,0.25122888,0.04431419,0,negative,b892c3810b7451d8c31e72be4353732a6e13041a8f7b80a9df062c25d8270d2c,1,2
test:8842,0.54051727,0.36751026,0.09197247,0,negative,faa033b1814385c8c15d781591e7e84a6dbbdc40cd743cb0ec4d9cd0841fda14,1,0
test:8843,0.78099049,0.15519202,0.06381749,0,negative,39fd54dada66c054aa48a44a90c902d7a2f57efb586af5e9d737af78b3f9b075,1,0
test:8845,0.14409770,0.66324506,0.19265724,1,neutral,a2e4c9e7b1ec55c3bef8c69865dda79755f787d64fbeca7b5d05f1f3bf56b2e4,0,0
test:8847,0.18886334,0.66655660,0.14458006,1,neutral,9d92a46f79c1475b2b1825f15d8ddf41bd1a4cd90fb9524be43fb5815378b19a,0,0
test:8848,0.26927488,0.30765685,0.42306827,2,positive,7078f840330c6a3fa57e4e440def84b309b1b00b9003ee013c721ca64702f787,0,1
test:8853,0.55163442,0.23353666,0.21482891,0,negative,d7911c6974e10c1d56dcc27a262482337b941bdcbfb31088065ea4b149f1bf8b,1,2
test:8857,0.54332705,0.39660487,0.06006808,0,negative,21c73777b17c65a02a38f6b7b089c9fc504329d9e339165346248cf66c86fde5,1,0
test:8859,0.67004955,0.27858043,0.05137003,0,negative,69ed2429b84c3cf0f76735b39001575281398ee0afba6ec3eddcbee75b7cd0ce,1,0
test:8864,0.17578850,0.63397211,0.19023939,1,neutral,2fa62d529d4054fcdcda0d3efbcdcfd7c859c2f810fbb4f281c416567b05798a,0,1
test:8867,0.13308524,0.44928738,0.41762738,1,neutral,55bbd94b3d67f35922bf1e33c11ad9bc269348ceed6f814891c43f72f7355bce,2,2
test:8868,0.24997739,0.24697960,0.50304301,2,positive,10e35ccf7cad9e084a3647bab0e258d8eb89bebd88f74c25560d873d9446cc9f,1,1
test:8870,0.07254939,0.88160687,0.04584374,1,neutral,07b584f7ac1512a7a260344862243738f6e67088d962d4b34bb6783dfc66d972,0,2
test:8871,0.05580755,0.72901634,0.21517611,1,neutral,8ba9399f1463ff10039f0ebf9db9a54eaf1b79d5beea5262ce429960bc456e77,2,1
test:8874,0.20319389,0.48565404,0.31115207,1,neutral,5b9f9b72f80a932460d8434e567e623c6aa49fe722ea575199b96713ad48283b,0,2
test:8876,0.05572676,0.18822002,0.75605322,2,positive,cb5ca073b39577e5862be51810772f5c1460197d1d0be00284aad3cf6ea63310,1,2
test:8879,0.40344411,0.24729628,0.34925961,0,negative,67d8b4b4dd93f35161bc1b1b8250c0970f882bc3a514196a822c0507c0a3e713,1,2
test:8880,0.33835342,0.53842322,0.12322336,1,neutral,b867fc25137e133e4b3e11c93b01534d16c912e1567203af359d5dde0e67f049,0,2
test:8881,0.04729389,0.71946132,0.23324480,1,neutral,2e8c8e248cf38e276f3705bd78c81070b2441d4920ed55c0baf9d858ec9bfbdb,2,1
test:8884,0.14266386,0.63346032,0.22387582,1,neutral,f9d908ffd5901c863edd922041d703ff1302546732db8ac00137618132c1f708,2,1
test:8885,0.46007912,0.48227076,0.05765012,1,neutral,612f56bff7d6529f36ce13d0ac15a666da92600c699a3ff2d719d1fafe1830fc,0,0
test:8889,0.31550375,0.39494560,0.28955065,1,neutral,923a2538c69cc45f8a6ba1ee9ff3264c645a97b8597f6a4f81c24c4630be96df,0,0
test:8891,0.38179998,0.55508683,0.06311319,1,neutral,3cc066b09848cd60e974ae19f0ce42fda35df39c9d47976d50f91d5499fddc45,0,2
test:8894,0.14415337,0.35097071,0.50487591,2,positive,50e5648f3bc86a08d3540db8b3a02022f48b270e7efcb06758106388d7aef6b8,1,1
test:8895,0.13799959,0.48910967,0.37289074,1,neutral,268dba0f13dee14d84a5e71df472a2ec7e568becb151c7148cb5f26264b3b9d7,0,2
test:8896,0.20622484,0.47676210,0.31701306,1,neutral,d55edab63bac4e8b7b268b4c1716e2a1bd8067b509a6eb77e52a998877aa41bb,0,0
test:8900,0.16709392,0.43355820,0.39934788,1,neutral,c29139e67602965a31f084d2d482764b3d429026d783a8ab777041f6c97fc9af,2,2
test:8902,0.47239137,0.37819578,0.14941285,0,negative,c4f2ee24b3f2990e2b7d61f4376a8e603e6828494e72097a9f3ea230337f124f,1,0
test:8904,0.29377542,0.31255517,0.39366941,2,positive,5a8416b273a8c42dcb84df9f6804d3c6616b4d0da621baa68427f74b7e107721,0,2
test:8907,0.02366861,0.45583074,0.52050064,2,positive,a27dd849f6ba52f3613fcb68a1701ca91d85b243bc1d52851d35d2154bf02547,1,1
test:8914,0.27593377,0.58043537,0.14363086,1,neutral,418cdd0385f0f0cf7c3711bff8822c6f557f2db16013456bf00bd0188f77215d,0,0
test:8915,0.50731105,0.17661613,0.31607282,0,negative,bc96d1f928e43d007e83e765d1679f2b74a2e014a4f0270d4c25335eb54ce97d,1,2
test:8919,0.03875569,0.53295833,0.42828597,1,neutral,b4b2a1240b5744f43bc4e919987985d1b2bbb79127a403244913b319e9dedaba,2,1
test:8922,0.14797988,0.46122723,0.39079289,1,neutral,0989d08c024e4c0faa95d9844c4233720539a942356e360a58cc6866e107456e,2,1
test:8926,0.23699377,0.67936235,0.08364389,1,neutral,d12614898bdd002b32752e94971132af464af96d3e6c084dcdbf1bbd2c860abb,0,0
test:8928,0.09894885,0.44702313,0.45402802,2,positive,3bc5a7daa77db88837d4e065d94a0c0e3b8044a236626933544abadb15cb5eeb,1,0
test:8929,0.10522758,0.75888864,0.13588377,1,neutral,d113726f91923772993622406bf55fd2341e1605775beaed70c504ab72b301dc,2,2
test:8931,0.10079549,0.41286971,0.48633480,2,positive,5a2335562c5beb3360143639420f5dc9d9ddde5ac8f8e9c08b77d31ee3c9c31c,1,2
test:8935,0.48240009,0.37413456,0.14346536,0,negative,a9608c80be8cf3b437a3a0ea2188af55d954e0a1b83edbc684f0a573d99e2780,1,1
test:8936,0.56875081,0.39067705,0.04057214,0,negative,bcdddeeb26fe1b833f11cd591eb481edaf46955f132e66ef1658061bd0981a8b,1,1
test:8937,0.29311566,0.46414155,0.24274280,1,neutral,c01639e3296f3b60fee71bf148df77bc1432d825a8cf45459c5956e50db35d9e,0,2
test:8938,0.34955436,0.58831994,0.06212570,1,neutral,caa6c1d62624d26d40317578b0274fd7c6be2782eed665f9336ff866e203bddc,0,0
test:8953,0.39042492,0.50828477,0.10129030,1,neutral,bde9e0ad8ab585bd8ce6c5b287ca618400e7c854c430943de36892cffe13e3b5,0,0
test:8954,0.12015614,0.08142197,0.79842190,2,positive,609538a60e80fb20bfc82c64b984f49a7d3749d04d2b56355b808c148d7909a8,1,2
test:8955,0.25693071,0.70461051,0.03845878,1,neutral,2ba47153bb76383565317230c8bf6ed4dc7c992adf8a7c6104e60718b6ba9627,0,1
test:8957,0.01449802,0.02168631,0.96381567,2,positive,29489dda506ebff159c543ae82ce9d4ee39d31571236d479ef151dbf8b6d95cd,1,2
test:8958,0.17340784,0.47465179,0.35194037,1,neutral,38a0c55db441bf92b5faccd724254523c5a24e023625b2b07f54057ac3d44008,0,1
test:8961,0.34287233,0.63379984,0.02332783,1,neutral,c675107a21994d4922de583a657ed41e4c18a4bc16d4ba951a1614213d247690,0,2
test:8962,0.03388177,0.10242299,0.86369524,2,positive,436e20ed1b31dc7fd1675ec18e81e35ffcb5bfe41e4ddd13664737f47de095c6,0,2
test:8963,0.04384189,0.45793617,0.49822194,2,positive,56a9f43bde091eccdf7138f9c5d9f99876df3beff1b6e2847b03461aee9e819f,1,1
test:8965,0.02281855,0.61879301,0.35838843,1,neutral,7ae0eafbc31dd68d7fe8d12ebca48fdf2672c0eee1a453446b1bf8d28d005847,2,2
test:8966,0.17447420,0.29412936,0.53139644,2,positive,d04b4aa3c17a8910bbaabf12c435c7c099b7dedee91d3ee675bebd73017d9359,1,0
test:8968,0.05983535,0.19518507,0.74497958,2,positive,763dee8d8f37ad045e3c57be83a5157138602fc41d2c949d3186687951df7bd5,1,2
test:8973,0.24525350,0.40225131,0.35249519,1,neutral,5b7fc69d664250c5f1d31fce9ee0131fe3adfb8ef9943a7749e2fbd3aa16abb7,0,0
test:8975,0.15774514,0.71660442,0.12565045,1,neutral,d026288e19c82b9e8e03da7e5f2c6d67075dc3fe93af41fa9da7cff8486e6cc8,0,0
test:8977,0.06481861,0.87477346,0.06040793,1,neutral,66ec594ed14bec7cf769025efd55e1743a078c51674a27c8dadda94e577cc5db,0,2
test:8978,0.11744271,0.61692634,0.26563095,1,neutral,945aa4d22884eaba526b9db59e36b36633f1d72f98badbff76d0a2fa51410ece,2,0
test:8980,0.09703212,0.26503311,0.63793476,2,positive,3d58b6610e7b36132beb477fe6446a5365fe343bf5da96f59fae2ca78e3dbf38,1,0
test:8982,0.37375376,0.52769581,0.09855043,1,neutral,fb0144ccf8d352d71bb9d90873540fd39e8adf3fddeae3b0ee3c14b93c416603,0,2
test:8983,0.12586527,0.27733668,0.59679805,2,positive,86abda47069e91ec3c3d3dc7ad30426eae006bef59962f9d1adf22063b3367f2,1,1
test:8989,0.31095352,0.36151970,0.32752677,1,neutral,123732eb64ecd175a10f26f1cdb515561aa53f9095d51cf8ad5f40f8d6714001,0,0
test:8999,0.39952895,0.40747115,0.19299991,1,neutral,7dcb113a9d1a16256ee5e432a48c9525cf56f4d8023219aea3db1d5e94247df9,0,0
test:9000,0.05409004,0.65120574,0.29470423,1,neutral,6d6bc1a52d5e09f464eca63530cca2be4d25da697a195544f26082a37a0ab354,0,0
test:9005,0.07120700,0.78535077,0.14344224,1,neutral,57ad984f943ccd74a01097bdafc1369523c73bb385937eb1687abf603624b282,0,1
test:9006,0.07504035,0.32082552,0.60413413,2,positive,576be8666d08dbb1abb124a8ad2e6df5485b11f93201e7f3d506a30ba1aba1db,1,0
test:9008,0.23135814,0.30179607,0.46684579,2,positive,a0c2361e3a4ca58cd417c165d3948d101c53eaf2b1dc1b6c73b08dccde672fcf,0,2
test:9009,0.11618120,0.77998966,0.10382913,1,neutral,ebde52504805bd541b9c0c996d641fb08dce243bdcd6ac609207077573117a63,2,2
test:9010,0.19859681,0.72477382,0.07662937,1,neutral,b5ff5d0197a97200b841c35a4088f51d9b7ac1b2c67c7958cdba692c133bfdfd,0,2
test:9012,0.03198841,0.43332055,0.53469104,2,positive,46bbbb0ae614d3ddbea5b7f2f5371dac447e6caccd3a2ee3087d0c5c794c9187,1,2
test:9013,0.28096679,0.28517998,0.43385323,2,positive,f168c2f3767ba4f547656097e8f7d6686e88345f19c8def9958a1d142a9d24e6,1,0
test:9015,0.39671976,0.15156364,0.45171660,2,positive,7be7cd32eb7bad3fc53ce90ff64e04aa113c7cfa5ecd78bba87a93dcb426d10f,0,0
test:9016,0.70732802,0.20941315,0.08325883,0,negative,4c47d863aa4b167d3e9a5738a10b4f02ba19e9349490a2eea783fe8677562592,1,0
test:9019,0.04745440,0.45603329,0.49651231,2,positive,277b1f9abf463500e7620bb7d113c8c0e16c2eda6a2c09645e3091155c5a5211,1,0
test:9021,0.10569986,0.44580711,0.44849303,2,positive,a99e962b82fda6bcdd2d718de2c17f6e105c4246543c8d328f0d3e36cc8a1418,1,1
test:9022,0.09803109,0.53976572,0.36220319,1,neutral,7409b53cf3228992d6b06ad8b9ba458e241465198ccf6b7e32bac1215063bf98,0,0
test:9023,0.42890461,0.50598300,0.06511239,1,neutral,054132ee89fbfc069c4e48411c44cac73998f85f1980a36ea1591aabbdadbc60,0,0
test:9024,0.11948627,0.38921232,0.49130140,2,positive,4214da66208f993f4fff0e1aa3384f5bd107fb00376a5467a06b14421c1f79d1,0,2
test:9026,0.37465232,0.50336329,0.12198439,1,neutral,349179ecc467eab44da67e52dfcd0e735e305a7d2d6f0886a0908744b8c6697c,0,0
test:9027,0.37931198,0.37955582,0.24113220,1,neutral,8c42651e4261cd8e0a4bda58c19314ab25b9829dbdaba48284e9ab1d747bd7c6,0,0
test:9031,0.03162290,0.17051635,0.79786075,2,positive,ad5b4d4637b0e9237654f8bb07bb679d2eb68da6074aabdfd4687c0a31a879e0,1,2
test:9032,0.25900425,0.23809794,0.50289781,2,positive,5b7d6c65f552f1300235643adbdc57f7f281d56a3297756e977d7fda6975161c,1,0
test:9033,0.22018667,0.28415822,0.49565511,2,positive,546b6f2b7a92be6db63c75abf982e904c89170c39587356cffdae1681c0e3de6,0,2
test:9035,0.44573289,0.29049259,0.26377452,0,negative,880014cffc8d13ad6a07dad9b6cdf20b2704d0b9631d4cae88071292872542a9,2,1
test:9038,0.06728982,0.13792063,0.79478955,2,positive,b79c713f24c510697339f1e55ff0821528c11fdf7ee6c6ad86217a81020eae05,1,2
test:9040,0.23366843,0.23667016,0.52966141,2,positive,21fda6225129a47fa8f236490fc2ff02ecc29a8858f95b801168cfa5903c27fb,0,2
test:9045,0.22912802,0.63556998,0.13530200,1,neutral,c69f2d773ea729b186a15bd1973a66da9b9dd71e08ab69ad296784daa84de45c,0,1
test:9046,0.29330944,0.55510044,0.15159012,1,neutral,2cb9b911d226a4b4fccdf2bb79ba25fc411425b15b81d5af1760633aef9fb0ac,0,0
test:9052,0.39348361,0.26772799,0.33878840,0,negative,6429a5c51e3586b7dbebb1b1cc3c10d0bc8f6acb3f605dcc12e335416df60367,1,2
test:9053,0.28467756,0.48007163,0.23525081,1,neutral,661c585eb8d58c1217c2fcb00e3e119364472ecbfafc3b239f867791eceda182,0,2
test:9054,0.44721968,0.52848830,0.02429202,1,neutral,cb1b2f86a7283a5eca3e185cbb07111016f4a2a493dde5e0f02a34a5e0ddddd1,0,2
test:9055,0.02555264,0.69697909,0.27746827,1,neutral,96f7295275b8fbca3169b28a83aef76ba16e7f5aa5c4bdee43ff79f444efb079,2,2
test:9060,0.33035240,0.62059606,0.04905154,1,neutral,ab805fa20f96c1af4f460c815caf757b22d84626bac6e057758db2fbea346ed1,0,1
test:9061,0.32055089,0.64409719,0.03535192,1,neutral,d6407e6ee373bb5069149d4e4513be487b5a5ca5f55ce5e8e088c0cd307ceaf5,0,1
test:9062,0.11030010,0.78470058,0.10499932,1,neutral,9ee94a9d56f84edb1644bb80a82f2f3083fe6e93ffb6610cf64479dbfd12c944,0,0
test:9065,0.10670821,0.66242804,0.23086375,1,neutral,f07a87c10d585829333af0949e61edeff8643a8ae106ad5d580ee8fd0138bfb7,2,0
test:9066,0.06536328,0.59068052,0.34395620,1,neutral,06e4b27abd41c224366a1b06caa1868612fc5855b9c8009b576fc8d659b6b440,2,1
test:9067,0.21425517,0.29886259,0.48688224,2,positive,84366fc37cdd5b5f0f49e244c4593d4acfe0f090a1d98d191e0ea92071be8ec4,0,1
test:9069,0.27258985,0.55072020,0.17668995,1,neutral,cfd16453fcbe34af408439d48625e3702d442b121ab0ed4ba99e88acb6404446,0,0
test:9070,0.77026387,0.07184770,0.15788843,0,negative,0a54f7adc07e17056d503107c07fd56340b44b2d1c801f2244b12b110bf78b97,1,2
test:9071,0.02989828,0.16827232,0.80182940,2,positive,9c544e4049a32bddf1650891f51ab38afc688b1de026845af71740e8bf716b0b,1,2
test:9073,0.07332270,0.10292293,0.82375437,2,positive,dcee2680f10b6aa5e4ea7e9780bcf9a81920d3a8db0d359a5fcb77167926d910,1,2
test:9076,0.02294489,0.42853729,0.54851782,2,positive,4a6cbcd607d008fac193e0f09f632de3709250e1f5b8925b83148d68617382ea,0,2
test:9077,0.60504665,0.19888107,0.19607228,0,negative,8bd0040c7005b7d8489bad632462e4af9a93fffb0f1ae59443afc146d40d3e23,1,1
test:9079,0.04357672,0.92734608,0.02907720,1,neutral,4368bf9af3c9e12f7d4d7feb75dadf0a04d661bc943edae488d9dc9b598c0247,0,2
test:9080,0.68325596,0.25207746,0.06466657,0,negative,094e5f2817cf00892a9290cb55b2f86b85c4d0e9b3bdac1308f67e0e43aac8f8,1,1
test:9081,0.87570811,0.12059116,0.00370073,0,negative,c2fd596900d619e913c3c393f77fb979f57a8d7766ced54f832de8821a6cd913,1,0
test:9084,0.22841343,0.73352585,0.03806072,1,neutral,7ee1ec3805a862190317e90a4dd9be8df05d37a080939c7f92c424fcc0bfcc89,0,2
test:9085,0.37056098,0.41570946,0.21372955,1,neutral,24284ef168d0908ea66c5f80910734fcee37527872b528ac88d250566a01d8a5,0,0
test:9086,0.14873584,0.15942610,0.69183806,2,positive,c44fc05a2a2fe550f02fdeff410d2d2a0a2578d653d131233f9fbb7cc74337da,0,0
test:9088,0.22117127,0.32323973,0.45558900,2,positive,b31a8179292d4fe34f6676cfff4695b77aaf1834e246c72ff1869ace6bfd5270,1,2
test:9091,0.36183889,0.48598270,0.15217841,1,neutral,6ea292da243786738f0abc039d894522352ec4f6d53aa05532d1f4253b0fd098,0,2
test:9095,0.11667108,0.61631244,0.26701648,1,neutral,de57b74010c947d79bf6c3ab392865c47cf6b259ecfc56564356829b7695723d,2,1
test:9098,0.22227101,0.68806248,0.08966651,1,neutral,fc4e7e5a69d0d58244e1a0bd5b001fab45e88e0737c3a8cad8ba6649cc8e410b,2,2
test:9102,0.39819131,0.56940184,0.03240685,1,neutral,a9b2e4e560a6b6e5549eb80fec9bda8b4a94282fea57b47fa5fda035c38add80,0,1
test:9103,0.12137406,0.59595023,0.28267570,1,neutral,c63fbf7a9e5458a72b96193f923962b46842e0fd373e1b9f375a976c07f8c76d,2,1
test:9104,0.28173171,0.47103830,0.24722999,1,neutral,f53484f9400a88d747d2d033d575869ffc5956e8264608588c7eda381d5c6636,0,2
test:9106,0.29937706,0.26558220,0.43504073,2,positive,0c6dead0bbae157161675d0dcebbcbdf5b02eabaa4bd233ae1880eef44e35c74,0,2
test:9110,0.28546697,0.59547659,0.11905644,1,neutral,13a729e41a59be2a3ecb40fa12c2ce53b9898636c08669a9660bef6e97265062,0,0
test:9114,0.83843452,0.12758658,0.03397889,0,negative,fd2fbb3ebfbd238b42ad17ad4fd6f8296802d935919e1129716174bd12aed7d2,1,0
test:9115,0.46812584,0.47877612,0.05309804,1,neutral,72a4bb1cdadb2425a45958e21ee00131e17efa2ba32f4a3d87252d879f18de8f,0,0
test:9117,0.26213897,0.57762354,0.16023748,1,neutral,67e33c7689a3c8a86d7e552aeca3ab3324bd94280e9e4ac914453e0884ffc865,0,0
test:9118,0.32884559,0.62170511,0.04944930,1,neutral,bd6922193e889a942c8300ebab2689ba3937028954143ccfeece85e9a384ad80,0,0
test:9119,0.62704891,0.13069952,0.24225158,0,negative,f2cc751e3afc787df3dde3ae3e077dfc1803cc2e87fdf8ebdb7e523eb03ef34d,2,2
test:9120,0.14629215,0.78566336,0.06804449,1,neutral,fc35a85dea209c48595cbba055a660628c3cf6ab77d91889a24bd069b2776ed8,0,0
test:9125,0.17453756,0.26227550,0.56318694,2,positive,8899395b2106790a1dd5cf8444effc47e6a8f6ca92f06ac7e14aa38b42d3c4c0,1,2
test:9127,0.27786124,0.54912752,0.17301124,1,neutral,e7bcbb186c833ac3673825f1ef6432773272eccac071547d753af64e172ba627,0,0
test:9129,0.36537033,0.53894927,0.09568041,1,neutral,a3339556ef53647c01221c549a2aada38a9563f6871ce5e26d222e8da07f767b,0,2
test:9131,0.46811653,0.42841271,0.10347076,0,negative,f2555a107713311ca0c06bf7157a51e5b84807299153e23b11fd626a87b0a798,1,1
test:9132,0.01210547,0.05653182,0.93136271,2,positive,5479d06d7b39f9a0fbe15dce4b7a8390685af14e6d9cf7614816bf9cf1df30f5,1,2
test:9140,0.18827199,0.11339907,0.69832894,2,positive,661baf69a2890cd93d02e79e56998dc4d0cc0dceee5ca29041621ba4fbe4fc67,1,2
test:9142,0.63299196,0.29435646,0.07265159,0,negative,c2af76198b1b0fee137922661af6c50ec277b028a0e8d0b3a1bf3bcdbcb539ff,1,1
test:9144,0.12775759,0.60158371,0.27065870,1,neutral,975fb7350b4c68da7ccee550cf9836532c6e48d16e6cd89edd19468336b90473,0,0
test:9146,0.08200663,0.43010553,0.48788784,2,positive,46b2b8c8973cacd606d21446501c63e4d9257cfa17d9353be9b67747501e069d,1,1
test:9152,0.17058708,0.75326316,0.07614975,1,neutral,e84ef09422c0104efc7df8232a79f7bdeb5fa1d123229115d605327a5c955b9e,0,0
test:9153,0.02386586,0.62536532,0.35076883,1,neutral,a5bbfabb3bbecca9b4e9ecad8201c8cbe2fa481f9f6cc754420203e45afe1357,2,2
test:9160,0.37678342,0.46538204,0.15783455,1,neutral,d75c00c08199719e89c098512f4534dfbb7f7957d25925c9a27d16b05d180189,0,0
test:9163,0.16367718,0.69041867,0.14590415,1,neutral,6fd7df4d1007176b1e18983fb39258b76dd7bb5fbff54f71a1cf721c68ba833e,0,0
test:9164,0.27888148,0.18924134,0.53187718,2,positive,41066442211f475121d797cc90191786192b8e88b2e80d7f89d509eeb7885b41,1,2
test:9165,0.25313201,0.62706836,0.11979963,1,neutral,95706b55e76d224fa8d253e703acfb8e09795dab740a3963f830a12ca64fd11f,0,1
test:9171,0.19468584,0.59377933,0.21153482,1,neutral,20c0cbc07f82577b91f6aae072dde30eaec20c531a4a70161458cc68b9ee3806,0,2
test:9178,0.57056950,0.21798663,0.21144387,0,negative,10a5aa88182d91c68cbca8ede7380284e17299a6dc2c1979ec78d5b6a9c33a71,2,2
test:9179,0.01999879,0.60894254,0.37105868,1,neutral,ce327d44077fd3ad3bd0d5fb0e113635b1100153ac9b346abe18a12dc6f31b11,2,1
test:9180,0.12599299,0.78028268,0.09372433,1,neutral,0998c4f771f81504d608bf2221f92ae5d3c1ed8f0adef529abcc8eb9fc643faa,0,1
test:9181,0.23667875,0.60815426,0.15516699,1,neutral,8f80f857d367ddde5a2a807970973ef345e93bd7f75afb7c78256536d43a331d,0,0
test:9182,0.16689668,0.34392212,0.48918120,2,positive,9c258123b0079d045788d895944eb0a2ff6dcda8c607eb88704eb078025410b9,1,2
test:9183,0.09495888,0.86605993,0.03898120,1,neutral,c1dfdeb1261c2a1a15d0cb1c9913c527da686b0ce2af68c8a77ffb6f3d3a1a27,0,1
test:9191,0.11345082,0.73447787,0.15207131,1,neutral,14cf9107c3b741791a827eff629b682950c5236bbeccc3f3780da3fee703f0f2,0,0
test:9204,0.37342323,0.56368454,0.06289223,1,neutral,f68ae2aaf9f0f89ecd1407f2b48a879fc9319d1cda599c3f3ff37df4018043a3,0,2
test:9208,0.08308263,0.87590325,0.04101411,1,neutral,90e03629187ebe676ba1a6ebac689d63d5321a91f2bcfe8c32b435df6cfd6751,0,0
test:9209,0.10274916,0.60598104,0.29126979,1,neutral,8073b53b2bdf57dc45f17462f344418c6b9ef926d73128972d386d738acafdef,2,2
test:9211,0.07175458,0.78666639,0.14157903,1,neutral,7a170c8f75f90e8e9ec78e6572f877228fa86eb94af0d103cd04ecea6d3f4f86,0,1
test:9213,0.46084226,0.24771179,0.29144595,0,negative,e95acd21343ac4ac3d60127d0d1800c0689ccad911d3c210abfe46f157bcc03d,2,2
test:9214,0.09467943,0.52141514,0.38390543,1,neutral,3d74c0833e62c3efbfaf6e13b194cbd5b95eb49b7e88992980e89341b5e700df,2,1
test:9216,0.42096258,0.45423267,0.12480475,1,neutral,bb36a7dcd85f1ccf50f292a1e992ec2b842d1eea6daf3f7048110041b0c589c8,0,2
test:9217,0.25263791,0.55513145,0.19223063,1,neutral,22c3ae43b7c700da8b548efb3f70b19beefa3105ab62c325e8641cce9c9ec845,0,2
test:9218,0.33638515,0.45836960,0.20524525,1,neutral,9ae1a8fc6e0eead3528bca8892014a707f5c7a6fb3e68419c331bf1be6b0af7b,0,0
test:9220,0.18107421,0.49037932,0.32854648,1,neutral,fdd2ba3b9b2caeaf74d6a1eefee321e2e98f2200320fc5d68e66df5965bc4e09,0,0
test:9222,0.35213583,0.46357079,0.18429338,1,neutral,ae174a756780e3ee7c3e767fe57b65e916638e6ccbdef816188049b2e9b0c5f6,0,2
test:9227,0.43628371,0.43312338,0.13059291,0,negative,c4a034d6776d06f0a44d011b51d354281d9d5399c22eed411531b825b9bfbbd9,1,0
test:9230,0.25426148,0.60897374,0.13676478,1,neutral,52ff8dc254dbe65048c342e924564d19a46393f8f1b5b9b5746600c8727d31ec,0,2
test:9231,0.29385965,0.67353105,0.03260929,1,neutral,9b7e0b74716d6c857295d60754073affa48d7ee0cd56ed9546ba7784c9025129,0,0
test:9232,0.09752292,0.56790275,0.33457433,1,neutral,43fb686951d5fb7d005a85d3e502baa75a6cafa85e3ba8439b9e5be62748a84d,0,0
test:9234,0.42599989,0.27140966,0.30259045,0,negative,c2ee9c8823da77e359786e6a5de5a66d1f4896425b507c2d2996a750ff30fc85,1,2
test:9235,0.50649031,0.42094396,0.07256573,0,negative,477e9b232c1fe90d1d860a3cd28a0761d3fd7ff16e28182789420820ccd15ba4,1,1
test:9238,0.14398306,0.57884193,0.27717501,1,neutral,1b943367f18d9178cdd194da7c24f43d0ff50627b9cf551a5da0c9fb3bb9691b,2,1
test:9239,0.25281851,0.15164496,0.59553653,2,positive,55bccee1372a5ff4b0d88978383afbc095f4e477bce59cc2734c113bf8f4e694,0,2
test:9240,0.09512688,0.63916509,0.26570803,1,neutral,47885480c1e559566c6b10687f85375e34687ec7b5b575137c028fec1f2ef8e2,2,2
test:9241,0.07750547,0.87044813,0.05204640,1,neutral,ab15993185534e5246aa23d3444cd40c9b2fb046605e8395b9fb646044d46332,0,1
test:9245,0.04176873,0.12581957,0.83241170,2,positive,06b0dbf30d9711cb4675a791c4a2909fdbff2350e1a814d0db5d4e1e1aa86fd8,0,2
test:9246,0.19202783,0.58803062,0.21994155,1,neutral,c11fcd4498cf8fa3dfd18cde74d5f5ae1c1e529aa8c61954e3a49668aa1df03e,0,0
test:9249,0.40223674,0.48620638,0.11155688,1,neutral,d4677f274e19962896b7294cb956c62e4c5057b8844484f184f0e6eb18ff08fb,0,0
test:9251,0.75667805,0.14136628,0.10195567,0,negative,67669198e7958f738f2b0f1afa578aa3f7cd90bdfdfd17b6da159e27509b5bfc,1,0
test:9253,0.14122997,0.61830624,0.24046380,1,neutral,0e2925ce1071c38d5b40eab2a78107ad2bec50c2fcd8451a44e23e179d93db8f,0,2
test:9254,0.14683255,0.61890777,0.23425968,1,neutral,f4af406107281af7eab126b9c479b119c468dc7f18ebc21282aca0828e406ba2,0,1
test:9255,0.18512521,0.66324653,0.15162826,1,neutral,cbfe7e8e9fc4121ae78a32b97c51ecf359bd0c6b7185701ea4d44989f7ec9f9a,0,2
test:9257,0.10379893,0.20441567,0.69178540,2,positive,87062836ce0d1e1e7a90947fd38c0006e00345db164182831a29f2b58f4ca952,1,1
test:9259,0.39835140,0.54890404,0.05274456,1,neutral,006a9f12963d65d4ec853368785556243d4c45e25ef55cbf2734a670553c21c2,0,0
test:9261,0.16495197,0.64982411,0.18522392,1,neutral,2a52d7747ed2284847a8e632073329572f4fe7479d33051ec574f1e28e106e13,0,0
test:9262,0.38234976,0.47020070,0.14744954,1,neutral,b8130f09c3045f1ddd6f969205f8d0a26924e973ea0f40991fce34718efd629e,0,0
test:9264,0.17126332,0.68805508,0.14068160,1,neutral,d9ae29d72cb32055339009a28c02890f7f4edb875211720f939efb40cec0062f,0,0
test:9268,0.03983104,0.12615572,0.83401324,2,positive,26b068389982b939ada17eade2733761f2f50b9bf26138dd6f02b5421040cd2a,1,1
test:9272,0.14826239,0.72633503,0.12540258,1,neutral,aaa06bc19cca7224a14711a55d4b6d82d0b14293567975ee1d087475aba1011c,0,1
test:9273,0.12070347,0.03379389,0.84550263,2,positive,3ce53064bd9bfb763f30ed60ba45cbb972464eb6473f6b6153958464a66a9fd6,1,1
test:9275,0.20322770,0.68491837,0.11185393,1,neutral,c1285e0b27d4d84b403ca0021fe8c4ea841f94d4b54acdd6b26440ecd6d61560,0,0
test:9276,0.13229941,0.29179463,0.57590596,2,positive,88c581675f9af2e48da2a665a965319f86f80e63f18e3aff8796d10914692d47,0,2
test:9278,0.54771730,0.37284990,0.07943280,0,negative,99006d661822ed39fb16a9201235126ec1bbe815662052e832e52faac8d4fc0b,1,1
test:9281,0.16274227,0.45841243,0.37884530,1,neutral,0e5b01d45bf7d3a938a0c911f98d57cc1db32b30e8cdeba7d469d9375a0e204c,2,2
test:9282,0.21248840,0.55625945,0.23125215,1,neutral,aea1412c33aaa84a821583c9b6babd40eab0d3336ee5740b1c89f11e4a868c12,2,1
test:9283,0.22528801,0.46758363,0.30712837,1,neutral,eb8d3da29355456f8c0a02899654e4e2e837a46bbc12121523797859546ccf4b,0,0
test:9284,0.12735795,0.51319136,0.35945069,1,neutral,4b93834e0eb10340525f818e6664e28c13c6349d7b9a235d2cfd727582f791ff,2,1
test:9285,0.71172482,0.26003519,0.02823999,0,negative,9cd445f72a3dd4cba0efcf5df2df3e6ecec8edfc6524d1a02c90a220d045fb39,1,1
test:9290,0.23742232,0.66942692,0.09315076,1,neutral,c2230d3a4eb69697339813e821a07a6d04e7b2f02f91707770592ff9f2a03bb8,2,0
test:9292,0.36446260,0.23882157,0.39671583,2,positive,613ebc483bf77bdcc664dd82800b2d522434ecbbaa275c9ae8d78a51983335ca,0,1
test:9294,0.09466218,0.87825834,0.02707948,1,neutral,1862b7b30e7a4f73fbe57a9530b76a027e7315e98e747b597c23cbc8d2ff0782,0,2
test:9295,0.12860315,0.80467403,0.06672281,1,neutral,d08c4a3d75d716c37b65f50e26210b17688f2b7b6a7aaff5e1c8966f4528c2ca,0,1
test:9299,0.05530138,0.78643492,0.15826370,1,neutral,cc39926287f828cc0841ff1e2aaf0a083728d21eb189a2a2ff5e872acbed9791,0,1
test:9301,0.37646246,0.26550295,0.35803459,0,negative,51723e7043cad45a2dd008c8f097729429c51deac9a92bb5c8fac47aa68260fb,1,1
test:9303,0.39012693,0.58159113,0.02828194,1,neutral,2a06b018a70882db4a49d034653e354b604d629a157bf5eeb138d8d01c3752c1,0,0
test:9304,0.03910256,0.28395287,0.67694457,2,positive,d9d7c29eddaf0181f41e5c6a955d7add33c2fe4a3119e4e9871e4cda841e0fee,1,2
test:9308,0.33419757,0.55815346,0.10764897,1,neutral,49d87b15739d6d8792de51136278d22420d7387974772e895b43260da0446cda,0,0
test:9309,0.05623292,0.60423198,0.33953510,1,neutral,7e08314c61bb124818c030f0048a78a32e9540b13a4db4697e204eee26925b2d,2,2
test:9310,0.24460411,0.47475821,0.28063767,1,neutral,49080cbb028c68765a3a3bd79baa2db86c21ae3c93d51e78d2829094160a46e7,2,2
test:9311,0.04289163,0.13453396,0.82257440,2,positive,9f884a78b06738d05483cc0fbb546839ea402d3388e9a5d35ae89de8e024b4f7,1,2
test:9315,0.08882076,0.38195087,0.52922837,2,positive,3876307d6d36e65b1e6a0b45aa34cef0944a8b17453109fd7aa6aeca3bb79893,0,2
test:9316,0.15977606,0.78125056,0.05897338,1,neutral,4f439959f269833c49fddaac96bdb7f00f12f21a54dd5ada7f5a39466115a6aa,0,2
test:9317,0.45380031,0.44077517,0.10542452,0,negative,1a23edab6e67fa38c6dbefa20ac8bef210923fa031759e796991fec7f6880d19,1,1
test:9319,0.19015438,0.69161666,0.11822896,1,neutral,86b36448926a321d9b6093310b250041acbe1fb4de639655b067bdba10a3fea9,0,0
test:9320,0.09916195,0.75880047,0.14203759,1,neutral,486df7ed2915ee9335351acf6d4361bc2a3cbcfe5ba19e9e3510b4aed202ce76,2,2
test:9323,0.24164608,0.63214480,0.12620912,1,neutral,3dd49dddac0d607250505d00c09e8f89d26d0a9dafb21dae7506016ad3695faf,0,1
test:9324,0.13428024,0.65145971,0.21426005,1,neutral,99494593d614a1a7dfb8cdd5878c462080ebfc77a422f37b2f13b2f872d1d963,2,0
test:9326,0.49148400,0.40539996,0.10311605,0,negative,03d356053ca42a7e19d669ac3866c64ab5f4cee29d266abeec6d44c7f49b178e,1,0
test:9328,0.42091732,0.11463932,0.46444336,2,positive,78d61b57ddf7d872b9eeca21e31e45eaf1fa08bd7a3d455d1a403885a6c278c1,0,0
test:9330,0.15875728,0.31766704,0.52357567,2,positive,caaccee842538f5fcfff04b4264d5756ea6b3f54fd2d884aee07f71d271aba35,0,2
test:9331,0.26600494,0.68842570,0.04556936,1,neutral,ec6bdb6e7617bd094c4b9f8239de4a034918671f3e099997bd898a868a68483c,0,0
test:9332,0.35992015,0.48132012,0.15875972,1,neutral,4fb03df26b93e4f359611fb400726046938dc2b5438e2c0db0166ac77d7a0f7a,0,0
test:9333,0.09597801,0.26942255,0.63459945,2,positive,b4ae7bdbbda06090ecea4c232d946d49a88dc4ec831bc15ea89e84aea92bec26,1,1
test:9335,0.14205956,0.40220583,0.45573461,2,positive,8cafa2f2178a828a48ff2f89f6c458f93f5174203b1669d54e7b57d4f032e228,1,2
test:9336,0.28910760,0.29886809,0.41202431,2,positive,15773883daffd551748353d1757b3a6f49637e9ae03bc25b8a88c85d61fcf688,1,2
test:9337,0.62473041,0.23773372,0.13753587,0,negative,26f3e47b1ae267882000c621b23450311c402333ab506629dff226f62ee4a653,1,0
test:9338,0.19674325,0.16318930,0.64006745,2,positive,818353709ff407597a1c7db3c329dba67cc28c5e03d96e0d295eada4ecbeab12,1,2
test:9342,0.30844089,0.15853274,0.53302637,2,positive,fe808c67f387f0fbe3be20808d012ca44a766d2083c13b408c1ee6ea169e4daf,1,2
test:9344,0.19806464,0.72890779,0.07302757,1,neutral,aec3478ac9f7bf48ced364acb5d5c447a4a2dcb1b6535a552c54f5b87b797eb6,0,0
test:9346,0.22351613,0.57389182,0.20259205,1,neutral,0bed4ffc3654cb33f2640b89396752efbc487a689e5111875ecdba549b70d785,0,0
test:9348,0.13006735,0.76492605,0.10500660,1,neutral,c4749222d323cb59357a3824111e98252de25c44ee925276e15490c3985c25c9,0,1
test:9350,0.32978569,0.49371739,0.17649693,1,neutral,56dbb92dc015e926836e17a3e76075d8a8e6f1447b035bda9635ee34394a308b,0,0
test:9352,0.23304415,0.65319426,0.11376159,1,neutral,2d460d2e3c0861f0e8dab3695889dcbf3f84f98838d9d1838f521faab7f2c9ba,0,0
test:9353,0.22994580,0.60684246,0.16321174,1,neutral,d15b68e54e12870e272e727bb7a419c31ee6479a28c4adc57d402ef88bcfad82,0,0
test:9356,0.41085404,0.09262446,0.49652150,2,positive,88842c328c0fdb1a34bc7ef311c4c0365553fdd391f1fa32dbf1e2de720cad13,1,2
test:9357,0.12502224,0.78634921,0.08862855,1,neutral,02ceb066b40b65d93606fad60e0a2c563198c390792fe85d5d2afd07cde5fdbb,0,1
test:9358,0.27185970,0.63883206,0.08930824,1,neutral,2e7b1fa752cc2750147cbe818159660c06b662e8ac39e033ca064a1a3b0ae23f,0,0
test:9359,0.15503869,0.49814501,0.34681630,1,neutral,32869c9d6b9601adfa9e08609b2ed837c9f31924ea57d1b233437623684409de,0,0
test:9360,0.17618386,0.52744548,0.29637066,1,neutral,c37df840e8e422c891d28a25321f6d9ac7d2711bb847711640737a812185fd8c,0,1
test:9366,0.43964933,0.44007080,0.12027987,1,neutral,94fbe130ea20a9f9a778508ec7529551aee805af4da69f410fadbad1d16d1e66,0,2
test:9369,0.11062838,0.14790913,0.74146249,2,positive,990ad2fcb2402ca71b516ceff6e05a3c6bbccff265f59b4956473fb20efff6eb,0,2
test:9371,0.03861209,0.31683278,0.64455513,2,positive,965b8ea0f0652328dde36f38c6a38607850aef84d1be3562870dc34502b70f0d,1,2
test:9372,0.59211536,0.33690433,0.07098031,0,negative,f1d29b4532fba9743a4a01908a91fe29139be3637df483ce134b0e46162a9d11,1,0
test:9375,0.50506330,0.39396206,0.10097464,0,negative,f9daaf063a61268fb3f031215926d850193e430cda88b3ae6eb47d51e9a5bd3b,1,2
test:9379,0.35921139,0.21799199,0.42279662,2,positive,e53354411c15a95ca7bc93db0a2ea22d6cfcbea456fb9e9b7b1c176382925bf1,0,0
test:9380,0.05119905,0.05449024,0.89431071,2,positive,bb79207b00b0cc5f8346b0450924470c9562dc82529a890bf1c4d7cbbe80c15d,0,2
test:9382,0.31833672,0.46207769,0.21958559,1,neutral,7643de586eea8ee77393ac4eb17f957419bb111ab4a2059569f4630fe1314f27,0,0
test:9383,0.10494632,0.81879722,0.07625646,1,neutral,364506db62dc8118c3ff7af88745cb451f81783409975299cb308e10d0960a9b,0,0
test:9386,0.59426272,0.35914873,0.04658855,0,negative,f8d719152fa818e9d1bfda027eba3d2d875ea47146e79cf513674d5c354f97eb,1,2
test:9389,0.26300025,0.61749714,0.11950261,1,neutral,6af8400b9fccbe4181bcc3de01e94b5a8b9bfecb6bb337d853f747d6734f9adb,0,0
test:9390,0.19125313,0.32589020,0.48285667,2,positive,8f6b79a9ae8c45c6febd3a178d3cafb8244add28a1dde5376814ff7951e42fdd,0,0
test:9391,0.00580381,0.40949850,0.58469769,2,positive,393bc0b815b8e614545cf0658345fab6f9dac1ebeb2d3d58b6e994e443936060,1,1
test:9394,0.02841634,0.40308516,0.56849849,2,positive,a40da2abd9d6e7ba0b6888a0a0e852b62b368ee56c26378d84a309678f5a10df,1,1
test:9398,0.76850625,0.14677338,0.08472036,0,negative,406ec773a4ef34b888c760ddcfc9f7b705470962b3e76563a212962eaf9a597d,1,0
test:9400,0.37283518,0.46853105,0.15863376,1,neutral,b9686184d04e8814c9d6100b0b531caaf91d4f73b49ead673a1fa874dd1636f9,0,0
test:9404,0.27982146,0.70408228,0.01609626,1,neutral,4772a3e796e4aa529b57b07d7cda2a2f2a2ad016660f76dfac55d6130562efe2,0,0
test:9405,0.27669803,0.64634858,0.07695340,1,neutral,bcac7868663b0cb817862dbb5797daec68a69ff7663cee2c88a558640c57eb9f,0,0
test:9406,0.47269384,0.35603941,0.17126675,0,negative,458dfed2b7a2064402a413882d5864c3fdcd1ebc5b317477557af3a9edc109e4,1,1
test:9407,0.19281908,0.24089267,0.56628825,2,positive,2ff9adb930ed11a662c2554870b86a22686f0a07476ac343992c135ce13264bd,1,2
test:9408,0.24850045,0.15393982,0.59755973,2,positive,3fb4c5f9e92cbf16c76ecd2ba279c85a86424f7fe3967ca25b25a15eb5f5e3ee,1,2
test:9410,0.69294269,0.24946552,0.05759179,0,negative,2505feacf26231b70f32c6f2866216123830fd65612e58601ba88f4b9414860f,1,0
test:9413,0.23782499,0.64698197,0.11519304,1,neutral,7f6eb2059e9dff3f424412c5e5293f567608df28be0220662ccb6d34104d334b,0,1
test:9414,0.05492806,0.73570231,0.20936963,1,neutral,f34c9367db9128ea5c41baebc60e3d847c93d7b0150b29254d742288fc840016,0,1
test:9415,0.07652498,0.55837084,0.36510418,1,neutral,0bd816a34927290eec86f65cf2c9470bafd37e0f0cac7de1f0a378de61e06c19,0,0
test:9418,0.13975282,0.77739821,0.08284897,1,neutral,17a1c942fa21c2e0765fc8252d1aba27265e88d1223b9ae59e38c8cb5c3e5341,0,1
test:9420,0.17041424,0.62295671,0.20662904,1,neutral,2b60782a767033eaf5c757ceef81746987e7f111d64b85aafb6238fbcb271cc4,0,1
test:9422,0.47330859,0.47036895,0.05632246,0,negative,b272923e91a49da10a772fb1e9002b3d161c01ecdb883d87aeea6e0da5d7f443,1,2
test:9425,0.08044511,0.76455643,0.15499846,1,neutral,70dc36e5d09eb531654f28452680baf6622308c9351b780c6279b933fed2e972,2,1
test:9427,0.33356669,0.37976892,0.28666439,1,neutral,8958bbf32b87a0c3fbd219bffd7f0bbb7b355dabe68926c5ec87240ca45804fb,0,0
test:9428,0.14589269,0.31428327,0.53982404,2,positive,bf85de8772332c37b1775661a665256c908e44679350cecd9b2ac4973517bd0a,0,2
test:9430,0.13261289,0.35230166,0.51508545,2,positive,719784d6951d4e8625086bc5db103bd9f3b41a1455282e3237cd1ce1961ec813,1,1
test:9431,0.42959025,0.34250719,0.22790256,0,negative,e4fb38d51f34bb6d4fcc54259a566e0855c072ef0ae08d2c39f3dd0747deabed,1,2
test:9432,0.18985788,0.58177000,0.22837212,1,neutral,89a3eb738ac93027f87c55e3452eb4fab3aceb5addc7057a71a990da1d6c4b73,0,2
test:9435,0.02171524,0.05196885,0.92631592,2,positive,755e51f94c1dfb355abc64118cea9a7cea35e53569cb4b400f2ee26abeac0807,1,2
test:9437,0.11652030,0.70371348,0.17976622,1,neutral,9a86901c3138333ec0253355ba150ddb8fbbffa7a82f86bc4e594971a6692032,0,0
test:9438,0.03370332,0.25175933,0.71453735,2,positive,39699c03542d78702705797f795136e6f38ded999987cbd47ff3d179236582cf,1,1
test:9440,0.14266306,0.21914740,0.63818954,2,positive,d028ac43c20c70b328d4337f314c35658e648787794b13a8cdd3616ae94224db,1,2
test:9442,0.17736637,0.49601754,0.32661609,1,neutral,70d25c7aaf2041b5c7010d897c25c36e981a9c3a4573d66db26e9eb9f708686c,0,2
test:9445,0.49787591,0.25720939,0.24491470,0,negative,4340a13094c8faf128651828d6357e2de4d33ff11f033956b4354e3309583f9e,1,0
test:9447,0.30313727,0.59198221,0.10488052,1,neutral,056d3005354580514ccd4be9bc1e0f81ed47970c5641f517bd72cc60366fc3d7,0,0
test:9448,0.05322936,0.33687341,0.60989723,2,positive,29b123afb8df8c09a07cdaf33fdd8e94d5f6442093e34ed961abe5857e7354eb,1,1
test:9450,0.00351612,0.00266001,0.99382387,2,positive,f4dc4f3ffa7bf00ddb857187569ea2d29010dda1e1dcf9f25698044c45c58353,1,2
test:9457,0.52217041,0.07851949,0.39931010,0,negative,893c08fa9832ce239e8ff36258a7aa25e12764a218b8f7144aeffc3c1cda1cd8,1,0
test:9460,0.27391607,0.59501423,0.13106970,1,neutral,2257fc9bb31bbb17f49c358e2762dfd7bf503a3cc73f34188988a38b5f89f678,0,1
test:9462,0.32451513,0.64929789,0.02618699,1,neutral,0837b536a2cec586068cbb9e0482a8d1e0db2ea657e61cbf7bfe43f29282439f,0,1
test:9463,0.09370075,0.13826598,0.76803328,2,positive,9d34360b0503cd8af14f5ea3ad8a7cdc85785c0b74e088731e290c5352091087,1,2
test:9464,0.18413882,0.36636570,0.44949547,2,positive,14fc2ab0609f63747c28009068fc4f2572dc47e414dcf8ddf164eec4a22d5b5b,1,2
test:9467,0.09937859,0.40038813,0.50023328,2,positive,03290be888ed7f839e1bdaa2a67758bbb97a8fce4da849fb11f9f2d5a7af72bd,1,2
test:9468,0.04938975,0.67802902,0.27258123,1,neutral,bb30061cc1d694bd95eb97d1556b7d73b4059741f29c60a60592e098a2a63988,0,2
test:9471,0.34213850,0.33359107,0.32427042,0,negative,71d8c0f91c96c0f5a94926a0a389db99b54cf21c9149d2997080c0c810a4a496,2,2
test:9475,0.15745752,0.79374571,0.04879678,1,neutral,2df34add897f201015cfe6ba62f2cf1eab026e00060693e6916c5b028248389f,2,1
test:9477,0.06890781,0.64752181,0.28357037,1,neutral,b6d13e2e15613b6a983676a75b822ba4c8ebe11ec19476151bc3222ea949e33a,2,2
test:9479,0.06520089,0.07552705,0.85927205,2,positive,bd1a14a39cb84dbf8a7e76914ac55661e4d9e1571fdfec5ef837db471978c74e,1,2
test:9480,0.04262018,0.54200971,0.41537011,1,neutral,f232e4d8a9c2164f6d8a64f3c65e1ee5ea1fceddb815fa2ee98166689775b9dd,2,2
test:9483,0.23040808,0.74156749,0.02802443,1,neutral,4bad4a11f537a12198540c13b3a400ba41d98d1f5cfadd4fc3504066852b0c5e,0,1
test:9484,0.30959027,0.27039339,0.42001635,2,positive,b4ceb78861aa906ff98988f409816bb503c2e44f9ea845586d51fc8d7a3edf57,1,1
test:9485,0.50044972,0.41169549,0.08785479,0,negative,d0b778fc684e45b4587e9dfc631005812dce6e0105f8550f4d75fd70ed1d236e,1,2
test:9487,0.09787673,0.72080721,0.18131607,1,neutral,5ec8e79a4b08bce02b404409c9a9e5dfc4e5349d187efcf674383b6adc415d4e,2,2
test:9494,0.25542784,0.67333901,0.07123315,1,neutral,98fe3070a65317f5544fcc82384dcd13ffc6f44941448882201ec6d2e6005069,0,2
test:9496,0.05296660,0.91941595,0.02761745,1,neutral,3d069fb09247260aced60ab49f2a579572f358df6dc1513cac3ff0e5a58962eb,0,2
test:9500,0.79332941,0.18726614,0.01940445,0,negative,babaee87c47b3d8264d9cfd5984345d8da41ba2e8d7aebbbb591bf99d505d077,1,0
test:9502,0.04203366,0.45369373,0.50427261,2,positive,a76aa6e3ac07584c04896da87c6d7ac431176ef55b5182e00ba19c9b5aefb88a,1,2
test:9504,0.22739114,0.09103507,0.68157378,2,positive,84c9d3006340caf5342b0eaf1786b0dd7219e38f1c359b1897dbf06b352f1f5e,0,2
test:9507,0.28521615,0.25330705,0.46147680,2,positive,207f4a9fa5866de6ac04e1b8b86a8457f61d6f767c3ab16ee67aa56a805b7af1,1,0
test:9508,0.23149598,0.65462230,0.11388173,1,neutral,cade66db546cfda65019342a6801353029aea075629eda7f0180f21fe92439cc,0,0
test:9510,0.15975819,0.61386224,0.22637957,1,neutral,4dab18cea8cca98fc8a9092bc37055b783ce3006c37a3109c0bf09e7ff43c2c0,2,2
test:9511,0.15472895,0.37777303,0.46749802,2,positive,1cfbdcb28e5be7f364b35cefe2e9f2ce2973be1f2c07e28930349aaf3c7498f7,1,1
test:9512,0.04935016,0.19283228,0.75781756,2,positive,93b6b47ce6088ada23059c1ff2cd5248f911fec6e6d303d7062a0686b282df4e,1,2
test:9515,0.24983187,0.42638229,0.32378585,1,neutral,8971271f3c25281624ef6588f84c0ab231218c7b1543487a6eeb405b795ae6c7,0,0
test:9527,0.29783840,0.61047120,0.09169040,1,neutral,3d9c5ff37e9df6f8788c2eb594931ca4b24042541662bf781bf87f623a706eb2,2,1
test:9528,0.04728147,0.41119294,0.54152559,2,positive,33ddd2e7c1e1c80eee96f581d060ded45ef3b559bfc0a62e02122ef8ee054cc0,1,0
test:9529,0.06604292,0.32729140,0.60666569,2,positive,947e9442ba14755b1b88dcd993b9cce8664703f73de32ea06d2d46f23f87cb2b,1,2
test:9531,0.16722257,0.81707341,0.01570403,1,neutral,8c6ce6db6dd08a74dd2e3e2c0d3c5ae780ab8d835e0bb3445eac85a9d655e762,0,1
test:9533,0.27733052,0.50149302,0.22117646,1,neutral,704784cfc66d2eb592cd27b57f34b86e8a4c994afa3c94087e870ceadfb8a082,0,2
test:9535,0.19881654,0.38206196,0.41912150,2,positive,23d379c6983a8f19f08605edd5cc311a0bd586ca77858503a5fd0e1afb00774d,0,0
test:9536,0.03161773,0.19821097,0.77017130,2,positive,472078f56f3556d0ed1c8599bd31c0e12e170de876b336fed45c05bc45f89565,1,1
test:9539,0.04985490,0.21180814,0.73833696,2,positive,738263ddd422efb505b75f553078658b0753550aa01d6df184dc5b2c4d7298ce,1,2
test:9540,0.15258138,0.79162547,0.05579315,1,neutral,ac7d235a31c596e5a26e96f664e36991f40b5143fcfda384186920e2789c1df2,0,0
test:9542,0.13000413,0.79775450,0.07224137,1,neutral,94233f8bb19eabb2ca809e3fc7fe209bc02224b128ce144a09f30f2fc005e156,0,0
test:9544,0.39896706,0.27201718,0.32901575,0,negative,c69762da4de2d22c4a91b8d5a836b599ad9f9ef40e69a80d785dd12691649ac7,1,1
test:9546,0.12097041,0.54487234,0.33415725,1,neutral,cbd1361ba7cf1cbb3a616860af65251386a31b0feac6537d559d5d02c062eb73,2,2
test:9547,0.23393035,0.60739439,0.15867526,1,neutral,8745ca7de5194f15c12e5302c1441f02a894ac68518efd0140e757f7b1c3e37d,0,2
test:9548,0.11958201,0.40275834,0.47765965,2,positive,308fff3a5a4b4a32e78eb4436a56ad05b1b8472041559f0fcbd7182f6ea32703,1,1
test:9554,0.13227907,0.60491418,0.26280675,1,neutral,b6ac4ef8ab9e8230a5f741b53e70030661dc1adfaf97ef00ea52d94e273fe628,2,1
test:9556,0.75249004,0.17963769,0.06787226,0,negative,62a5dcfa8dd09be6c00387589d8ca3c3372f9141adf63f9bbab95b904b9eeaed,1,0
test:9557,0.53624600,0.29512820,0.16862579,0,negative,c74d8da24ce813f5351b38d15cd55af1e983f7e002ea1cddeb0568586e1ff959,1,1
test:9560,0.06051936,0.88939601,0.05008462,1,neutral,55e6eb7c3b0f84dba999bf49d2e682b2d0ba47493641ae7147a89a8620569cd0,2,2
test:9565,0.15088128,0.26043508,0.58868363,2,positive,b412e03fbba27abe81b4eeb3311e22b798fca0992f60ad344706abcb322ecd2a,1,2
test:9567,0.73141024,0.23431492,0.03427484,0,negative,45d7ee33d00274e534ba5b62cf57eaf6242430877f64f5fc2a57313c03620337,1,0
test:9570,0.06153312,0.71553431,0.22293257,1,neutral,8b95a5de0f5a411c8f2d2f7f36602498d4e2173b1722dcca77bc149594844eec,0,1
test:9574,0.36040160,0.40607165,0.23352675,1,neutral,ae6569c21a015c12a3e35ec251ab1b4ffd4bc1aa05915a3e8842df9a5679f365,0,0
test:9576,0.15790307,0.67893291,0.16316402,1,neutral,69ff9aa41744f4888a1246dc42ad75235ad55226c4ca315b5b6d381f9531215e,0,0
test:9578,0.12514398,0.54779795,0.32705807,1,neutral,5f3873fd2789b181865a4ca229ef5b27e96a4abe8405e09130dace6863c9b08b,2,1
test:9579,0.24627097,0.65729871,0.09643032,1,neutral,ed08df377786974135a8048c10032a97144471b3654890f60306e3c016bf039e,0,0
test:9580,0.11513870,0.84354262,0.04131868,1,neutral,bf242f7b8e0eccdb52a2679a2a92bf3d22a62b57634c146b91ed48334d8d8ff7,0,1
test:9581,0.21490338,0.67988637,0.10521025,1,neutral,f94734966490d0485b8a1bee435f1380e85ff2c2dbd58b386b46801879cdd600,0,0
test:9582,0.03355891,0.21329034,0.75315075,2,positive,c017374b8fa3bd8eb78d007b4e5fbc31ae5737e78df34e6878b666d89ef07b4a,1,2
test:9585,0.04064631,0.76593868,0.19341501,1,neutral,165ae06a1bfad7627d68393d7cfd13faa48e35c1cb657548a49f9995cb7a511b,2,2
test:9586,0.23963495,0.12773635,0.63262869,2,positive,188ab61d804e876e844f876f65a171452d1b33f73ff4c45570da0f99673ca27f,1,2
test:9587,0.15103700,0.34495874,0.50400426,2,positive,0c931bf4f930473a4753d10001d4f1be3a5013aac62b78ed413bcd7a9c47ed53,1,2
test:9589,0.37905195,0.17480378,0.44614427,2,positive,a99484499276302ce6bd67813642c8a76b4667bfa1f7e9dc4648bbe8a8163aa0,1,2
test:9590,0.07881178,0.33538478,0.58580345,2,positive,07ab21533fd742400c12812f7e7c213b2040c119e3d1e4732e38792f22abe578,1,2
test:9592,0.04341329,0.65535597,0.30123074,1,neutral,0c6cad3ac62e09c9eccccabfd758d458a6912da32b71a2a16ddd2bc2b93cc64c,0,2
test:9594,0.14062988,0.66598924,0.19338088,1,neutral,03e8c4e1c0f5944a33c5ce77e75271ff79fba6171e35dbec136756ae7110d981,0,1
test:9596,0.03187743,0.06359709,0.90452548,2,positive,825e24ae622514445e686597d091fd460dfda0a00704ddd1a905e35739ac7a16,1,2
test:9600,0.29462041,0.63539589,0.06998369,1,neutral,6a17edfa2790548c2191e0bce2b5843f106f0bf495dee704584a7071b62e51a7,0,0
test:9602,0.13285244,0.71563836,0.15150920,1,neutral,4eeda7480a3b588decba80723c67166a07ad6e2ff654fdce7d8f13c3e416ae19,0,1
test:9603,0.07426293,0.87602704,0.04971003,1,neutral,7b88cc4c2792e2fd4acc827935060f3734d42a18feaadfdea0d92027c5b840ff,2,1
test:9605,0.38542876,0.20652390,0.40804734,2,positive,76f8c76bfd4d8945a069307c7323945253713217c38ece79d21042aa74400e49,0,0
test:9608,0.11870150,0.24274340,0.63855510,2,positive,86764c3005f0e56796f4233432a4104176fc4d14af749009463e0eb581b5d924,1,2
test:9609,0.15475132,0.78492349,0.06032518,1,neutral,d0a1653346cdcc6eeb0980506bf1d3da40e531873b4e58dc7869d82a5ccd770b,0,1
test:9614,0.37199743,0.50645226,0.12155031,1,neutral,0c5b06cc65dad6d516e3869659442fe4292eeb3da0aa1627a6551d4b2597aaf0,2,2
test:9615,0.44409624,0.15226714,0.40363662,0,negative,88216e4b1e1a98a4452e6387a2d2e7ecb8480652bb722af5695e63d69621c269,1,2
test:9618,0.15965806,0.12624529,0.71409665,2,positive,8369625c7c0e1ff5cd8e49108978e426e3641bd0a702beb4d0f63de624aba1ad,0,2
test:9619,0.13010340,0.15991681,0.70997979,2,positive,ae5a2e73ccba3e7dc5c84e798041b54fcf4713b41fda4d69173a9869df4c1564,1,1
test:9622,0.07778921,0.54831583,0.37389496,1,neutral,ad08c58e9d681ced177b8428a1c8baf81c15d6ecc27564fe3a89a7dc77e94d13,2,1
test:9626,0.68952786,0.16316254,0.14730960,0,negative,9caed0658bda41413d6f9c620f962cea2029efba0cb797b05d4fd754c35c6e9b,1,0
test:9627,0.35400161,0.58937372,0.05662467,1,neutral,39489fe050f2734ea38491d5bcfcd37bb71752a9ebd6e73e257c162ba4a301b4,0,0
test:9629,0.15491005,0.56758462,0.27750533,1,neutral,27579f20453b458f01655d10b7c7cd0d600a69bbb363f303d6ed8a51e18c9bc4,2,2
test:9631,0.07674085,0.28128934,0.64196981,2,positive,de4487f6627d17b74f2d62b89b19d403e45b0473781d1b3cbb7c4d8ea237c7a6,0,0
test:9634,0.07374421,0.24318550,0.68307029,2,positive,672cd6d0e0beb24e0371069ddfb5bd5951e3995b4b5c1a7ad7ae24c89512995d,1,1
test:9638,0.42318548,0.47445906,0.10235546,1,neutral,f3da09d6b236245f027fe5117d812ea5feb93a9cbca71a2a3655d9d5cf68c1da,0,0
test:9642,0.21929380,0.14401568,0.63669051,2,positive,11de2f71fc021bca24ece11f6a50157df54e0d40264e1e8cf913ff95e3b03d34,0,2
test:9645,0.31596267,0.18841816,0.49561917,2,positive,7d0250ca91b4b0974a6c7ca6bbd77f44d099b1bfef4010e9431f3fa2b775b098,1,2
test:9651,0.47846631,0.49066497,0.03086872,1,neutral,cada463d02623719b35ffc6c90f28626f459e39349135ca622e1ec5424d81a89,0,0
test:9652,0.34455893,0.20826283,0.44717824,2,positive,25821ca931f865b709591ac6f41b296d3852fab57e6f1998edd4f56214475558,0,0
test:9654,0.13304794,0.81849721,0.04845485,1,neutral,e8a44da85bc55c86d94e4e2f8d60a3a6e7f17cd2df440f082e7e980f58ce4fd4,0,2
test:9656,0.83814785,0.10247377,0.05937838,0,negative,c8c10407d588aae166b7212a1dc49f07cb2e32bd2b82f86eb4ee68a8a0e74a42,1,2
test:9657,0.22622793,0.18190035,0.59187171,2,positive,ec00adce7afed19fd9f55af0bad4143f6d160462028a85c0e94c5286364b0841,1,0
test:9659,0.55509685,0.34296428,0.10193887,0,negative,c1f61d7bf34f753b5f5938250e3dcfecf459078196e78a7ce4b01cfa6dc8bfbe,1,2
test:9666,0.25398422,0.27000538,0.47601039,2,positive,94392a319be94db8833fb9bb2b9a8bee810d0d3f46a1c1a6af743d7981168d61,0,0
test:9669,0.13589108,0.57933236,0.28477656,1,neutral,d5da6dc64f3e187c08f27f7ae4a29660a4d877e6f9218bab6264dfd17dfde40e,0,2
test:9671,0.30424272,0.62015596,0.07560132,1,neutral,b38187a7ae9c2fdc6fe37752511bf0a2e011dee2ae4b96b98745933bdaf0b8d7,0,1
test:9678,0.18278510,0.74866577,0.06854913,1,neutral,6a8a19065747123488617e866e414c492736a57afca4f44767c5983925fd6ad0,0,0
test:9679,0.29028051,0.23125547,0.47846401,2,positive,e3cda41c00023b4973a53691924ef2f1268b68ef426dbf1112f4b60150609239,1,0
test:9683,0.25200559,0.57908665,0.16890776,1,neutral,b9499e4febd5c979029a0e901322c97a500652f931c277a46c8b6db853fe3c91,0,2
test:9685,0.62877283,0.35735304,0.01387413,0,negative,f64fcbe84f95844a501b7eca3b9b0dbadf3a9eb17fafb26c1f28c1f6f956250b,1,1
test:9686,0.07137622,0.88526522,0.04335855,1,neutral,ea5a6f60a5a25573e09616bb321d035fde40c980801f69f13fe7e7a2596d6167,0,0
test:9688,0.15618195,0.08390686,0.75991119,2,positive,405df672fbd4c3df7b0d181a97518a8871ab6f87bcbb7b2dc4dcf0304171d6e4,1,2
test:9691,0.13292985,0.39755139,0.46951876,2,positive,aaaa93a04c3bd9f0545de95d5d1a308caea36584e4d03c98f087d4268145580f,0,2
test:9694,0.26455136,0.32521804,0.41023060,2,positive,b515fd819277177dfc2507a5625e3be663167fbc2228973b8ca77662cc036f27,1,1
test:9696,0.36561333,0.25725677,0.37712990,2,positive,26acfc9d8383bc443457121c6cf1e8e28bc2468c924725d9c87d8d4af2116a61,1,2
test:9701,0.07176606,0.77334892,0.15488502,1,neutral,05d9ecad33d2503ff846ba4e623950df538b71d0bc7658ba232a8038f87fc7a5,0,2
test:9703,0.12367277,0.29081153,0.58551570,2,positive,0b77015b87310b03f386d965ddfcac3aaf00839d604517b64654015326298ee3,0,2
test:9704,0.48181063,0.40150580,0.11668357,0,negative,0d2842d4e09750e601363c4230e75f1580e94882a9122bcdfd0e08fd2f21490e,1,0
test:9706,0.46903775,0.47869785,0.05226441,1,neutral,299420997bcc8ec61e1a4aa7e51fafdac53233b909a38f2ba397845e500da6d0,0,0
test:9707,0.37056126,0.46089597,0.16854278,1,neutral,972e0b319c623cdd23bfc5c87f2888a1fa47fd0ee0bc7803d6dccfe0c5d0e630,0,0
test:9708,0.02859436,0.71206646,0.25933918,1,neutral,f04f71a66d26da7cc998b244f4a736faddb6787770a71e36a8d4970db5a4944f,0,2
test:9711,0.10608616,0.60884443,0.28506941,1,neutral,baac533bcf8927393e808e673e4b90674d6c537f118df077a41026bc5a076cd0,0,2
test:9717,0.57410559,0.30480158,0.12109283,0,negative,767418ac5c9739a49a44fe7c1230591240cda07af31964150b0a6069af65e1d6,1,2
test:9719,0.12510478,0.58085695,0.29403827,1,neutral,780e8eba2dc5b608dfec9f9d4969fbe101ed2d7b4499a964c1acd76b1647cdc7,2,1
test:9720,0.56925642,0.30189966,0.12884391,0,negative,08385e07ed0f4e567b4a47808a4f215eddc3ebd9c8138e9877a6867b7d3b7a82,1,2
test:9722,0.39937597,0.55088257,0.04974146,1,neutral,487a98ef26c4a378e590ef3c5d944945c049b046b6b267a4140756b3ce0ade17,0,1
test:9724,0.30285693,0.64586892,0.05127415,1,neutral,c2d77a9ad4696878db5e7486b1ae4ed7ab5a52c197a1c87e82333c3454d62f67,0,0
test:9728,0.34379102,0.50366842,0.15254057,1,neutral,73abbf3b31890e7c9e09c05db971353a85bddc9e7813d2e5c14b9c6a1d52f703,0,0
test:9729,0.15932441,0.69863706,0.14203853,1,neutral,1da1075dd046cfbfe32e1211673531b0e9a22381a64c8dd6c526845c404ef136,0,0
test:9732,0.59242835,0.13352665,0.27404500,0,negative,6bf5ae3b0cfec7369100918783bae4e1d5f0fb8f1769e1d251d5ce87fc29b56d,1,1
test:9735,0.33020046,0.30922043,0.36057910,2,positive,580fe78c5868de76c92cf3fc641f5732caa4646bfcaf6a7279eac0830c669663,0,0
test:9737,0.15193519,0.81842649,0.02963832,1,neutral,21a0b6d337b115b6693811a43d2c398da692a7249708a49a709ed21a1dbc23fa,2,2
test:9738,0.02306805,0.92363623,0.05329571,1,neutral,92698de5d8f455217d4eea835fbad243ca9eb12fd34cd8dc61724b38b9b6db90,0,1
test:9739,0.11364705,0.29320336,0.59314959,2,positive,641b79d374022402f1abe1644977024f94e5a0f68f2009243ffe2c46682dc75b,1,2
test:9740,0.25427226,0.49867748,0.24705026,1,neutral,80c113ab5878f61c6bd5e49beacd7a4a91656c74bc7185bc0fe81c54c15f41d4,2,0
test:9741,0.06923029,0.66940311,0.26136660,1,neutral,dc3d5acc8e7768ecc8ce9919f7a416e25c3f11f88a0ba5b01bdefa2190e10bce,0,0
test:9742,0.09170942,0.79227192,0.11601866,1,neutral,847ef643019e282b42e3b449d0c85c35e7478e8cb49356e7b280569e7ac4cfe5,2,1
test:9748,0.39378938,0.31132553,0.29488510,0,negative,0053eba476c53a170e6edee92f5b54b1d0361b923f69e9c5557205fb59147405,1,2
test:9751,0.33984273,0.55223696,0.10792031,1,neutral,467a9ba8ef9b00d2b34246af7970287df2482c455d8ac5367a6167788de5bcf7,0,1
test:9753,0.26437270,0.59697315,0.13865415,1,neutral,0ef8dab83f1ec1d908996bd2d2d63aeb78208cc3924474ad508326dc5bee5dda,0,2
test:9756,0.32137412,0.39521263,0.28341325,1,neutral,9e7fe4b64719f301e75fa27a98c0e7c5c50499abdeaea71534ef680a6ca1c33b,0,0
test:9757,0.33383877,0.54877553,0.11738571,1,neutral,38ab60b785b9a775fa10665a4b3eb68934e5776f29d9e4ecf602f9f0438b1c6d,0,0
test:9758,0.03228235,0.08640756,0.88131009,2,positive,417e4ca9bb6c68176f1ea872118f092acad489c4d6bad1d67c4015a341b49ff4,1,2
test:9759,0.80696548,0.18303605,0.00999847,0,negative,42bbf940074342e98c2165a2e480340f43f7dfd7051c1a304ce34042160065a2,1,1
test:9760,0.34693216,0.27432813,0.37873971,2,positive,d34b0378d582deda8053d26a40445029f4d3e6623d95b7e19f8fb907520f6758,1,2
test:9762,0.47027752,0.18240185,0.34732063,0,negative,da18f5c4b54f006727b37c081ee3b9bf0abd18210e72bc6b9df66681c756ec0e,1,0
test:9763,0.47407443,0.31025885,0.21566672,0,negative,9f5cf1826b78eddc74f4ba63d5cdfa4894ba22ed256f7eeb5cc1aa35abcd6d0c,1,0
test:9765,0.02560263,0.75818138,0.21621599,1,neutral,a8e6a4ced7d3dde8deda56ff33c3b97a8046b8a05924177159ceca4c8254a43f,2,0
test:9768,0.11274155,0.79084045,0.09641800,1,neutral,9b70bd044d9c26916920b5686cf7b3200f7b9c37bacfe13c90ada24a41de9f86,0,0
test:9769,0.49162718,0.33935673,0.16901609,0,negative,4e2b19a973dd4c62fabb9eccedb5057fb690432fa92f3ab79f78f29e39aa37d3,1,1
test:9770,0.05900451,0.85938507,0.08161042,1,neutral,4dcd5039b57357c49ffa3b33705214c6c0bea0d82f4e004f58978a2ca9b6ea81,0,1
test:9772,0.40067621,0.12995191,0.46937188,2,positive,8f8715267d63824733177ebc89e0877ae8bad53e88ebc70a39933f398c9ace75,0,0
test:9773,0.10120462,0.10921898,0.78957640,2,positive,02b52b2a4c688be87965393e0c84c1693f305552443a42aeecd5b75907c4f4d1,1,1
test:9774,0.32710280,0.32122881,0.35166839,2,positive,0c85e617b4fb6fc335fecacba5146d0c174b0777dedd597737b7dc5976a6ede5,1,2
test:9776,0.15919788,0.79043087,0.05037125,1,neutral,332f72340d48882fb4612e26d819434cb4ee4abed3e917183c707601af5d4765,0,0
test:9777,0.40123601,0.52532430,0.07343969,1,neutral,ffe0756218863bffb4cb899b31c0e989b0c13d4fa69863d221c5cc322edaf715,0,2
test:9779,0.24218788,0.58538011,0.17243200,1,neutral,4f3e0fe68b6cc7bf17e051ebb27e22889ebfbb4a5a22356b8b95a263249a0e29,0,1
test:9782,0.13372926,0.35878435,0.50748639,2,positive,951b4ee75849132eb002caee78818b4260e746787a78bb32ab48b363c30e9d24,1,2
test:9783,0.40064448,0.56475613,0.03459939,1,neutral,8c57e72bd6be424e7e31f3a34e5f720670ce8d4e8e81b691828bb882c94878e4,0,0
test:9784,0.28014733,0.40630818,0.31354449,1,neutral,89f7bb9b25aff7400189f68cd16c52e909ad61370e64ed9af42e7b5a88c1e921,0,2
test:9786,0.54346239,0.44239242,0.01414520,0,negative,92cfb30d0a0cab584cd75188f30d9e1782fb71e2f05c7b878e62fadcaa1148fa,1,1
test:9787,0.36320539,0.27314450,0.36365011,2,positive,7ee85de27956234ca0a9b2e9326405fa2edbc8f85bb02e7ab447b6f35016d6ab,0,2
test:9788,0.06810649,0.46260839,0.46928511,2,positive,c6ec81299963636f3f5877088f2623ff1fe7ece292b80240034311d894571760,1,0
test:9790,0.03064611,0.81155158,0.15780231,1,neutral,04de5d4108ad19a72d26848b5052037e876812ee500d925e1587b16407128256,2,2
test:9791,0.52058385,0.44415323,0.03526293,0,negative,210252c8dc00ea48fa10182321fedd882411cb376fca5d284f16505b74d24cc7,1,0
test:9793,0.06455978,0.06628427,0.86915594,2,positive,e354fd46296f59f89dd2a6c88349ff998bfc7566cd1b11fb2d9f1c4630e01ecf,0,2
test:9797,0.30223206,0.65008557,0.04768237,1,neutral,aa137236ddcb23199b480e2028b30f4b2dba5e8c88d92b2b48a35e90fac7e235,0,0
test:9798,0.45351949,0.29560397,0.25087654,0,negative,be98732416566d2441cc6ceda8d776c7353cddbf0ca3cdbe81e8c8df7b2db29c,2,2
test:9800,0.33841445,0.46160560,0.19997994,1,neutral,26abb9fc9dc6692e4c0dc7d6c68c96754382dcff28ab4067b6bdd4b81c27f2bf,0,0
test:9802,0.33360638,0.23790065,0.42849298,2,positive,36aae64da90aa0c27bcfe996a665963ccf8acc5820cb9cc80d1539d68213bc7a,1,1
test:9803,0.33735118,0.48857712,0.17407170,1,neutral,acffad3e743168807d1a46de7c62733ee5db23fc95edd5e0c90d12c355565db0,0,1
test:9806,0.54917667,0.18300253,0.26782080,0,negative,55d6f50f688f572b88bb7060e53823e24adfe4e66c62b00bae085538dec61f01,1,2
test:9810,0.21572496,0.31417191,0.47010313,2,positive,405b6adf94e1093f4c55c7f65d25234ebd6f6ea8325062209a6a1fe298a624f6,1,2
test:9813,0.43135796,0.35947200,0.20917004,0,negative,72fda6c2dfd082a8b4a75c0ce708a908a4581c6c5127611e062774fd37805ce2,1,1
test:9815,0.05613479,0.89244566,0.05141955,1,neutral,72fc1aa34410976b0138a8142c9046976eb457ab44719af4f49fc6cbe7930b75,0,0
test:9816,0.09836992,0.38742195,0.51420813,2,positive,e17c6bc9f46f1a768acd6023957a39201509cc31e5f6f9594a894df165804a65,1,2
test:9817,0.73477664,0.18622308,0.07900028,0,negative,4064eb7a5335a4806b3981cb8f91ea5c13dfe87c09d01ff13e0253fc8b45b8ab,1,2
test:9818,0.31013358,0.68096272,0.00890370,1,neutral,6ddcd109720ba1c72f8b4332b029c0f2f2d676c7fe4f53ab3490130a42b5b560,0,0
test:9819,0.05829380,0.62673220,0.31497400,1,neutral,671b1cc05b407e3d9cd77806e1755ff7635900c85302fa247329324fb17b9468,2,1
test:9823,0.22916702,0.72572091,0.04511207,1,neutral,b4276c3a5de026c31b583dfe4886b255cdd39cc6275a1227e988c4a526291451,0,1
test:9825,0.14170146,0.13843534,0.71986321,2,positive,bf6552436f84e3813a32a7498868b649d10d7e2b5a75a5c741790af11e2f1167,1,2
test:9826,0.20704268,0.71321683,0.07974049,1,neutral,cefed0fad0f0a5bfc94b6fe3b3c731332e6585563213fe085f461173877a9d09,0,0
test:9835,0.19030606,0.43435269,0.37534125,1,neutral,d2616982744628cdb555ca8df6c91049b613bebb82548630da925d928859c497,0,0
test:9839,0.21691295,0.74933147,0.03375558,1,neutral,d8307bd926174b8eadd34bb3d50b772b516ceb7775d68caab9dabcce8997fef0,0,0
test:9840,0.18312872,0.14675166,0.67011962,2,positive,5ef5086d2018e1866b1e2eff8d3803177dcd235916b05783882103f4e8f4677d,0,1
test:9842,0.44288347,0.49004414,0.06707239,1,neutral,81528bd780e6387817ec81f0e57d167ae1f79a077cc59036479f9f4413f7fd97,2,2
test:9844,0.02715543,0.14364517,0.82919940,2,positive,be64e898be86926108dcac09da866e31a264609152e25a5a201033c38a75959e,1,2
test:9855,0.07573045,0.84893486,0.07533469,1,neutral,6a41901ef6cb87be472b4164ae655055c57b325f54196512e514e837c61cb86f,0,2
test:9856,0.18819401,0.19359657,0.61820942,2,positive,418a1fa36c2a701c77024552d1bfcced7dc08b4b7d278384d6e24141c00d43ad,0,0
test:9857,0.03025925,0.74213609,0.22760466,1,neutral,730817a0698b4f2dcf17ad7d3914d96bc374105ac6b7e9b559e5f669762d5a46,0,2
test:9858,0.46310484,0.45023538,0.08665979,0,negative,056f11b2c1057844ea74e442aba028278f6fda4af4a1cb1c3bea5590122574eb,1,0
test:9860,0.46210031,0.49863293,0.03926676,1,neutral,59de7c082dafc6f25f5cb4c0fae882a0ba250bb15f334c45322411631b8740ba,0,2
test:9863,0.01481724,0.04548933,0.93969343,2,positive,8856267e73648899c72a41a97e80fdeb727e9e77dcfcfd69effc00c0a896ac3c,1,2
test:9864,0.66377959,0.28554824,0.05067217,0,negative,3ff5f32ed283a5c90c9dbae912cf72fe5b6752e5bcbd12ebc8f4d666d5bac6d5,1,0
test:9867,0.04603700,0.23695018,0.71701282,2,positive,58c4373ec8df3deb5ba5f394918253722c4f689cd778e0848ebdd691ec3b1a91,0,2
test:9869,0.47626445,0.47329579,0.05043976,0,negative,9a96a2b34ce04792838561ee0ca4f98301487fa92ba63bdd32a0578e4f23bf58,1,0
test:9872,0.26416471,0.39560943,0.34022587,1,neutral,6e0acc5f188c9bc7a7f0e8d84d786afd5ab154c0e7bc171e22e7539b15e3c444,0,0
test:9873,0.43995237,0.41142134,0.14862629,0,negative,b73c7612042cc4e4cfe328932a5dbc26852ca04ae7a58cee47f5a65b7bf1f781,1,2
test:9882,0.00845587,0.45525447,0.53628966,2,positive,95e6d35b7f404b9ce534bf73647f2c521c40fcaf6e2388346ae10ca02315bfde,1,2
test:9886,0.55338656,0.41285523,0.03375821,0,negative,68e4dfe2a0b71ffcc85d6a62d96275e589c2d8bff50bb2a8f28066c5ac9e7aa0,1,1
test:9887,0.22912982,0.46143066,0.30943952,1,neutral,02d90a96ac9590c66b322393969402956c398716ec4b069891ba2a15df8846c5,2,2
test:9888,0.35666627,0.51293782,0.13039592,1,neutral,e083b3c59df9eba2a673fb6b706d96a1c33d62cedf57ea48528743190a71d8bc,0,0
test:9892,0.05368916,0.30502332,0.64128753,2,positive,2dabac26c3744b38e995d790328bc1e802816b17ba93102e92fffcc880b5b4fd,1,2
test:9894,0.43419014,0.47218568,0.09362418,1,neutral,5e52f0a79708644fac3117431a1d0130a9c5401a00235780b1d02455397f0451,0,2
test:9895,0.21337255,0.72899568,0.05763177,1,neutral,aa1d2b8339b9f67fb643692ca5c038a6000b220e683c1882ea9d3b656e7a36cb,0,2
test:9897,0.14840033,0.81574243,0.03585723,1,neutral,5d19f542477c1a0da4dcc0ae2c9298dbb6f0b13deb077d56d131e03a922e4381,0,0
test:9899,0.07194471,0.88187222,0.04618307,1,neutral,e420aa75a47ee326f004d365e5bc4c8fe26e216d834a2ba5ff30a87bd84c0897,0,1
test:9901,0.05895216,0.64901482,0.29203302,1,neutral,eee37aebc184a52cdc36a191c21c8ff92e2b570fcd32115ecebf1dea2f9bd785,2,2
test:9902,0.07874359,0.59417538,0.32708103,1,neutral,a55068583089665d863c1d966a634901e248175d5fb41a772e01eb46c813dc14,2,2
test:9903,0.11404666,0.13131160,0.75464174,2,positive,abf4818d8de319011ff3a45e38e0ad402b6908f39ef47cbc154b9d38da8a6373,1,2
test:9904,0.05808560,0.74330878,0.19860563,1,neutral,a9e7c03d579b3949fdb9c28e4edc1155cececc036e27a745e2cc36e9b94b0c0d,0,0
test:9905,0.09198486,0.33968345,0.56833168,2,positive,6f64bd42ffac196d02f2e64b47bf4b4d05b286e3307d2d4157a65f4e68bcefd8,0,0
test:9908,0.05892665,0.88899007,0.05208328,1,neutral,f34b32a0abe2811697ca8e9b35c4972a89c2e32a614d8680d71855a48d9c47f7,2,1
test:9911,0.40506339,0.39558277,0.19935383,0,negative,079bf528b97a542883ad8d89ede3c96a14297deb7fabbac5fd92fa2643dd3975,2,1
test:9913,0.36624549,0.54075653,0.09299797,1,neutral,0e634837a77e2d49cb26fd6e858aad04c6bde76f438310ff6a405497ce938d1c,0,0
test:9914,0.09157191,0.61049571,0.29793238,1,neutral,786117bce7e248f0b6e1364debd87b9a368628b897c576bd064fa157bade8c7a,2,1
test:9916,0.45500835,0.51284184,0.03214981,1,neutral,28d3f479e4a89edca9203e24dfecd95a9752d31cac3b214f70b3d84ab9b940a9,0,0
test:9918,0.07426293,0.87602704,0.04971003,1,neutral,ea2e69938d45358ed3c97ba74a24e51fdefdd8f3c62d217cae1a2f3acb40c49b,2,1
test:9919,0.05764798,0.46575212,0.47659989,2,positive,fac5dde81859a305c024b2556d6c1158d71bf53d4664301f0040ac12e4e4d297,1,1
test:9920,0.20808283,0.45875536,0.33316181,1,neutral,c2afe7995eb67bed8e2a7b830b57243996aafdc3fc428c22461e96081ce8b18f,2,1
test:9921,0.49044550,0.32875494,0.18079956,0,negative,543832e45cdea7104189d92d5c40686774d2cf8db4de859cbfadca107573cae8,2,1
test:9924,0.28821435,0.22496781,0.48681784,2,positive,fdd112c94390fe3517144421f8927f858524d274963f7fd5936148c724f2261e,0,2
test:9926,0.01507223,0.24613872,0.73878904,2,positive,bc6103876b76e37c6df6e6a483ec59dbfba9110a3a1a3094dc5066cd458fd6dc,1,1
test:9930,0.32821960,0.61478860,0.05699180,1,neutral,950383e56ae431e3b23e05614f73f3eab641c7775f233f24eee1320ffd0d57d5,0,1
test:9931,0.05688582,0.45436459,0.48874959,2,positive,0e0846c27ac93d8622a7d5ab940efe0de837d1f654ad3b965a462fb32e75e17e,0,2
test:9935,0.27225566,0.69558057,0.03216377,1,neutral,cc684b3681d4e99dfd357c30a0fccbe5967101877a800058df898869e7069f28,0,1
test:9937,0.09953938,0.31277033,0.58769029,2,positive,0742abc7381ecfaa6a3bfa8fcc0115cfc1a5358dfd1a45f4c7b6c4fd37b3335f,1,2
test:9940,0.21550479,0.69632637,0.08816884,1,neutral,ded2000ddc76afffe653495b02bbda56bda069116689e75c26393f40aaeb6723,0,0
test:9941,0.21698506,0.24716155,0.53585339,2,positive,9f58e87e4995406645b5b881319cfa522c559e8f7e85d08645f531732e2246e5,1,2
test:9947,0.39744488,0.48968746,0.11286766,1,neutral,d278438c0405992830173b814b2cf6336665db6410fa7dea7c45ac1966718bdb,0,2
test:9949,0.00198943,0.00047879,0.99753178,2,positive,a85bb15190fb3462415efcd8dff82319b3036919954796f7236231c93cc4f2e4,1,2
test:9950,0.45279673,0.22795898,0.31924428,0,negative,0036384d4c071d277634ddd7c13de35c77cce8379734ba3ed7d62f3901713d54,1,0
test:9951,0.38236849,0.52106197,0.09656954,1,neutral,578a38ac0adc430625531e2508c593fdf5dee5bcac7a0a38cf017a6734ef8aec,0,0
test:9953,0.32005328,0.57010432,0.10984240,1,neutral,0b557d9a6253125819c1b69516d29894036326c664e9a5ce98215409735dc8b3,0,0
test:9954,0.17165109,0.68742673,0.14092218,1,neutral,00070ca1ad13468192cbc2bcaa02a3b3847417342d271d0221186fd5b11e3d63,0,0
test:9955,0.07568634,0.83453404,0.08977962,1,neutral,420a12870f4ff070b8ea30dfeaccaa6ab33387c7c45445303e9c4e3ee78d360f,0,2
test:9959,0.24235545,0.42189859,0.33574596,1,neutral,af3328c1f40bc498eaa1a25d5ed56290b40f564a14cfe4dfe3fe7543476b7adb,2,2
test:9966,0.61474089,0.03578964,0.34946948,0,negative,d957f66173c09cac970ba02d0979dfcb606b1a6a03c625518018143bd2772201,2,1
test:9969,0.11020185,0.73443074,0.15536741,1,neutral,72799086dcbd14b704ef8aac7c227fe11ae86da8aef4bd38c2127efcbf3e7b10,2,1
test:9976,0.09622688,0.70981655,0.19395657,1,neutral,15dfa5fa5f9d064cab0437752bca217860d93e4e57a043c2cc4bc6fda5259bd5,2,1
test:9984,0.13272719,0.50638894,0.36088387,1,neutral,0c3be678470727ff421274ec9470a7112486d47a38f85790c28fce47e546d67f,2,2
test:9993,0.08460003,0.73214862,0.18325135,1,neutral,b78b61dd3274c9e4683ae1771cc9a256bd563a7e3e3a9f9c88891c9bf483962a,0,0
test:9998,0.10547149,0.81144085,0.08308765,1,neutral,cacb88368261320cf83babf9526d28f551dfbbaf7beb5619d9a6c04be4cde3d6,0,2
test:10000,0.45108039,0.49181091,0.05710870,1,neutral,68cfce7f4562c48e23183a9f82418d70bf198afcfcf9392a818971e8b1a91f9b,0,2
test:10001,0.12188164,0.24786097,0.63025739,2,positive,98bc23ff65f023eb43860e775ffe3135c7a1e92e3f3d5b02bf3bf73366a5f8d1,0,1
test:10004,0.24339327,0.20484802,0.55175871,2,positive,2d0fef298b2e21f26bf43d8c74fba7eb61907e47d98182e59c528d33a903f5ef,1,1
test:10006,0.12618403,0.56896638,0.30484958,1,neutral,ba9f61b0d8e5be3e05f16e56be17e17f6b37f90e63e35a7798dbea943d29d169,0,0
test:10007,0.52399605,0.38194751,0.09405644,0,negative,a0f2681cac7846ac6a71677f909c9956ab012c8845adde8a2fba087dfa6232a8,1,1
test:10008,0.04508903,0.74707205,0.20783892,1,neutral,648994b5eb569720dcf03c2c6733cd1cda90f05c4f21a6569e1872d8ea721081,0,2
test:10012,0.40011994,0.45902750,0.14085257,1,neutral,279b7a1f982d78115ddeaa66229ae6c50778703d1ea6c523170e8805f9682844,0,0
test:10013,0.26235286,0.15819110,0.57945605,2,positive,738a828a9b2db82858b0d8851530cef7d8ac4087b6bedd874f82d948f5652e49,1,2
test:10014,0.67097978,0.27151586,0.05750436,0,negative,735f076d6208c68e16674e4a98d561d996efe4de272d8de79ca98343f8b72529,1,2
test:10015,0.05850201,0.60096382,0.34053417,1,neutral,0c24042d38c80e57f1d85860402ad8cec6bac0ac54238482225eaf33cdfcce92,0,2
test:10019,0.00712207,0.07354502,0.91933291,2,positive,a14d9fac1b9433c90d7225ea2e4f3cd4b233a079811ea1a7dcae9d41c89be19d,1,0
test:10026,0.19000166,0.75483621,0.05516213,1,neutral,ee3388e5e7a0d7f30a86d168f083d76a1ca84992dbe9075d3c6351c500e279f9,0,1
test:10027,0.10473686,0.64652014,0.24874300,1,neutral,1bb8437b2163e66b0992d1f771f14bd9d41efa6a6bebee5b934ba5bda464c34d,0,0
test:10028,0.24867171,0.55757346,0.19375483,1,neutral,7d984aedbe395e9a185d6140edca1afd223453ab95248eb2d532b7ffc87734c3,0,0
test:10034,0.75475694,0.17065938,0.07458368,0,negative,ffd229b8ae785a58f541c010fd8813a906aebfa1c621f4115668d121f86bf0fd,1,1
test:10035,0.21575679,0.69929584,0.08494738,1,neutral,c53be37ca54856d5378af15fa939fa2e1332bd1e41275c7b4d8e26480a10744c,0,0
test:10037,0.13804612,0.78905300,0.07290088,1,neutral,7baedf29e6d26d918fcf1e4cc959b72febf3cd503e5f5ca9696e58a5eb5c270e,0,0
test:10038,0.18977719,0.41194200,0.39828081,1,neutral,454db298b487b505b35eae4e503c0ba027a4e91bae96227fc097758d4b3b1802,2,0
test:10042,0.58633688,0.34294487,0.07071825,0,negative,a97e3197987cb05224ea60ab0716b2d9700eb41031cace7148a6af1f9afcbd09,1,0
test:10047,0.37990999,0.45882253,0.16126748,1,neutral,b6f6915b55f80f737f833eeb632b6e5b9f1b291d2c1c1c84e85b312568e1d880,2,2
test:10051,0.33712232,0.60824309,0.05463458,1,neutral,352f8ed941928910d912a27373f6349bdfcc15c61190d73ef855226c462a9f5d,0,0
test:10054,0.46427083,0.27963052,0.25609865,0,negative,ae91c8e84d05888152d118d18f71113ed7b19098f29a6d4ff4e78c3927f1fab8,1,1
test:10055,0.06246101,0.44299500,0.49454399,2,positive,e91c95001885e3d67995ac17d2901615013a2fa304f1eefccb480de33ed99dd8,1,1
test:10059,0.25237215,0.63339842,0.11422943,1,neutral,7c521fc1524799750b5c9e9899468c7db822fc03e145ce8a0a448c4f48b468c7,0,0
test:10060,0.11183758,0.68324527,0.20491715,1,neutral,33feefc79cd76be7ffc38bf52a4c0fa13d98348807b58ae47fd8a85ab5e7aa75,0,1
test:10062,0.20230010,0.66404811,0.13365179,1,neutral,298915339ada8936e58c59c1b88a8925f253e14966b2c2833df0b6e9c38ae964,0,0
test:10063,0.32125636,0.22269766,0.45604598,2,positive,5f225f3fc84371c2677b2c81d39e28fd9cf6279dbaba1545b774c95fecc83926,1,0
test:10064,0.21852209,0.56371483,0.21776308,1,neutral,27776ac4c88aed3b0d313f9791b992b83396d34a2e034560aa9d6df7aee65ec3,0,2
test:10067,0.62902449,0.32186006,0.04911545,0,negative,67decd14789a15d4e6f0420d5fc3d233262d55f747d9b6a83ed31164c3d34bcf,1,0
test:10072,0.24128024,0.41981765,0.33890212,1,neutral,719db0959bfa98b54d7be10d6b80722316d169f78378f5ee52ef034180157e75,0,0
test:10074,0.42911039,0.43110501,0.13978460,1,neutral,e28917f7db170af760802333f69f694754fda2abb6975f99eaf9d73d9ba8466c,0,2
test:10076,0.32645168,0.63191028,0.04163804,1,neutral,f782c79128996a44f63e4b9359f25717fead80c37258b8cf3ed0dbdb3ff14f32,0,0
test:10077,0.04631615,0.43288013,0.52080372,2,positive,4c8bc0c80ac1804bbf32758d97fe024b214f7ee082cf553c59b83d6a72b17880,1,2
test:10080,0.34184675,0.53412026,0.12403299,1,neutral,15998ae5b238a5a96c9214d0a38f749a05ab0c974e5b733d2836e393c487379d,0,0
test:10081,0.06921373,0.48669146,0.44409480,1,neutral,7111f62706ee5d1241de7e98acb601fd5b9f17311b177e64975008db4c7d7676,2,2
test:10085,0.26286438,0.56166479,0.17547083,1,neutral,df80d44abfb6d7981ffbb1123ec6f117459be57d57cc252555f05d90ed92a122,0,1
test:10091,0.18813272,0.68640493,0.12546236,1,neutral,684b90cd815b898f28d19adc8bbd6f26387ee765f2a584f5480752a107d48102,0,2
test:10092,0.09156000,0.48749375,0.42094625,1,neutral,20a25a55ef434ab5f65cf3ce111ba9b4d307d05e0d5750304179f7889b7bc84a,2,1
test:10095,0.41618663,0.46316299,0.12065038,1,neutral,833a8afa2be54ea03710faa15a0146f44fcaa1dba57affce088d4e13334180a9,0,1
test:10099,0.12736136,0.77215742,0.10048122,1,neutral,bdaa1199fb9e1919149b1ca211c03c01a416ebd231ae4dd491530c1c23810939,0,2
test:10102,0.03873995,0.48560874,0.47565131,1,neutral,25c4ebc80bb3e42f7dfea04d8ce214bc53e7c62b9046fc4efdd3d23a7f5caf32,2,2
test:10103,0.41845444,0.11194662,0.46959894,2,positive,4a3fd66d83ef6d6afa3f0e6171f1725a1a1b5c6652f77299c80b794d09828b88,0,2
test:10109,0.02808004,0.80975404,0.16216593,1,neutral,a8e5207cb8c5c0fcd3eba9422843d9b33ca5f3bda00b50a2a9d7356ee71e0bbc,2,1
test:10110,0.39228870,0.46520812,0.14250317,1,neutral,159df528cbc15505c6fff97645fbe54a25980edfc93f5aafbcf84c39a00857cf,0,0
test:10111,0.53374671,0.10252863,0.36372467,0,negative,a6a772da5a26e9ab9d75ddba0855e9ec22dea108fa7f96f7fcb9bb8a677fb84a,2,2
test:10113,0.03328887,0.70919418,0.25751695,1,neutral,e7347c6e91c676f94b79abf093ec5b9df081a5d761b8f22478557f33de32404b,2,2
test:10115,0.32257837,0.24623604,0.43118560,2,positive,500c9e7a5640042cfcf84449b30f38306655529bc525b1cfeb60dc3442cac100,1,1
test:10116,0.11220320,0.55832366,0.32947314,1,neutral,adc52d140d2757e088a28f96a0d2201d194af714b90e959139ecf81b3816dd46,0,0
test:10117,0.24490861,0.64180731,0.11328408,1,neutral,b6d5f5c9558c31ba3b88cb439c36f008c4d5283f3301a86b2408db060b489ac9,0,2
test:10120,0.64953803,0.22862796,0.12183401,0,negative,068df0cb3307f29e4248922b6977937ccb01342f674fe91534eae90592218947,1,0
test:10122,0.54029792,0.41116993,0.04853215,0,negative,92ad28d91af5ba388ebfca534d84ae9f9da7894666eb500cd8c3fc1d941f9407,1,0
test:10125,0.37995267,0.25781251,0.36223482,0,negative,d40c69482e03155db83736b3f4fd687791a087abc4531f842cb9c8718f42a4de,1,1
test:10126,0.31681856,0.30013671,0.38304473,2,positive,13d6652d5a5da001f313750ee73f6df4cbdd8d324630a0b3f13c55f24e7942a9,1,2
test:10128,0.22089299,0.69650175,0.08260526,1,neutral,36a34eb4e1b27f7b2b7ec0fc6f8e9cace984c7b4af7c1d0079acd243b70bca23,0,0
test:10131,0.31517340,0.49743209,0.18739450,1,neutral,b740a2ccf4fa8dfa994185ce22eed55c25713233125a530b5f7038b043a765cd,2,2
test:10133,0.44605647,0.50396452,0.04997902,1,neutral,94e668d7cb9bf4e95872c4d13202bed3f7447cb628af6b0225c00b9949a64152,0,2
test:10135,0.00538953,0.04172501,0.95288545,2,positive,70b80bfd7a4fbe4719a3391c68be093240087979a1afe4106c1bbe2fe2ff4d2c,1,1
test:10138,0.07389529,0.72557895,0.20052576,1,neutral,633bfce34a2f87e36ae4beaafed381eb86eb5d8d68b0028930d35eccc3fda3fb,0,0
test:10144,0.06192079,0.59206908,0.34601013,1,neutral,fddee3b1f05933ab79938c4bfe0b25a9f39f7017095057a1c5b0f77eb58640d7,2,0
test:10146,0.22914747,0.60395809,0.16689445,1,neutral,feffac797c7d928854852a860a352fcb137f4f6196ebbc421126c2e66843b5c7,0,0
test:10149,0.08243283,0.36660601,0.55096115,2,positive,d87d1e637a41ee99b82d894fbdc3d31de9e11f6380dfdef44d3399048224da76,1,1
test:10150,0.36347352,0.49889527,0.13763121,1,neutral,86c4c1959d071b286579456bc2bfed7e6bf5f5eafb0064f507171804e5a99699,0,0
test:10152,0.65857590,0.32751949,0.01390461,0,negative,78403d46afdc1f494299d43c61213349698d68df54c4c42d446ed9b708bfed2e,1,2
test:10153,0.20151110,0.48109302,0.31739587,1,neutral,4f7287d10c3c0fffadd6bf2c536c1060fa1483759407a75ed5956b16447bdc77,0,0
test:10154,0.44631787,0.53575522,0.01792691,1,neutral,18e25cf68186fdf51e4c79f60bb69e9edf96618886291076d293ebe4ddc09b3f,0,1
test:10155,0.11388611,0.37270096,0.51341292,2,positive,dd27e292c89ec5824f383e18fa7f07e92cd642a9edb1cf9e18bc9a6e56315d19,1,2
test:10156,0.05543271,0.40866483,0.53590245,2,positive,559b015b00edce371dc25aad88a9b4a4e45b31bdc5568442d3dee6f71feb18fb,1,1
test:10157,0.53363690,0.33708357,0.12927953,0,negative,0f10261d8cd80e4644efbb6201a25ed04cd61c21f6c82fd7398f4264b6e16d60,1,0
test:10158,0.45079067,0.47448865,0.07472067,1,neutral,bc936e0f4f20e506714bb87f14c1e9b9ec9a4db54cd5dddc89020cd7ea3b296d,0,0
test:10160,0.03867540,0.76124511,0.20007949,1,neutral,6bdc834a66afbf7e93ca1a6df34cbc958a5fbd3ec3e18733da15ef0e08e0ee8a,2,2
test:10161,0.03786463,0.28163520,0.68050018,2,positive,ecc25e3e74b2685bc2aeb1134cc6371c56075b1335b739767324a78cee17fdd5,0,1
test:10163,0.27660261,0.40027901,0.32311838,1,neutral,7c1d39962625fdad25590d77ef1bff60506620833e21c24546194a51d2dbb016,0,2
test:10166,0.01586361,0.05227618,0.93186021,2,positive,f22fea9994e433e3973a3fc7c5eae56cd2d375c7477bf14abd626638abff9a66,1,1
test:10167,0.06886049,0.20319033,0.72794918,2,positive,9644c99ba9c2b6c70d47af6416dbb1155b93b8c7a11cb4a581bb6590244bfa8f,1,1
test:10172,0.57262549,0.33701561,0.09035890,0,negative,62d59ae189779a51b238b37f6693f22268e1ea96421e84e782fb987d466b8b73,1,0
test:10174,0.04278873,0.26728109,0.68993018,2,positive,6fce616cfcd251b910243ca81e4dffeae36f041fe67c523fd8a34fcd8e8f3665,1,1
test:10177,0.18610166,0.73529587,0.07860247,1,neutral,f39e5a916eb7461adfc5833c4849f71f8263f2bc773b44e48bbd2eae054c859f,0,0
test:10178,0.17160480,0.79980800,0.02858720,1,neutral,deb4159b1ed9123442c113089488dc2bd1c9a85a7e1884a71acf2f8471e2b8e6,0,0
test:10179,0.38238730,0.29097534,0.32663736,0,negative,2037b3e76b122847ca6cf6d73b1f5124a6f1725251f03e5baff18ce39a30176a,1,2
test:10180,0.18946467,0.36956853,0.44096680,2,positive,38d44859b275963a96becc73766b5dfdfa8981bf4401c0b5da94e78f029c74c6,1,0
test:10185,0.18017476,0.56537652,0.25444872,1,neutral,697d8465e1a000b492977c9fa8839093a797ba194a925c9a05d354fb1159bbfd,0,2
test:10188,0.39046581,0.32527825,0.28425594,0,negative,eb4be68d49cda94ad8dad6cc9b05c6346e1880d6150de2e4cd10613af634d420,1,1
test:10192,0.02570114,0.05005764,0.92424122,2,positive,9b82133d25b5df56816ae6cb8a7cb7d50606d6751594241673fe25717421b7e5,1,2
test:10195,0.11871121,0.43220844,0.44908035,2,positive,d06c8c50c140498e2e6a6f2962f219eb3710eefbd77365e10f3bea651b3c2c09,1,1
test:10198,0.27668780,0.17196258,0.55134962,2,positive,eccb8ea407f02cdff10bab87ef1638cb483d6821eb72711b2824f314c9f5c862,0,2
test:10199,0.12206194,0.55776993,0.32016814,1,neutral,4dbcb7e016cbe8d40ee1ae526144f560569530270e5f6f224e42a85bc491d145,0,1
test:10201,0.30164065,0.59758217,0.10077718,1,neutral,28100aca2421b84c086f573d48d02ad229716ef14bf42837f532896c581e4f58,0,0
test:10207,0.14217785,0.34770835,0.51011380,2,positive,14663ecb2a7f8af6169e75ba7e6249fa838cfec306682df191771cf5eec8f6d2,1,0
test:10208,0.06082036,0.59200439,0.34717525,1,neutral,cb5b69f7e2ff0c6c657435c3bbbb8446f63417697ecb2c187af3fc3587ab746a,0,1
test:10210,0.16720224,0.46735023,0.36544752,1,neutral,bf6c823dce1a03cd6fc9828e462592e13ed8eb26facea3749ed2a34579bda259,0,0
test:10213,0.68684625,0.26006671,0.05308704,0,negative,df4907f5f628df7669cf54a4874cb1a63c191e4a3e54b40651e8ee3047a7070e,1,0
test:10215,0.05758040,0.22619319,0.71622640,2,positive,d9418966c62bc17d659ebeab6dccc18bc5fced111580d3476b50491061bfc2b0,1,2
test:10218,0.01922880,0.57952199,0.40124921,1,neutral,f0b9d8c21727b256c4aa46652a4be3a7c2f1b4bb3a34f4f020065fae1efd373c,2,1
test:10221,0.21474824,0.38723168,0.39802009,2,positive,cf7eea13fd901118b9dc7856d6f530bbdb4f5b73b4a4eb71431849e728c14854,1,2
test:10222,0.02288425,0.31219953,0.66491623,2,positive,d28f6d8a5279b0fdcc58a06110b5b87137f68c9209d3f40d0ec8caba34e86e8e,1,2
test:10225,0.05290708,0.35003606,0.59705686,2,positive,0364a81a6bd4a9b52a5a1b4f4f6e2b0d1641d3cddd83c7775cefbe692e59a10f,1,1
test:10229,0.08120155,0.83204208,0.08675637,1,neutral,a28c9a2fc9733b155015e27a4ca0917664d89897f7380c52d4943c0db4790364,0,0
test:10230,0.15705855,0.40489080,0.43805065,2,positive,6e07aefa77d06ebe21b919b53c35793389afef3b843748a39116bdafda006239,1,1
test:10231,0.11430089,0.75389361,0.13180551,1,neutral,d97c47fb539f30cd4d5509a36412fbfa2fd2ca0605b29f70dc10861421b46b31,0,2
test:10232,0.01132412,0.00263815,0.98603773,2,positive,6bf1cc588eeb98ec1bbd40c6ea158ba77057e32efb7bcbde336457db1fcfd255,1,2
test:10233,0.46107126,0.38094863,0.15798011,0,negative,a807e69d6945548327139aab050117d0eaab37b2dac42f8b5ac1fa66ccc14b5c,1,2
test:10237,0.02648811,0.01758100,0.95593089,2,positive,a56b1be60637753856e646fa7b1e30ce98f61eaac4cc465f5e4bfe812f5b4fb2,1,0
test:10239,0.11359410,0.52727346,0.35913244,1,neutral,f8e67fd0fb97bff20e1889e29b3ca1a4e8707c1d472c30e36b8d1a904f466f90,0,0
test:10245,0.28435585,0.56437814,0.15126600,1,neutral,4c1740487c6b341975c9d32eb4ebd7075a6efc742d987ed7f4a79ebcb12694b2,0,1
test:10247,0.48005770,0.50732077,0.01262153,1,neutral,4fd4f2ada7bcc5d1466dce06e40d59e4f7ed7674031ec7337e506f1ccddc931b,0,0
test:10248,0.43368390,0.34016832,0.22614778,0,negative,852c459581b249adc26885cde3bdc4016c230b4f86a5a49e1f77be094f70dd81,1,2
test:10249,0.10849188,0.54334326,0.34816486,1,neutral,5496b148a3a1368738574bf03b871dd8e11cf88e601ffc6662174b1dea25e153,2,2
test:10257,0.19688041,0.51306232,0.29005727,1,neutral,494a2d503173a24bf4ce37da2b32e1830c13de36be8da5c8342291c53be91761,0,1
test:10258,0.13052460,0.39271968,0.47675572,2,positive,8d0d8bd81650ebc8a73aee0cf323ce82a6da27c44a456f0d48e33378122cde2b,0,2
test:10265,0.38952220,0.54254738,0.06793042,1,neutral,14a0cc7076800f3f5366474283ce48f26e6a7ce09cb665356bd0488cdadd85ce,0,0
test:10267,0.09148039,0.34276345,0.56575616,2,positive,dd40d5b1cabd62f5203c8b331920c9af5e296e4c920beb498b64298e0aa49214,0,0
test:10268,0.09903291,0.32871850,0.57224859,2,positive,323d89283413e5a5ca21cce67ab25c5467b12181acd324d8949e1908acb99ee4,1,1
test:10270,0.17477377,0.71519455,0.11003168,1,neutral,deca5d6dfc695f7a037637d3517ed20994683b57d0824e70fab718446562e95a,0,2
test:10273,0.11243826,0.80290696,0.08465479,1,neutral,71a75de9252afa479b774ad3a312fe7e379f91602a2c5a6fda2d335eefabb7aa,0,2
test:10274,0.07848805,0.85484468,0.06666727,1,neutral,6d8de6ddd6df0c5c7882c76189db13b54721699b67ea6ad86ef7f90f99535441,0,1
test:10280,0.10257848,0.43391281,0.46350871,2,positive,30871acea3d3cb8633bcdc1d8ec936c3e6db7517ffdb586a02a74820a79cbdf1,1,1
test:10286,0.01964774,0.01956794,0.96078433,2,positive,31f6644f09818641657aa6e18d63972a004bca792bd1773283e1f6f3d200ea10,1,2
test:10290,0.08231139,0.72712717,0.19056144,1,neutral,4e111372c5cbc75ffb71e4b4066b7d2f16d45572d99853407ab91158ddbbbd83,2,0
test:10297,0.35655296,0.59741565,0.04603139,1,neutral,2021afc6b16a929cfc6af2ea662d92dee73176d0a0cd2929c5ddeb77b8f3ceae,0,1
test:10298,0.16295609,0.64043706,0.19660685,1,neutral,26cf267e5750969300d9a6f0822c33131326070c0173180a756b276a8b2a8ab7,0,0
test:10299,0.27020266,0.63581745,0.09397989,1,neutral,25140a0880f4d4916bdb54400fe86ed0f9dc8c099e46f810e4c48d65390b2d55,0,0
test:10301,0.03576924,0.61366461,0.35056616,1,neutral,2eb34a60f0b8d4bbcf544d88ecbb1feb39ff6605bd17cca6d0dca885c8b99e35,2,2
test:10304,0.10737660,0.21785407,0.67476932,2,positive,f74a39985c0728bfc905f8ecd9bac92977c16f67f47115649b1f69468621ac34,0,0
test:10305,0.37983025,0.15622725,0.46394250,2,positive,0394e26e38944ef758be25cc827d195735f16c569f37346d1cc7fad495c72650,1,2
test:10308,0.20318958,0.77196411,0.02484631,1,neutral,349e28ecf7e449f844e08e72c1a8075cf5b06a2f741da2540818407b9f04dfce,0,1
test:10310,0.11667108,0.61631244,0.26701648,1,neutral,521084a1c9ae4939b06f524401a2bb2b1035e6285848571ea35ef6bc35bf36eb,2,1
test:10311,0.29904822,0.31243468,0.38851711,2,positive,5274bdd84d488a3929e64ebb22b28c56b694023dd0ccceb5bc5cb6d6e29f6a87,1,2
test:10312,0.04167151,0.82051518,0.13781331,1,neutral,81785bd3704b685c9a50e75c69f76560d8d598c093c597336e09bcaf978a7c87,2,2
test:10314,0.17981992,0.50150832,0.31867177,1,neutral,b099fabe98bd04bdfc0c2d69adfce1d9bcf8b4777136032ebf20d90bd0e8366f,0,0
test:10317,0.06430663,0.77436302,0.16133035,1,neutral,e4203f16b8093a4c9ae8900d7c429cc4d697a81407de1d329e6ae29052e193f4,2,2
test:10321,0.02886655,0.66061197,0.31052148,1,neutral,bd744ef6f41d7441935e9ec713c683cb03ef8f0519fd91e43a7273d15a2c2d27,2,2
test:10322,0.08925371,0.48333015,0.42741614,1,neutral,71a32b7a3157195e3e53df856873395b383a68f26fe9d8de3dfb982445cce9bb,0,1
test:10324,0.36866051,0.56481338,0.06652610,1,neutral,3e3496be10b3cb25a37f271ad90df58edad034c1093494bb713af46d5d0f9ee5,0,0
test:10327,0.27629600,0.24327472,0.48042928,2,positive,316494e63b3442549959fbd04e05c3783ef910cb9c819977ec06d2c7cc21da84,1,1
test:10328,0.07930377,0.45455817,0.46613806,2,positive,a0910e27abe295a5a0bbaedc8df94915e76c2343472688fba172346d96315159,1,2
test:10331,0.35741303,0.19425130,0.44833567,2,positive,8a9d6fa4193d19a299a7f4a7aebe5a57baeafe5862a1206370d3f074f627d6d6,1,2
test:10333,0.36213621,0.55231928,0.08554451,1,neutral,86fdafa9f27c853b461c81b92eb8bbf844a76504f1838898aa4559966d614d80,0,0
test:10335,0.05408931,0.32780515,0.61810554,2,positive,0461d8be3da10ffcb084a26f2cb3cffae60f312672766527c703746ecfab0eb0,1,2
test:10339,0.07861360,0.57263729,0.34874911,1,neutral,da9548264e83e255a3924830580c79a421efd479cb2493373c1fdf53e56070c2,2,1
test:10340,0.32924997,0.32184102,0.34890901,2,positive,53f1b3cd9843ce231d6f05b833c51eb0b194f86460ce4a9d1fcc0ed843cc5723,0,0
test:10341,0.10248591,0.43770279,0.45981130,2,positive,8dda1d9b39f658eae5239b73ba3e78edc34667845132137cb172bf4e52832322,1,2
test:10342,0.02763412,0.35706082,0.61530506,2,positive,80e4bf1a08b3b4e25e682b6f6d1a6f5c754a358154d81b80444276008914dfa7,1,1
test:10343,0.17221527,0.12583806,0.70194667,2,positive,e4927cd96905a22e1be4defa5f33f5c5268dbd8c5ff4eb0ac64d53420779ac08,0,0
test:10344,0.33028275,0.44011722,0.22960003,1,neutral,18406ba1562d1fa8801d506d8b52ca22df07f2df82fc3b889012e91c2b9df798,0,0
test:10349,0.21619503,0.43445923,0.34934574,1,neutral,a1ed7a614cf18937413c4bf0d317dcfb7dce8ef5ed1e7b522a43716086796acb,0,2
test:10350,0.12691466,0.41283710,0.46024823,2,positive,f8ba8f8bf66b5311b9e36c0b63cf386885112101660063cbd28afe5d22ae728d,0,0
test:10351,0.07755124,0.08498489,0.83746387,2,positive,355dcb556d602061bb925a85cbe892c3257352a1b9b6f9180f6aa407f94a7cd9,1,1
test:10353,0.04745529,0.16513692,0.78740778,2,positive,a8765dc0e7155088a8a3c991a8467d5aac82e3a50fe456f2b5976d29ee94afac,1,1
test:10355,0.49411720,0.29838051,0.20750229,0,negative,9ae26dc8c1947dfb49ac1cc0c52025b1ffbeb16d4a18562a1ef776f99598791e,1,2
test:10361,0.43422230,0.49894225,0.06683545,1,neutral,fc68ecc78fa2a09cfbb96634b992d705368f8c1e01313120be8cbcffd3e9e783,2,2
test:10363,0.02629740,0.32118225,0.65252035,2,positive,12d0e0db0876ad6adf05743f6cf25fa0433f1d73ba082ccce7f6c7c88eaf0a03,0,2
test:10364,0.19048598,0.77269382,0.03682020,1,neutral,b63956639b6d353e7dfa04e0d6477b740431c384bd86dd2d8976f9d674de27ff,0,0
test:10369,0.37864745,0.47145570,0.14989685,1,neutral,ed197064df3ea3d8afbc490acb79b2ebcdfb280c2d023b71ef734300376b9e36,0,2
test:10372,0.33817450,0.52811775,0.13370775,1,neutral,7da8af825f8425ec8bc71a0973138e4b2587efbbc897eb72acfe25eb2cca2067,0,0
test:10378,0.44794763,0.11283856,0.43921381,0,negative,e232f40b6e1a385d9d57b614e445de5a2752812254bb21765a712a65fe2d55a0,1,2
test:10380,0.08083287,0.61262788,0.30653925,1,neutral,8568f1820f66298c61f508d2238a2af576d661c82ffd512f43092acb4e6e83f6,0,0
test:10384,0.80601276,0.16115116,0.03283609,0,negative,ba8431cd7c55fe9edeb2ee897e2679392ad3e838591ee336db6c5d96c5f8ccfd,1,2
test:10385,0.10631186,0.78866633,0.10502181,1,neutral,3acd9185cc64cb4c3c3ed8a520f25cf57e33c2705b99b8ad1d3dc670991351fc,2,1
test:10388,0.79031610,0.16873012,0.04095378,0,negative,a67191bfa52f637439e109a1817ef1e2a4ddce6b6f7c0ba53fe3a094229109d4,1,1
test:10391,0.01798658,0.58692302,0.39509040,1,neutral,bee955b00b04cb742345b8e62f7527910bd5328ef5bfa066db033e7bf2d2e1c7,2,1
test:10392,0.05297051,0.64115870,0.30587079,1,neutral,5a207d91a8a1ee7fee0422b8af246c2f6b8a0f3f84fa1f8431b28402f5691d5f,2,2
test:10394,0.37850437,0.39787294,0.22362269,1,neutral,172b37bde5051048be38e96c2a22d0403b0d685554c01ccf14cddb8b2ab7127e,0,2
test:10397,0.29931470,0.08506052,0.61562478,2,positive,665bc70fbcec7d102c1d310395b8e96ef841c863b42894d8401c661c7c16ca2c,0,2
test:10399,0.03822675,0.74735627,0.21441698,1,neutral,bcf020bf4c3b67a25d4756bfc72423720a398f92cbbabaa475a038a573974104,2,2
test:10402,0.22058814,0.63396504,0.14544682,1,neutral,93dac9cd4290a5d1548b4c0da9d3b7802ba725aec2f6ccecf1faf33bf4721565,0,0
test:10404,0.10022463,0.30340811,0.59636726,2,positive,dea5aa320fa1cd2e45ce874bf23c0abbcf2bfd0c3aa3f9cd877c6a4b61e7026a,1,2
test:10408,0.33437048,0.30441557,0.36121395,2,positive,3d26397a2c1a8824f2e74433e8dde2999b742dfccdc423b5b0ea97cbef689515,1,1
test:10409,0.05695122,0.86038306,0.08266571,1,neutral,15232cf67268b6337f3c68b4de84e29b1aca184ebfce3e55104eb27dba34c4d8,0,0
test:10410,0.03812726,0.35170724,0.61016551,2,positive,24f14c866ef6d07c1aaae97f4899e39ce082f1de3770dde295167d749f5f242f,1,1
test:10415,0.17425921,0.60926104,0.21647975,1,neutral,2049d35a550d81415d72d987076f298db6abed6ccee76c922dad93eba9a005a4,0,2
test:10417,0.13621807,0.07652944,0.78725250,2,positive,5989cd4695104fa8d33ed8a5d99641fa831b78ae61f923db034a88a16382b6a7,1,2
test:10421,0.36402292,0.12437109,0.51160599,2,positive,edfce6b1de9f1129cf8971a31171f44b3d13688b0fd334e5046d98ac82438e6c,0,2
test:10423,0.05192712,0.90213984,0.04593304,1,neutral,572f51fee95de8a0515502268b38626d73614ac38fa04704a52757c3ddf8b66e,2,1
test:10424,0.09624345,0.55334644,0.35041012,1,neutral,65a59384db101b01785af7fe6b74d02c9c9d2db291845241405a2b4845600cc2,2,2
test:10425,0.59713475,0.38066580,0.02219945,0,negative,d43ca285f15fc59a0c46859006ce0463f76435c6dfd3d58faaf125752922681b,1,0
test:10436,0.53798596,0.16427180,0.29774223,0,negative,0a255851182bf7f39326ae560af98426dcc4cd7ddc9a882b030b6c449faa702b,1,2
test:10437,0.14871025,0.71582792,0.13546183,1,neutral,828ff1e389384c672ed819a885d03550a85230d503cf1835b413718e050d19c9,0,1
test:10438,0.13341898,0.25563713,0.61094390,2,positive,883313c4bd71e343c6abe0992cca5b9d222cba76245f385ff45cf26151d840fb,1,2
test:10439,0.45832779,0.27415820,0.26751400,0,negative,4823066d5bd2f277c1f2d43cf630a02c6b1cb4b5fc71ceae5022bf3d59514e96,1,0
test:10447,0.40156591,0.16602752,0.43240657,2,positive,0d2458ae48039061b03560b61b27a26902c3e12b71ed38963aac734cb4559870,0,0
test:10449,0.28308118,0.29263970,0.42427912,2,positive,9c44f4f84e85dd1cb82a30fb40fc1ed73e607aa7963d7f9de33a755a68b6c383,0,1
test:10451,0.17717638,0.24918757,0.57363605,2,positive,3c6f43137ad5cfb893f42d485ed74402a745295acbea413fa998d2a2d78c0c5d,1,2
test:10452,0.30064380,0.63552916,0.06382703,1,neutral,724f49b28b1e79e499e96600abdc081c12eedf52c01be11fec477cc39b3ceab9,0,0
test:10457,0.01438220,0.93355668,0.05206112,1,neutral,3bd5beec228a2a22e8b9a001227bbeeae58cad0386e0750149b2c4b1409aef73,0,1
test:10458,0.43979573,0.38379643,0.17640784,0,negative,1c25f3e188c91e6622b80ccd12f7d591d8a845510d7cfaf501f34e93a3bcc028,1,2
test:10459,0.03485889,0.72851779,0.23662332,1,neutral,8dd54e2230b47426959f8268830a0e063dc615e1209353d40ddbf9b51ebb6752,0,2
test:10462,0.02336270,0.61276456,0.36387274,1,neutral,bcfcb217a14e98dd6d343e8a2e010b6366f0024652da2c806e5da45b0448993b,2,1
test:10464,0.63844027,0.13949686,0.22206287,0,negative,5e492bc0482a323258c7955b15bf8f4e2d21e68a18106a86ebea5b605f682d85,1,0
test:10465,0.09000783,0.53606123,0.37393094,1,neutral,d9c82d0cdf51d2c439da16a3a008a596dadded463490105e3e06e736ee23bb28,2,1
test:10468,0.31734938,0.65015593,0.03249469,1,neutral,7752d3b9a93e53180b3e25d89f500108b330dcc7949ae89be22c6b296dedf29e,0,0
test:10469,0.35997387,0.60096515,0.03906098,1,neutral,e3e27289413aa7675e556258a67146be37282ffddec1be86376522fe6533a459,0,0
test:10470,0.29080338,0.29344462,0.41575200,2,positive,b22feb4f1fafb86c91bd140cd6baa0e8306eb8a22dbbbfb6a59a97b22be9f307,0,0
test:10473,0.16344557,0.66350728,0.17304715,1,neutral,746cc23ebcaa61ed0d3c399052cb6ec7233cabd89945a2de64735ca1aa353844,0,0
test:10474,0.29132520,0.12108281,0.58759200,2,positive,df04f09d58769ecb347f27f2733f4505cb92391628903c4d3b903e276bed0c55,1,1
test:10476,0.15391070,0.56228824,0.28380107,1,neutral,5ccb0f2314ddc54e80f58628b5b0e9bdbdae15d967075acb52cc4ef223f112d2,2,2
test:10477,0.65642700,0.29567851,0.04789449,0,negative,5e4612113c7b1a0cb414950785d512cb0dd4c5bd8228dd7f3b058809556f73a2,1,2
test:10478,0.06739081,0.68630052,0.24630868,1,neutral,9ccf58246a3aca6f399a4be672ea9fab9990068252895e6d78a4c648391f9791,2,1
test:10481,0.39156715,0.41785368,0.19057917,1,neutral,00ac9f1b986b661a27e4331b2f72e93346294f883a815ba26b6d75175321e359,0,2
test:10484,0.59606772,0.13221675,0.27171552,0,negative,f730779726ee34b913c9fd5b8560e508db255fdf193c35f4f4a883fb150a8e1e,1,2
test:10488,0.10426397,0.32746398,0.56827205,2,positive,314e2946963b58c676740210cb9466bd1d988bab7143b0075710a319a69162f7,1,2
test:10491,0.12428218,0.58141990,0.29429791,1,neutral,d4dc98a1de8ee14dde6455a63757a2c0f6f3d338b8fb6fff8a9361b978cfc302,0,0
test:10492,0.09773835,0.61529066,0.28697099,1,neutral,914ea17c936e4d19f71f08b879e9b6a922cbe50cbe0e58e263819ddf6e90a8c5,0,2
test:10498,0.43998912,0.44662625,0.11338463,1,neutral,2fbe5741932f5faade3b628b350993e2f4a3075183aa3a0cbf2420ca96272727,0,0
test:10500,0.52391356,0.39229930,0.08378713,0,negative,f5b944bf3c7d5ff89a54a4df0cf32694eb65b512068a25e25032cff472098075,1,2
test:10502,0.50291225,0.35280925,0.14427851,0,negative,7e1c469faa52604e1f4e039d44d205acfc7927b49e5e62444790ca115e8cfca7,1,2
test:10503,0.48871347,0.27038913,0.24089739,0,negative,c6a3936e2bbccb6a5bade9c82ddd516a8b8b0feee594c50779c0c9271c6b7aa3,1,1
test:10505,0.75711013,0.17011887,0.07277101,0,negative,d04c4a089ad20dbf74635f1dcbed8e14cae53f1de19bc9a4858db2c142921a14,2,2
test:10507,0.40643470,0.35372856,0.23983673,0,negative,6796fde637f8825e105533aa43e34e1f6f3fa31f5f5dc558e5d9d4ae1543ff28,1,0
test:10509,0.16040155,0.51365919,0.32593926,1,neutral,4c6fabb33e06138a5688eeeebcdf61757cfe82c6176c69deab671c16da7b5d53,2,1
test:10512,0.22245211,0.51122113,0.26632676,1,neutral,182e0a2739c2dc15110a76b7d9f29f0618cdedb1cd8f8920f3562ba85542d12d,0,1
test:10516,0.23815703,0.19381157,0.56803140,2,positive,82cd90a5192692e5ff8ec98a87ccead444d7ce019c5870db088f3c6c90739f32,0,0
test:10517,0.56666175,0.39239074,0.04094751,0,negative,c7c937a52fcc1b005a3771e05819dd781e9cd529ab2da68368f7e041ff66ee74,1,1
test:10519,0.10179725,0.62006183,0.27814091,1,neutral,cabfb726f1c4f0cf39028d6653e76e00d64ebad97a4153a330390d69b184de74,0,2
test:10521,0.14296810,0.63059814,0.22643377,1,neutral,7c6e26f773c5d691e4e03663ed1360ef85385bd88d2f119c5559968310984ffc,2,2
test:10523,0.09350333,0.83141381,0.07508285,1,neutral,289b19c7619ed659492395a00a555ca90164fb5667586c9648caaf77efdd7af4,0,2
test:10525,0.35008568,0.42527548,0.22463884,1,neutral,29f26fa67ccd46aa69c0b08941ae8361fb4ec1858e0bcd032ac4fc7a8207c979,2,1
test:10526,0.11115196,0.58836129,0.30048675,1,neutral,4e0d1d0b3c8b85adf2264e7c8deec24dc519da83b5742f747bfcffd3e62890fb,2,1
test:10528,0.02977102,0.76226239,0.20796658,1,neutral,6e3c08330b0228f5660a8fe3c8bbaa387e26145537bfe7437d43e4e95e92507e,2,1
test:10529,0.28372423,0.40728820,0.30898757,1,neutral,0c9c8cc1497d919e3239eb9e1131b596070ea3d5aa19eee4bff12238cd25e2cf,0,2
test:10533,0.27111238,0.33017013,0.39871749,2,positive,178d8edb9488ab3219bdc8d1f3e562d00aebd475ca373e03ca27b897288cc652,1,2
test:10537,0.52752760,0.24825500,0.22421740,0,negative,7cf273b7d5d6a2a10ff222fa9bfd93dbaf74dc8e248eba2e965c95a34d1fb209,2,2
test:10539,0.29004138,0.47257640,0.23738223,1,neutral,2b1510e656238da97bcbb398dfabd506d32e4c4a6e7e28bc905d8a25f0557e65,0,1
test:10541,0.38157549,0.32409335,0.29433115,0,negative,751657b107d17abefeb3de5f2d663c0964ea6618109625d359c64606aa122091,1,1
test:10543,0.12877612,0.73804992,0.13317396,1,neutral,465884fd17ab49c84e8d091d1917c7d77e8a4b486dc1669364ad1c1fc1677e3d,2,2
test:10547,0.50029171,0.41228556,0.08742273,0,negative,172717f5e90a91fcd7d0616358cbe391812c0126b600636ee02cc5ed07142e0a,1,1
test:10548,0.23981982,0.72710867,0.03307151,1,neutral,2b8cd349947bf1dcc714d33d8bdbf54af742726ec6f6869db266ce1f6001d00b,0,2
test:10551,0.34861518,0.49758646,0.15379835,1,neutral,0bd307672bfb1153485771417af917be8c2a1ad64111ca5c7056f0542d6164e1,0,0
test:10553,0.49025423,0.47802211,0.03172366,0,negative,0b6c52491e5a7aba0b8575a6f838c45bdc2ee9cd67aec6be87ae473ed0211985,1,1
test:10558,0.52710939,0.44022743,0.03266318,0,negative,0da619002b9e4fd45629dbff447a3cdb7187748791e5586b507091398e370f24,1,0
test:10559,0.33489876,0.14335734,0.52174391,2,positive,afcfc81f2e03282590c45bea5e77791c880dbb41f7fb6d364daa58a60db33760,0,0
test:10562,0.60139362,0.35902074,0.03958564,0,negative,36507bac4fe6d6f522717067f9866dcd199b71848f0690ce671a4e598ce9e08b,1,2
test:10567,0.23560704,0.20232884,0.56206412,2,positive,54b994734acc6298190d69ae2871a0bc34754a6f03bc4131a7ba83ebf0d74e1a,1,2
test:10568,0.16384115,0.73710433,0.09905452,1,neutral,c89da0b366c2415ca5c801dc2e7457ec30510ed57e89826ef9dd3c87a7428ece,0,0
test:10569,0.48108567,0.46885206,0.05006227,0,negative,172bd269c6d9b4165b512a6d7268591bfe7b983da4c65cf4aacd41da6728db22,1,1
test:10570,0.17170602,0.37315622,0.45513776,2,positive,40a834ded00a12853cc3b96b1456980be7fbf0233f93c37eaba59ed071425fba,0,0
test:10571,0.08525357,0.79117486,0.12357158,1,neutral,091c9c57c54e4fd2c71e07e5506d17a3a601348dd59836379d9b2392931d32fd,0,2
test:10573,0.04127005,0.56212376,0.39660618,1,neutral,b02ee6d4d5d94b8307321dd15fa826cd778f6ebd3543b69298daf03cf776fc3e,2,2
test:10578,0.07438293,0.76338828,0.16222879,1,neutral,b90e57c480e8b9b1645e90e563d21cba373a1e31e7c2f951f4d4840c025bce46,0,2
test:10580,0.38501617,0.37400734,0.24097649,0,negative,9d473e950d4fc9622bf2caa61783373247832f94331358cfde442e86e185252e,1,0
test:10581,0.55290418,0.39322638,0.05386943,0,negative,7f018cddf1d597548bb9e3a4a6dbd8ac45c2a2b9df077df4f2bbb521f656b201,1,0
test:10583,0.09430161,0.42289967,0.48279871,2,positive,16e5cad84dbdcf66bad80af7530ba39ec8778273ab484393ba8d218101bdbf70,1,2
test:10591,0.08346903,0.20628005,0.71025091,2,positive,c21e4a6db33a7575c309fdac905b981549067eecde9d48d25967dbbef55cc75c,0,2
test:10594,0.10093688,0.14491112,0.75415200,2,positive,99bd2ff1fcca21e623918a3b518da1eab8a28af2741492287d1b75d93708dea1,1,0
test:10599,0.29012009,0.33164077,0.37823914,2,positive,3f211460b7fb1c57f8a2331459d5b7feed3afa4d0acfaee898297bbe6a145be8,1,1
test:10600,0.17378872,0.75394274,0.07226854,1,neutral,02e7379cf9d899e405887accc53e5b841347d432a381951dfde6e1becead273a,0,1
test:10601,0.37200604,0.41083871,0.21715525,1,neutral,f5643b44a11e45dfc38b0c2b6b14a39c1647e15d5fc065787244d6dfa197e3b2,0,2
test:10609,0.39454656,0.50530257,0.10015086,1,neutral,d3edd893f9784188b8df42a6c31d8587d9e975dc32a48d318d9019d929934139,0,1
test:10615,0.01377032,0.00966756,0.97656211,2,positive,b9db5aef0bd229f1615d268938e082107ae5a628444271c2aa5115fb8dfa713d,1,2
test:10617,0.10445086,0.28232230,0.61322684,2,positive,93566e74d3747c9230c4609e8320d3a5f9478fe77b3f323c7cffa7163ad150e9,1,1
test:10619,0.23085786,0.59899063,0.17015151,1,neutral,ba7674068e8d774bfca8ea18a1dde2e7d25eb545bd07cdc90011324bfed5b76e,2,2
test:10622,0.34233712,0.55602598,0.10163690,1,neutral,48f44600f606fb4bb0209b0b064e41df84222acf46377064f828612df618adc8,0,0
test:10624,0.04314397,0.47843628,0.47841975,1,neutral,02a9169cb980de5f0c5557944a73f2d47ddafe01aaea255fc8aee787e05d046c,2,2
test:10625,0.17987402,0.68818193,0.13194405,1,neutral,7e4a90994d1dad82f97f404b40c31099ae476a75e432a93f6e1f926caf1181b4,2,2
test:10627,0.05462672,0.86114490,0.08422838,1,neutral,4d06a3a320b38979bace819d1008eb94a53a93cfc39ef1aafd1219d1866a0874,2,1
test:10633,0.13641436,0.75050951,0.11307613,1,neutral,7b54ff03f9d91526b8e3e99ad01f27fe56c9e32c6fbbca83b733da27ccc90780,0,1
test:10634,0.00687120,0.22510299,0.76802581,2,positive,0503eac4ef8ee6bb6cf7e8f5cf81f6de1513a0844502a949b993e65424695a03,1,0
test:10637,0.59295540,0.19188812,0.21515648,0,negative,de71fc19bcbe877c2d3d2cd62ff91b16f744602665ec8944fae58bd8b3133692,1,0
test:10640,0.04975152,0.90547516,0.04477332,1,neutral,2ad3431ec6eb9ccf295db7e994af28c4c86a0594ecd9926b5dfa58cc3f8c8f09,0,0
test:10642,0.00909977,0.13547702,0.85542321,2,positive,113b86fa7bf6c0e416936f2aab2f01eead091b3af180758cc40df9afa599100a,1,1
test:10643,0.07977371,0.21037179,0.70985450,2,positive,fb24877fdc0c7763c506352c36f1fa0963999eb38643102733a7871d8d360e63,1,2
test:10645,0.16886412,0.25036523,0.58077066,2,positive,4c1bbc3bd089e19e5f46e96d1aa13bbafb6bfda4c0dc948af27a1127acdfa64f,0,2
test:10647,0.05118860,0.45933220,0.48947920,2,positive,a3cee7f78d435ed1d26ca7de02da012543dc564f90c98cd6cd4bcef74fd14f71,0,0
test:10649,0.28894432,0.50479454,0.20626113,1,neutral,204496498b79d3b9fcf458bc38697719ef29c5fc08e3465cbec9aa1962f16cae,0,0
test:10650,0.30378966,0.63397988,0.06223046,1,neutral,ffdc300a0379d7993612007e6c1094c1f0886dd2cf480d2e361a421483d81997,0,2
test:10651,0.33113578,0.33033819,0.33852603,2,positive,833764e2caad3e53d2610db8784b064330e33da66c96f5f5fa07511ac5238d9a,1,0
test:10653,0.09363305,0.39760820,0.50875875,2,positive,df8220cc5b7d48323edd9d5e40432be6a448ddbc6b352d7b1e666f4726fdad9d,1,1
test:10654,0.47256143,0.44762141,0.07981716,0,negative,5e8f27753196354295ebb9cdc145864883216affca6289da6808df283d2a1fbd,1,1
test:10655,0.16206457,0.16052137,0.67741406,2,positive,e9c2e4423385c196ad962388eac2a2c87afdc3209ed5f148458ccda1470a11d6,1,2
test:10656,0.16322455,0.61152092,0.22525454,1,neutral,9712acc55915fc3222d2742ee00143b6ca273999807de0e21b79280e0ffa0998,2,0
test:10658,0.53576022,0.36997177,0.09426801,0,negative,48ffc0f492052b375658053d9352f7cf7f8e6eb9963720c801f91515ddadbac1,1,1
test:10659,0.15932983,0.70006068,0.14060949,1,neutral,69230987a801e1152483746df0b8efd15853c6ab1ab02cf93091716e19f6159c,2,1
test:10661,0.15627465,0.66900012,0.17472523,1,neutral,9a55c7b9522a1de0dc2124a61c27f3cc3d298a82b18c9ce8717bd8d125e7f81a,2,1
test:10665,0.20142571,0.37104174,0.42753254,2,positive,3a1201dcd8061f6030ec7aa6d702af8b3afe4c883104618b52639083b0c713c6,1,0
test:10668,0.08942302,0.41742318,0.49315380,2,positive,f8faf0f08782904f9217117275e5353f3ccae5a3a58ae38be85e89d0caace0ad,0,1
test:10670,0.32847075,0.61121350,0.06031575,1,neutral,62a9dafbcb01355b8dc8a83296b1f95dd3280b39fb3f35ff972523de7e1c345e,0,2
test:10672,0.09064134,0.56785669,0.34150197,1,neutral,05e3aaeb7d4ff6f3cd0cec3a2d970e6ff24bb8f24d924a9463c4b224d051a247,0,0
test:10677,0.03519423,0.88858256,0.07622321,1,neutral,12569867a296adffc81fcfdb251d3c83bd5f6cf2608990b1cbc4b84cc452eae2,0,2
test:10679,0.26414810,0.33275346,0.40309843,2,positive,fbf225f9b808786fc421f275f846447e9a9d65bc4d8696ea745cdecc5b530bb2,1,1
test:10681,0.31899906,0.54597885,0.13502209,1,neutral,7035a30b053fde501064f295cdb2b2aad381858b31cec42faf8f869548ff2951,0,2
test:10682,0.11274894,0.82596665,0.06128441,1,neutral,21e25679a20779086baf46a1aa939076ced6d893ac18f1c5ad239d4d68cbe751,0,1
test:10683,0.67911433,0.29601941,0.02486625,0,negative,696931f0515553576cdfd8e20a02d79e9733d2087f54716590a6da19bc788ee3,1,2
test:10690,0.28441005,0.43240841,0.28318154,1,neutral,89b453b0648059d8e9acba0e9518283e26d2a6d3de354d6dae2a6af12728c86a,0,2
test:10692,0.33972457,0.54857859,0.11169684,1,neutral,cb492ca62d28c1546205b33c987a41f60da5567cfc3e883308bf8db93fcd6e11,0,0
test:10696,0.34408463,0.26203959,0.39387578,2,positive,c0156eb8efa97aaf839164c142cedfe7124ba75302a380baeeea407b94810bee,1,1
test:10697,0.19253093,0.62968033,0.17778875,1,neutral,5251e452ad1718868757f171a2f472f69773dc31f5a08dff6726720fa5c15bcf,0,1
test:10698,0.18400425,0.71045213,0.10554362,1,neutral,0ce43904f1b86c5bed820a27d340ec194fcab4dee0dffd61f8baa9f3b308b60a,2,1
test:10699,0.11882794,0.24498023,0.63619183,2,positive,f18de619a8740371aec02dfb211b3b9c1da3890df7dc0ee517ad1689b2a84c76,1,0
test:10702,0.07219196,0.82583682,0.10197122,1,neutral,e8dc5ef9bba29cbb6b9f8b04501b582d25e029e9054622f25cd78e9f9e2f6380,0,0
test:10704,0.06498055,0.41862718,0.51639227,2,positive,4a16c3a7895ac9da2ee3b579342956ab29d04d02586531add1ff1dd67d6aa7d5,1,1
test:10706,0.04673090,0.82140167,0.13186743,1,neutral,490eead7ee5e8149b3e2e090ec3c43b8a8b69b57a956bdc5dcbfad18487e00b4,2,1
test:10711,0.25956179,0.23579437,0.50464384,2,positive,91329f2487b4a45cb246751108706c125eab7774628a781f6d6cd1115c9c1394,1,2
test:10713,0.07974777,0.73372582,0.18652641,1,neutral,810f323f9453ec751a0f5cd6e523f767e528bcd22e9e7ba1ea8a4deb4b1f8edd,2,2
test:10717,0.03917159,0.86872599,0.09210242,1,neutral,ba945e8975b4f3127c9a21e2869f82a809b093677b9f98f80dea99934d9e6dcd,0,2
test:10718,0.06137646,0.62183727,0.31678627,1,neutral,100be008aa51fe1096200624b1104a841adbdcb814bde70bd0a068c83f31e7d3,0,1
test:10721,0.07985826,0.07935599,0.84078575,2,positive,7794c8d49ad9347be105608e223dd804990b47b2a76609fdf8d58c0f09712a5a,1,1
test:10722,0.29164912,0.15464007,0.55371081,2,positive,10948d687a9c9672fea6bdbadff3532753079191d3860dee274eee4ff6c3c402,0,2
test:10726,0.08714821,0.74399171,0.16886008,1,neutral,22b17c95845c26c5913db3202b91dbcb0d56df74aeb6c2fba1823b37a0ebf5fa,0,0
test:10728,0.45589453,0.25448900,0.28961648,0,negative,8740224d9d4087f41509c17f396f0b8bf0c075c819015f6c33db1c47874194ec,2,0
test:10734,0.51800764,0.41991210,0.06208027,0,negative,a45e9257f34545334d85d47d77bca4075b764868d418543760a65a51046d0d5a,1,0
test:10738,0.11873259,0.50468573,0.37658168,1,neutral,70acb4dccf9e1528533a1bf4e84ed6d2f271644bcdc509bcf1538cd4bb10a925,0,0
test:10739,0.18833540,0.46939895,0.34226565,1,neutral,ad59944b0a7453335eaf550832bc62415b5e980b75c3563ffd53d9da6eab0751,2,0
test:10741,0.22143393,0.10912312,0.66944295,2,positive,5db29b57bdf222ebc846f2303147b9651f00dbd051ce85b0c143d66f7248b6a2,0,2
test:10743,0.08262693,0.66882331,0.24854976,1,neutral,f881b5a6968bf9af866a4af8ba2525caa737a643ef059d7d80cfda70b493d16c,2,2
test:10746,0.14562026,0.75382865,0.10055109,1,neutral,8f28dbd7b726033a7b105d9a0652c950a070216df898022a60d8509bc3e84c38,0,2
test:10748,0.06543731,0.41648728,0.51807541,2,positive,b41ccf5fc267037d737bbc816c4b33b53396f7f66f6840a29d5ad7411e9975c3,1,2
test:10749,0.11439156,0.58401605,0.30159240,1,neutral,4bd877812d413f30021fa49965a2f5abafdbbce4015238602a9a73ee9787fcf5,0,2
test:10751,0.24911095,0.65601078,0.09487826,1,neutral,0ce85b7e987529025dbc409f80c313d821c5b3f98d0623ee4cdeaf4918531c11,2,2
test:10752,0.16591429,0.63143373,0.20265198,1,neutral,92684482b28657974ef425e0637d95e40164b99c76fb70aadf551dcaa758e2b1,0,0
test:10753,0.35369179,0.52087453,0.12543368,1,neutral,0154b7046091a1b05bc901f2818f1be19e5e8f5ae36d5a5ec551c27f5668c2e2,0,0
test:10755,0.08259537,0.76002890,0.15737572,1,neutral,2d015c347c7cc77ee469c0702f693561b9fecd42551019be27a1fb6acf60e076,0,2
test:10758,0.28944315,0.68107468,0.02948217,1,neutral,04e49f3da44ca40d7924c247b7e419509fb65054a0b4c664ae942ced902ca611,0,0
test:10759,0.14542818,0.74847600,0.10609582,1,neutral,6c110d51c6f30a02c81961c8ac5aa6e14dfa7cdbe71916ab5a959d443995d228,0,2
test:10760,0.21181324,0.69619436,0.09199240,1,neutral,3ea82d32d9e1c05c8db0dab3c1af8bc38c66151cc5b54c9e07bc541f8c6232d2,0,0
test:10762,0.43352839,0.44510198,0.12136963,1,neutral,1024af128ed501756767a4d12065736c41a4c77116bfb354d8c054f83a9b3058,0,0
test:10763,0.42834523,0.43878342,0.13287135,1,neutral,423595f6de0f8aced9526362d6e16c671d2918f2e50a11638eb44b01687ec866,0,1
test:10764,0.28770851,0.59718403,0.11510745,1,neutral,9488415662017e5f88385fa09255a4dff2bc4e17eb86ce86a2e2367734f92a87,0,0
test:10766,0.09287672,0.28789195,0.61923133,2,positive,652888fef4be753d2575c446c8b5c4f67fee65a01075d244f2d7b397e1497d74,1,2
test:10768,0.80720313,0.17987542,0.01292145,0,negative,5134616b3ce44b72f6208afb61255d74f3b211092430d2b1a7f5bdb38dfac3d3,1,2
test:10769,0.26435353,0.23179666,0.50384981,2,positive,53daba0cbd042a101cb4418d75549a1a997346b5bff162f8951868c71b5b4fec,1,0
test:10772,0.46702580,0.43397271,0.09900149,0,negative,81282339155163272591eba69b381d21f4da5e4326224195e35d9162543f4429,1,0
test:10773,0.05066237,0.11014541,0.83919223,2,positive,e625a155505ed95381a3770270c7fc6f2106813f4bae88a915fe1ce8282a911b,0,0
test:10775,0.38025862,0.24910275,0.37063862,0,negative,fce6e429064f5566fe38a5adacecbf6dda45a79fd6ebd1dbc8d532c8a4acd8b8,1,0
test:10776,0.01850659,0.11542510,0.86606831,2,positive,11bebc218e0773b8314698ad60462535233e389c8a33ba6b0bb6804c727d1675,1,2
test:10778,0.16468921,0.29282346,0.54248733,2,positive,3b994f4d204dc2efdff0c27a18f70e40a289fabbac9c999207f3930ca085f75c,1,1
test:10780,0.55822706,0.35325316,0.08851978,0,negative,20bf14b8c2edd813a073d3953116cc7f344500b4798b541cf7d0b5c36802f398,1,0
test:10781,0.20063358,0.37384516,0.42552126,2,positive,510ab93d6c713d18513873fd663e9099a53c8455679e24ec827f7140b05c1774,0,0
test:10782,0.05499617,0.73610495,0.20889888,1,neutral,441b9506aa0aa2ec4853535f4684340ec1bbd43b01434569cd5f9cef6a7a66cb,2,1
test:10783,0.05013153,0.84412971,0.10573876,1,neutral,4687f4388e9fb21e0f232bd6a2cb9e3997c8569eb23aa3f97b6ebf2206499fdd,0,0
test:10784,0.47455018,0.36273684,0.16271298,0,negative,d2919e089061d5bf36e6f33f7717dae8b450131cf23b1c3df679db9d68f72c78,2,0
test:10786,0.14054358,0.56606383,0.29339259,1,neutral,dde2d94090e39f330a0ce1800929a9a208b0a75c139822f7653e7b289a0fec5a,2,2
test:10788,0.25677875,0.33385528,0.40936597,2,positive,4e45a2e575c2f7ac8a25fdf9f7bd1bf5a7be5aa818f62464001d0fc88d957cc4,1,2
test:10789,0.42297594,0.23765723,0.33936683,0,negative,42e2a160abd669fbd56e34ae477eba19fd843718995ed9f6a468515aec744802,1,1
test:10790,0.39187602,0.24981325,0.35831073,0,negative,b235c32f23c3a686f1ad19725eb0187282e4bbdb141db698aa69cebdcec59dfb,1,0
test:10792,0.22762788,0.70928788,0.06308425,1,neutral,dd290fa1745c484749446f2bec3b4482acf976983d5cd8f6f6aed9ea9a824dfe,0,0
test:10793,0.59020413,0.26956967,0.14022620,0,negative,0d52f6afb368c9347499012b7f6e9f9ee01a473486dd1feb2771a14952af9d63,1,0
test:10795,0.51879960,0.38609384,0.09510656,0,negative,9b4653b73ffd35addc58e9cbaec224160603b4601c26371985133c9f1a17d449,1,0
test:10796,0.45236716,0.49054764,0.05708520,1,neutral,99acab63fa41a988e71591fd7de4cf4deaa8abbdd753523ce135a42d32513f72,0,2
test:10797,0.24351236,0.61883466,0.13765298,1,neutral,42d21a4415a281c6c7dc1007e83d92567e71236460545ed62d58b2ec4817ecb2,0,1
test:10799,0.19668264,0.41819034,0.38512702,1,neutral,2b2cc50dcbdfce505481c385ad08ed5a58f21b8d26e7730421107b7e6d1f2880,0,0
test:10800,0.21298970,0.18221068,0.60479963,2,positive,9e6e03fc8ebf2a135b7515a32c5d7ae95a3f69591e0ee4c25884c384f73b7156,1,2
test:10802,0.11401525,0.66207675,0.22390800,1,neutral,f13749aa5ae04fe4ce54adfc2293570c4e4369881799ccf10b70fd82a92b1f2f,0,0
test:10803,0.12881059,0.75135367,0.11983574,1,neutral,f457f6b1e5c3e7a2c6fa87aa10f4ec542c6e4e641d945fd324e958c9bdeae0f6,0,1
test:10805,0.03086774,0.61231356,0.35681870,1,neutral,177ba331879bcf15633017befede5456c97950e5ff75277850be30b5859f0d7f,2,2
test:10806,0.10441294,0.76100968,0.13457738,1,neutral,1b4b607607b8c988d8d9b892bf063e9b9ba4f0440296f7dcaaf8309c0e785c50,2,1
test:10808,0.06794502,0.84869698,0.08335801,1,neutral,32d22683089797e3c759837a8ad53d2d81c7b20b82153c696e568d74ad343fbd,2,1
test:10811,0.21107454,0.70025412,0.08867134,1,neutral,1ea18cd50fdc89cede006081ded7cfd954158301f970b6395ac85717a4b61c7c,2,1
test:10814,0.08110286,0.48356180,0.43533534,1,neutral,fb65308cf86b7b209591f38824c899e7f8a0901fa4000cd057dab1219745baa1,2,1
test:10816,0.22144436,0.51639788,0.26215776,1,neutral,63f3e219a273c7645d45cde44f23e5c192593875d135d8178f28c14ab1b12501,0,1
test:10818,0.15791366,0.12248305,0.71960330,2,positive,e288bf2180b27a433ce0f721edb2b36adbb3bbba345d2dd7e98b7cb7b9274299,1,0
test:10820,0.13096771,0.61208776,0.25694453,1,neutral,c004a46f3610c84ed7f80bc51acb7420f813793300f98301358d70345d2a1221,2,1
test:10824,0.07773319,0.36063042,0.56163639,2,positive,c8aa37694faaddad7a45fab7fac71b7a52422bc837d0fa5cc75a4b8d74d49776,1,1
test:10825,0.04154992,0.49833940,0.46011068,1,neutral,9bf68cf5099ea6d6d25c1c387f6d57ed25123b4c44c6093d9fa14be8202f2cd2,2,1
test:10828,0.28474027,0.60508504,0.11017469,1,neutral,83e938f9be7f59c554362cd079edc6afa5cdab8d4030e50db1249a1bd7d42ff6,0,0
test:10832,0.61450201,0.23010760,0.15539039,0,negative,a96ec2dbad4350855f57e9625737f63896f2194a53159c7598d6a72ca6620ae8,1,0
test:10833,0.33770947,0.48433762,0.17795291,1,neutral,d531db3d410ed41fcd60d0d65dcbec3f7612080a1cccc8424c5e8d62c310ba62,0,2
test:10835,0.33383038,0.47475281,0.19141682,1,neutral,962396770b21b38570c5447451fab0bdd3482bba7ef37aa4a9410197efe37812,0,0
test:10839,0.28385139,0.40007676,0.31607185,1,neutral,b10298b51872e00969d8c032ccd2f5121e5c61ba12672b0bc942f4528c5b139b,2,2
test:10840,0.04029202,0.46083035,0.49887764,2,positive,be02d9b1e1154f42dcb405af2730a49a407f4502e93d52313b8d19b8809e08fd,1,1
test:10842,0.07103970,0.48762991,0.44133039,1,neutral,8f8421c3c92d48062ae5c735a3f5385d08629ff984911689de5152a8f70295b7,2,2
test:10845,0.10513384,0.84241714,0.05244901,1,neutral,77689b52e5d47d4dccf6887bedef0312b24b71c3eefca79aa0e830adb59b9b37,2,1
test:10849,0.00679130,0.51121782,0.48199088,1,neutral,5c8adb773a5922f6f3b9a08c043350b3bdbba76940173169c54f079a392b6468,2,2
test:10850,0.23149953,0.56704152,0.20145895,1,neutral,64029aeba5de7a1dc26eced0313587ae0b1eedb854ee6a30101187f8a2f9f434,0,0
test:10852,0.08734320,0.65883041,0.25382639,1,neutral,7b7cfc58141814b101d9c0a31de0efac6d24007d286c6313744745e0beb0ee32,2,2
test:10854,0.26011243,0.41425184,0.32563573,1,neutral,df9137da277d751007640125aba654936587aa2d341e50aea2318f4e7d68ac36,2,2
test:10857,0.29617810,0.46380445,0.24001745,1,neutral,d44c042ee6af2bddc3da1cb98c7afef071a788c02141f5b02e929a5d5fa23c6b,2,2
test:10859,0.20567528,0.47599237,0.31833234,1,neutral,42aca39911a9f4adee80b87b1fb19ccc8477bbbe576d34e035267f892f10451c,2,1
test:10862,0.05336183,0.82046647,0.12617170,1,neutral,8b955cfe3d2df135cdd1c9738a80f0dbef5e68eb9f241f616209aa499b173f36,0,2
test:10864,0.26371087,0.51350390,0.22278523,1,neutral,617653c7e51dd0fcd3533adb1230d6fe401d2cc4d78038a16b7ebd2f2a453c6a,2,0
test:10869,0.19560190,0.66850299,0.13589511,1,neutral,fd12f5d666b453dd140d64a16e75cc9b682f02afb16a85ea97e0a0804b85b39b,2,0
test:10871,0.18943597,0.27467138,0.53589265,2,positive,b3e8d1be28491dc9e46d28310520cdd755c59219ec08d213d7146b2021247763,0,1
test:10872,0.04023620,0.85461910,0.10514470,1,neutral,fec79979c98da3a31f4ec5867676db1e3ed802467c1b7f748aed294c592b0e35,0,2
test:10876,0.22721175,0.71043951,0.06234875,1,neutral,f6e91645aecd7cf686e864e2187692e29e0e49d9846a7e0952fca0e964a18c59,2,2
test:10877,0.32870264,0.56794773,0.10334963,1,neutral,9280b47d5e1fa023c99b81eea10f9ca01cd62e019a8ff5ec14dd1033bc0dcb4a,0,0
test:10880,0.61725355,0.34930104,0.03344541,0,negative,d462817c7b9eab4eadd241b3be406def2e5c9d9fc115c99abe496b680e49658e,2,0
test:10885,0.14663547,0.67248572,0.18087881,1,neutral,5d7df6239305ebf8388facec58da4ed140d76e0ce25408652c52d0f1adcf4665,0,1
test:10887,0.46019628,0.34893034,0.19087338,0,negative,16e5d795e170c3a27b18de596f552d58bd372844c8de64fc0a7c9653ac49d952,1,2
test:10889,0.80332522,0.14480413,0.05187065,0,negative,31ff3a6e990c4acec3df3d3f0246492347bf3d1705a5f73d7c5e29bd6c3afe9c,1,0
test:10891,0.03218637,0.61679735,0.35101628,1,neutral,4d802fefd01dc5b94601fe18f25d415ff2e73cd65b8bae88c71a1df6c078c3ff,2,2
test:10892,0.23665869,0.64790859,0.11543273,1,neutral,2de0c3385581fa1cff8c836146a6b61650612587ae076647c96ab1cbfbb82b00,0,1
test:10893,0.47406137,0.37633706,0.14960157,0,negative,2f63faf73471221f4c195a0b40f12ddc7fe35ebd8ebb12fbeae7c57491378833,1,2
test:10897,0.14042499,0.51182427,0.34775073,1,neutral,14b48d8a40b4afcf913f4384972ddf42ad2d8914d513bc48c05986b512d2e014,2,1
test:10898,0.20472845,0.34933143,0.44594012,2,positive,75cad3e95182ee812d30a2b8f529b6e151e612e47627cb18aa42ddd4efb50ac0,1,2
test:10900,0.04441559,0.20594835,0.74963606,2,positive,3c3759524236dbf79fa5bf14c7c39d9b013642be8fadf737d3d6e743a7935457,1,2
test:10907,0.06217964,0.92314954,0.01467082,1,neutral,26c53018d79d0613fbec2446905cf51a5e134dd207437d3459822f8588322bd3,0,1
test:10912,0.08265153,0.49231267,0.42503580,1,neutral,8570ad07ea9da4d5a1bd1ec7bfd9034ae74023dec7c6d6525cac10e0dda6390d,2,2
test:10913,0.43269812,0.38636359,0.18093829,0,negative,6e6362653f4284918af1200fac726d05fbf0640936f5cd899163f2a5ed65f34c,2,0
test:10914,0.54107788,0.43169109,0.02723103,0,negative,8f120de2cb244c4a2d484b952a45a238b038adbc4c79b88a3ead4c5bcba6e351,1,1
test:10915,0.19186721,0.72974145,0.07839134,1,neutral,b08cef9e729514a7594e67ada6ffab9f71f40f136f459637fd48f491ed3bd448,0,0
test:10918,0.45967524,0.50622086,0.03410390,1,neutral,5fdfbbdb7ee09655ac75f5e72874836345799383006b439e7d017827f294f061,0,1
test:10920,0.10220088,0.80348677,0.09431235,1,neutral,719f0d29801f5f7b47f373c2e252f130cb8d48cbaf531346d4ebc46cffd9c54a,0,0
test:10924,0.04844599,0.85723905,0.09431495,1,neutral,167e3bf79b5ef45cb6faeecaf39e725b2c561dc250f1f293008d923f6805fdbe,2,1
test:10931,0.31509302,0.50264930,0.18225768,1,neutral,ea18aede2923860d6a0619c112437c0f2b0f8063f0c644286446bb50cb95d51b,0,1
test:10933,0.04010098,0.91439604,0.04550298,1,neutral,5471ac48fb056b731c016671c6b9ea73776a41af8008cab9f48b52cb12197305,2,1
test:10935,0.13911283,0.57560660,0.28528057,1,neutral,b510c62955b75f3ac722fadee77071695ed3e010f3ad077969f2b6cac61ee2ff,2,0
test:10937,0.35586975,0.48641335,0.15771690,1,neutral,dbd662207af218ab66001281fc70a99d61154ee74b61708d70a687f7e29bdc25,0,0
test:10938,0.04025884,0.33427056,0.62547060,2,positive,34b970aabbe5f55d926118d7445307a65019ca09780e8930e7ede71299026dce,1,1
test:10939,0.23205004,0.66658066,0.10136930,1,neutral,0fab2ec9ede494acdae96cc744c99f74226d2e5b32f5b7344a037157df043778,0,0
test:10940,0.13311362,0.70542373,0.16146265,1,neutral,7acbf5b5b70952ceff1eaa1dac659d2ca9b2033a554248125f79fe15d284c641,2,1
test:10943,0.01679916,0.28797634,0.69522450,2,positive,cd60f6844a9ca419ced9778952aa1025953d1ec3c8b450ee9a8fd37b30478b9c,1,2
test:10945,0.17564570,0.48894992,0.33540438,1,neutral,9d103c9914c38e09c01de130ea3b0cb44a1a5f23eadd19bce647a1fecbfea897,0,0
test:10946,0.44554215,0.38849959,0.16595826,0,negative,271b05de7451af0811eed267ae06945c0604b219f8a3f9892323e8dd01c361cd,1,1
test:10947,0.05391225,0.51223296,0.43385479,1,neutral,26c94b65cea62064168728580b117f64727d6d4bf9a3b2c9e58ed009d02559aa,2,1
test:10952,0.27965017,0.16020074,0.56014910,2,positive,fc87737719598dce7aa1971ecdd65a4e4478c30650e98cf93e99ddbf9f0b07dd,0,2
test:10954,0.12400245,0.66877130,0.20722625,1,neutral,47dfbfd35d42699936237253c0f8d08cfc3aa836ea9ee922d7c734cff0cb6410,2,1
test:10956,0.03199659,0.66975519,0.29824822,1,neutral,8988156b631829116b997381bbb905829c772acb710682ee5cb4edadb8bae06e,2,1
test:10957,0.10110500,0.76515137,0.13374363,1,neutral,ffcb712d7e261ba60197d4da4850247166648fade1ffc6ff453ad20f884a8894,0,0
test:10958,0.16189593,0.16758972,0.67051435,2,positive,6ecf579451a9404eb3f911c4900e24b56b9fd35073073c38020a28ec691e9e32,1,1
test:10959,0.12566407,0.50293325,0.37140267,1,neutral,e1ea04fb189088f1802b8eba3e4e82663c06403e991acedf62a32bf371d551d2,0,2
test:10960,0.23184690,0.52277142,0.24538168,1,neutral,02575e1a2fc9235198a05940d218f7d31973fb52c3fbd8e2561c97829be764b0,0,0
test:10962,0.75119480,0.14801415,0.10079105,0,negative,72c6d5e3c11420056901c4b435df7d699a6b115b2a6f3c763846f5a6f482d457,1,2
test:10965,0.15532182,0.78751641,0.05716177,1,neutral,ccb861ccd9b21a59d86a45d9a6c1e486d06e0f52da150f8808da49854ba343d5,0,2
test:10966,0.22216313,0.57281982,0.20501704,1,neutral,cca9c8b24ce59cc7605dd64c9e61c15b201eafb6aefe5680a3a5e7881c7a0e00,2,0
test:10967,0.21386729,0.58450397,0.20162874,1,neutral,89531e4487fc1e5e38f456cffbd7f53d8755da79459c72f490461f1f497d32bb,0,2
test:10968,0.02101745,0.48599699,0.49298556,2,positive,0bc60eff3ebfb792d53f831cd426f3375fd9b170ead762481f3240854d51a418,1,2
test:10970,0.55761694,0.16773182,0.27465124,0,negative,8c07ba1edb2778cc80243665ae4bc3d19669b53201f1e51d99f33fbd708b7a1e,1,2
test:10972,0.33586546,0.09522047,0.56891407,2,positive,4bc9acc1efac1d910ca2b9597bc8fb3a142a0b64d3984f13888df6c1a07b44d8,1,2
test:10973,0.13612181,0.78230138,0.08157681,1,neutral,699677204292178424ee9751dbb82aebf7d0d76c8bae6d510698119369bb2893,0,1
test:10974,0.20433897,0.30322433,0.49243670,2,positive,5d9cf8c82eea7f3b1c55683d086e125c53e142cb4e67bb930e7574ecd1070c9a,0,0
test:10979,0.04804237,0.73844531,0.21351232,1,neutral,3297ffc509fdca2cf4c0cad6912c89bafd69bf4852237a970caf962710209249,2,1
test:10981,0.43387022,0.45788014,0.10824964,1,neutral,8f206d55198461f1ba184780e3ddab600ef89da0642a9319a9ca406a0c996606,0,1
test:10982,0.12695405,0.75046054,0.12258542,1,neutral,d1b56774e99befa62f020094f3c6d9c38fd012cf5a6fda40e35fc83652eb7292,0,0
test:10986,0.35138746,0.32505365,0.32355889,0,negative,78f601fbb84840421bdc2297907968c19a6cbd2506bdf43a578d7d30c9d294bf,1,2
test:10987,0.64254674,0.26588732,0.09156594,0,negative,bbc0584814a9fe5f97af9701cf2bb28b9d2cb66faaaf98f87f1da7ef79644c14,1,1
test:10988,0.01557773,0.58638946,0.39803281,1,neutral,e70df95fd1b2842772002cedcdf4c6244ac72ea991b92b42ae0eabf99ad9d36e,2,2
test:10989,0.55067761,0.28414511,0.16517728,0,negative,e38549d2a64b3ceb073bde0027c82e4781d3d1ef8a5ff1105e3fea8b877d2434,1,0
test:10991,0.21966124,0.37872355,0.40161520,2,positive,a85e306289fa421333c1f6831c4e173a0cfb9f652f7fe236c5f326b434bb04d6,1,2
test:10996,0.20780370,0.42736012,0.36483618,1,neutral,81dea7eb3c10a16731045b751ae8517641687d41524f5252a16af8750393962d,0,1
test:10998,0.21599029,0.76159523,0.02241448,1,neutral,80b51668c5d34c50c113ca40c751cd14bb5b1068c61dd9178079ab9c8e1d3ee6,0,1
test:10999,0.42944058,0.48871787,0.08184155,1,neutral,7d97aabac4d6fa990791e242ea2ab1cae1bb7795451d609159953ea54870d7cc,0,0
test:11012,0.07371298,0.50963626,0.41665077,1,neutral,c38eda696799cd8bfbf483113340c103b21e6f7b31bda104b10e6d7d1c7d91b6,2,2
test:11013,0.19898796,0.76761208,0.03339996,1,neutral,7a33a2e1d01329977caac7b735601cee2a17d8a66c983aa6f8ba08408c31e43d,0,1
test:11019,0.35569645,0.54868940,0.09561414,1,neutral,4068bc091f64ceb5d9eff8f8242b5ca618e61950ab1768f6114d3c90c2d890d4,0,0
test:11022,0.21632701,0.40450337,0.37916962,1,neutral,04b150aed4a8fc975a0c1153eaee2d0c9e377278ef2c4589f5ad73d5fe2e91fc,2,1
test:11024,0.03997975,0.85277349,0.10724676,1,neutral,5e866f88a1185dff6a8b5362a1e8ac66314dd400a7372002aafecdfd0d8a1e56,2,1
test:11025,0.06059612,0.06556124,0.87384264,2,positive,0272a473f041b2cb9992c8368e85143c477b3787195fba33e8f3a577c6256db2,1,2
test:11026,0.11383805,0.83840505,0.04775690,1,neutral,2a7afde11558c0f7c7658a20ac34399cdb7bf89f1ec47007313d773f819e5d0e,0,1
test:11027,0.45850561,0.51423450,0.02725989,1,neutral,4e840bce9172b90578f7014479b7ab8205ea699be5221b96f52a1fe74a65f334,0,0
test:11030,0.45111859,0.42294444,0.12593697,0,negative,ea10ef2ea47b04af6e69698885f92293f4068d8f5abba52b87a28ce320fbd6fc,1,2
test:11032,0.25815373,0.65314303,0.08870323,1,neutral,7a0592105a7885c35b041dd8f4814a18546b2c67910bc7b9db303decc9538bf1,0,0
test:11034,0.08832507,0.34777038,0.56390455,2,positive,a949b3ef0ddda4aa7f880056f9d3a3f9a8f3b5504c0c51268a604c70da32bee9,1,2
test:11037,0.00780824,0.01281901,0.97937276,2,positive,6152ccc14f258d6b63ea902ae9bc1f1c5d72974e6cfc75c121d18fe3820c2080,1,2
test:11040,0.41643135,0.53167212,0.05189653,1,neutral,d4f2a57ca14c51e0128ff4a6f98715ca25644065d7a38bc7bbba6934c360f109,0,2
test:11042,0.09432892,0.77180563,0.13386545,1,neutral,fdeb26db73df190581ca35141f022b1d4d97ea5bbb77ed369420b186b6815dc9,0,1
test:11044,0.15759754,0.62057486,0.22182760,1,neutral,c8214d532ab223b69cb4e6fde9342b08904b094d15f967ee140f2aa75089d18e,0,0
test:11054,0.41274861,0.23529924,0.35195214,0,negative,9942b122a1f74c42d7b9f4a450cd39d83a8b6b794513e3c8c73c925304651987,1,0
test:11055,0.10782957,0.01350948,0.87866095,2,positive,027d1fab6908cf3c1ece34bfbc797cbc7dbfb366756ba045afc2a687a744b623,0,2
test:11057,0.15761196,0.37104469,0.47134335,2,positive,60a8df3f10c945a63289e00f31a97784a7c034d6589b043a9a890bdfc28ee997,0,2
test:11058,0.42377685,0.52766275,0.04856039,1,neutral,d9a3af39d09fdb8ab113de342fccf6b9548296ab5b12e6d8d2866c976c41f039,0,2
test:11059,0.25958335,0.48139529,0.25902136,1,neutral,16ae0923e95b85e91820ea9524c506b64e2631d920cf1e6ab81c303dd0741324,0,0
test:11061,0.16845774,0.59982590,0.23171636,1,neutral,f7da1ae970dc32fb7c5b3b6d0fe2c40cf7222c96fd496607692b0583c84145ae,0,1
test:11062,0.35636099,0.50325469,0.14038431,1,neutral,a123fd5562a8c553ae1d432b3a3bf8dd9450692bf8dd01e0cf9c922317b47bcb,0,0
test:11063,0.28635150,0.68575640,0.02789210,1,neutral,24c7dd7f3d14e53537910ee47b44bc99742cea30aef53cc188ffbad6bcdfc04b,0,1
test:11064,0.24189726,0.60075419,0.15734856,1,neutral,9b5d5ea26f9b4348d56373a53803dd3ced37bc978374329d8d01798e2563d59d,0,2
test:11065,0.46068934,0.30193714,0.23737352,0,negative,ab9c476bc77cabc00406d17072f7cd89b4518eaf9ef22ec0dfe9579fa8bc8ab5,1,2
test:11066,0.10676792,0.41415783,0.47907425,2,positive,6bc453814fe6adfb5a077a37f97cca75ec7cf6aa763dc51d2ed63e18baea4f01,1,1
test:11067,0.02725375,0.15871783,0.81402841,2,positive,81dee001be6b370ed4f6928014f58e68e637eaef5876976976ad9ef562992ac0,0,2
test:11068,0.16275422,0.64955339,0.18769239,1,neutral,2f44f7b109e8d43827d960b22cb8ed9ba22af67463bcecc6bf6b8c4b8ba47138,2,1
test:11069,0.40038227,0.59413903,0.00547870,1,neutral,2a21045025f599e67e3ba562dec58a297b8ce83c95e0da58c2fcc3458b840090,0,0
test:11074,0.12479088,0.75748888,0.11772024,1,neutral,7fbe642b1921213ac1ada7b8259c7b37eec2fb85a010fcc039d70012d1b44538,0,1
test:11076,0.11381818,0.22592312,0.66025869,2,positive,76c1cf316e98f64e094d6530dc432c74e88d8f4762811a0c0a5b0a9d9a1b8295,0,2
test:11078,0.69754534,0.25268121,0.04977345,0,negative,98a9a67497e22a3a9f2747f44cd00f58c0c60acce5cf0d05e09abaa4cacee2bf,1,0
test:11081,0.40498764,0.37161120,0.22340116,0,negative,df655f07de35b2b777be2970d97d95ec03388ffa4330d74deb86589ec5a3cd0b,1,0
test:11087,0.13628954,0.65342777,0.21028269,1,neutral,a73befbb3c61aa3481752411feba1f59248cf2df110a7ec2d4ce352a24b639fe,0,1
test:11088,0.50718642,0.43024375,0.06256983,0,negative,60d0a0ec557554de58d352b341769a1391f65156f48e2fff33ba5dd5d98a4022,1,2
test:11090,0.19412471,0.42591790,0.37995739,1,neutral,e7ffe8c6de208feb620bea2e74e6f6814d40001663e71fbb8179cd1639c8008e,0,1
test:11091,0.18500884,0.45410674,0.36088442,1,neutral,3b501caf38183d1e0c30af336e247be6d31ccfa35d0ed1e4f3b87d880fd6c164,2,2
test:11093,0.12180800,0.60167266,0.27651933,1,neutral,af1fc849389781fcfa81ee6c15972ebb6cfc44ec552bc9cd15b28f13fc1a47cc,0,0
test:11097,0.33947556,0.17278139,0.48774305,2,positive,097d5b6f52174497c86f25cc4498fd4d8f4ae31f29f05c8174da166a18a018cc,0,0
test:11099,0.32243131,0.50328393,0.17428476,1,neutral,b79135eeed99463aff47eb1e719a17c1f087c553b6fcada86942a5e42006fa5b,0,0
test:11100,0.65233788,0.30294840,0.04471372,0,negative,8f5e455c787e49179a7619b443c03bb0e6eaa7acceba13d615293e24bae23f2a,1,1
test:11103,0.26956267,0.41954979,0.31088753,1,neutral,378c1640d6a27ae94397f95c5219a737eef3f3939defb55ca5e229b7855573dd,2,2
test:11104,0.07158205,0.77929401,0.14912394,1,neutral,d97c40f4da2ead9705b694f8399f4797b83caf1d12ceed02bf8607d36c0de153,0,2
test:11105,0.15421525,0.73539904,0.11038571,1,neutral,594493517fb0fd0adf6bbb15f9a1543a8381003140760b94df49908c1895d3b5,0,0
test:11106,0.00003608,0.00003527,0.99992866,2,positive,411ecf5e50b49120f82ddfc67d75686828df10dd14860315f9d66713aac692c3,1,2
test:11107,0.65657741,0.15400555,0.18941703,0,negative,803c77e4301327a652406c15d24d5a5f50945807907cd2d754a714b35d4ff022,2,0
test:11108,0.23191303,0.69073105,0.07735592,1,neutral,d95e645f6fbaadba774a0b58c4422dfe19618a809e00ccfe72cbc689da189c8e,0,0
test:11117,0.43583557,0.51082833,0.05333610,1,neutral,0bafed87d20f47fc543e037bee79e50e53cda8bf0a1e6f5715baaab0a051fa01,0,1
test:11119,0.12363514,0.31922651,0.55713835,2,positive,59b63604990a4321f53e2efc4fc63e2f9cbd976c1cccf9e71d3d36ac665c2bf6,1,2
test:11121,0.35987445,0.52734830,0.11277724,1,neutral,ea6b8f7266d565fc61ec53b9feb7abef1ad0013902edf4c66d9a1608fbf4b92e,0,0
test:11123,0.22109656,0.35700041,0.42190302,2,positive,e23b66edc49cbe0554d3d0fdd345ae0e6e34e18a4d3758757ae75ffff6d644bb,0,1
test:11124,0.19902581,0.47352422,0.32744997,1,neutral,ea8c73f8ca5ab86b50fc8c1af1379ebf1a95bd18a7b405dec355a854a12c955e,2,2
test:11128,0.65255597,0.22435891,0.12308512,0,negative,696f15b218f0133faedd5b9bf0ba852f660dbb4cffd9a64deff07a54533692d1,1,0
test:11133,0.17856485,0.51529974,0.30613542,1,neutral,0d50c01a10ceabc974bd9a3576a146e00a3e461702551279b8409e4929a5cf9a,2,2
test:11135,0.47720759,0.40989580,0.11289661,0,negative,fffa7bba17e02bc1b8b04da55f9ca5f9f5eff625c9028b1b409153cb936f1076,1,2
test:11137,0.04599880,0.61066638,0.34333482,1,neutral,8d32a59afc3a3517abbb46caaa80ffbaf1307f627aaced2a2b0881108352ce5d,2,2
test:11140,0.17839271,0.32924176,0.49236553,2,positive,2b939b34edd537f8962675cadd5e87539efe25672b927e0e22f442104408ebeb,1,2
test:11148,0.06808814,0.82773757,0.10417429,1,neutral,177ec064c7615e497b74be5673b4a5e359f0feab95761f25c52935ba20025d34,2,1
test:11152,0.01030920,0.05500407,0.93468674,2,positive,2d2d1920464b5e224fb2d0408e8665a429b52152a0057d240720d943d4df55e8,1,2
test:11153,0.66332379,0.22738156,0.10929464,0,negative,8eb67108ed8da9343e4931a673ae73d855bb5155ceda6db63b2328027d96595d,1,2
test:11157,0.41291364,0.13497945,0.45210691,2,positive,983eaad2460b4118d2cca73c984a2bee255153f7b14038ed4747a7efaf5f888a,1,0
test:11163,0.49342159,0.31021059,0.19636781,0,negative,a58e6fb690ee74c9c1066bc375399ba666e895573fa00e9c8c021be5bbd334b0,1,2
test:11166,0.36885079,0.40032811,0.23082110,1,neutral,98021175b68a218bf8eec7b9dc1b0eebe042c6d048ce39f54f7fb4a8e8fbad88,0,1
test:11175,0.08991763,0.82164275,0.08843962,1,neutral,5b7181d7751ec4e8a19293ab7882f85df1cec17b7f03120748d259a691d7cd11,0,1
test:11176,0.38092458,0.55738061,0.06169481,1,neutral,5062af08aeecb88b0977ee6d2de46627e8379a63d45d71c43e1d8c7a3965539a,0,0
test:11180,0.10492469,0.04819492,0.84688039,2,positive,42e60ad8fd5566d9b7bbd90f53bfb550b5f2e4e11d9a7fe296d6f0f18d63a90a,1,2
test:11183,0.30631615,0.18716818,0.50651567,2,positive,28149c87abac618909b3090778252001ad5797ad26429c6aa1f56d2e55acf177,0,1
test:11184,0.27680547,0.63920972,0.08398481,1,neutral,829d0de22adda866a5b39a7fa754c4fb3cf54ac3a0c6f269c352caa2f48eb979,0,0
test:11186,0.22702197,0.71823165,0.05474638,1,neutral,5886899fcf2f81314b6d40615017e9546923c5ed9919bc710395af0c05c10c60,0,2
test:11187,0.09237768,0.45707505,0.45054728,1,neutral,efa93d22cc246b9edb6f6a221ac79dc61e265c8a2a4ad1ce2bb98a00095e2f9d,0,2
test:11189,0.60211157,0.21197518,0.18591324,0,negative,450609865c40ef26588dc7143c2b6cc04a623444cb27d8eb722bb4b77fb130ff,1,2
test:11191,0.10380212,0.87392805,0.02226983,1,neutral,16f26028cd4b0ffcad538392c84a796ccc76a571e714160fab895f30a2969d1c,0,0
test:11193,0.32300923,0.41936915,0.25762162,1,neutral,806211b8845e20420a845c50533635c13a1d1e7f9d685913394d4fc184a46ecc,0,2
test:11198,0.09430920,0.78363491,0.12205588,1,neutral,2f012230170d27ec4d5772d55254867d7011712a6492319a5fa6112c22f1845f,0,0
test:11199,0.43448548,0.30387811,0.26163641,0,negative,fccc209da8adad8fd89ab731245dde4b973ac7454db80738e90b4c7bfc93db05,2,0
test:11205,0.26953059,0.15661415,0.57385526,2,positive,68c8cf052ad35e0910441cf02bc2485e2dcff56776635324bff43a732fff9bbe,1,2
test:11206,0.03869968,0.67699994,0.28430038,1,neutral,2855af281a0ab46745dbb84f8d5f7126ffc4345eab65ce3a6b3019a65d75d6dc,2,2
test:11207,0.03029057,0.82559124,0.14411819,1,neutral,df7940bc08142d854923480a0d6449698023411de05c2fbcd8309cff47a81898,2,0
test:11208,0.12503856,0.28234033,0.59262110,2,positive,15aeada6ac07d3987ceb81a174d4c332aa07148c9206478433052e489b320397,1,2
test:11212,0.68921966,0.27067902,0.04010132,0,negative,ba9f4ffbf2c1a13794a0661b0ccc78a70b03ece81d0306b3539a2f2aded1d0e5,1,1
test:11213,0.46437395,0.37646591,0.15916014,0,negative,da81b1cc5712357596d629af43afdbb8f1476a692bf252da4adf3c13de02b2d4,1,1
test:11217,0.40938322,0.25232312,0.33829366,0,negative,d4e5073a05ffb4feeab7c8c4987bde444f9a617108a1b7c4114d05c00844b7fb,1,0
test:11219,0.38093615,0.49843743,0.12062642,1,neutral,ccfd81a699a3af60950a835a1c3020662df3fbd2915fe74a70268b61e82db554,2,2
test:11224,0.19131124,0.67166956,0.13701919,1,neutral,a8d55f4ba4d72f9d0171d6cf2587f1725137abbf3895d89aff4281098f4c8664,2,1
test:11225,0.25921435,0.37321223,0.36757341,1,neutral,3353369dac5fb48a4da1efca4f96b3d8ab7a0017b8d0098290a35c10c6a81659,0,2
test:11228,0.13802437,0.21640686,0.64556877,2,positive,89e5bea5c026a898368ee07794236907577bc6271cbb72822a9a5f5b27ad0c4c,0,0
test:11231,0.13528433,0.75725795,0.10745772,1,neutral,70e226edd2492b8cc4b19fbcbec43d8c40fdd06f393951af7c7c8fd7f6b3607f,0,0
test:11233,0.53776133,0.29341637,0.16882231,0,negative,f8d8501bd13d83cd34ec598a30517b0b3cabf43488fef487291728a4df27b432,1,0
test:11234,0.06355894,0.17172463,0.76471643,2,positive,a2be759d5e69c4a6ff9545c84be0cd455353d217f8b339dc4590f152dac7033c,1,2
test:11237,0.42688297,0.19520038,0.37791665,0,negative,b2b0d4ad3a872c18f9bfa6508a57ec5d0299e63bb2d26ee1da2e59e5ccb09014,2,1
test:11238,0.22973336,0.01836152,0.75190512,2,positive,be8145deb92694734e4daa6a212e829388537d00a72a03a5f6fcc7b5e628952b,0,0
test:11239,0.12944992,0.78592166,0.08462842,1,neutral,a7d46c95565fc3d0e574a4ea49d9bf1ac54f6f9d6f356a6a2b67cbbbc1e83309,0,2
test:11244,0.57332325,0.36693745,0.05973931,0,negative,d49311ed136c263dc8ea6efc5c099f5c2099108c47b39e31a0701fdfec819032,1,0
test:11245,0.24472244,0.43891487,0.31636269,1,neutral,68cd0120c8f4c306a73ef3f34bc8b82ea5853fc34c0c821a406db1afff42d2ba,0,0
test:11248,0.28501081,0.64052025,0.07446894,1,neutral,db4423eb1886b90de831030786868be62b0332a09b77c9c163fe07577246ea01,0,1
test:11264,0.39704196,0.48973023,0.11322780,1,neutral,de350f2a944794b0a3d600e772046d4eef42de3d8e211894ed42483cf9ed0d9a,0,2
test:11267,0.41502620,0.45609151,0.12888229,1,neutral,e0d4bef0a4dc432b0b667f2382cbb2eba98fb55e2b8945507d9a83812005618e,0,2
test:11270,0.10925028,0.71249021,0.17825952,1,neutral,31aa0291fd796146603fc25e1d113660ce777f49a53e5e5023c5d555e61bf81c,0,2
test:11271,0.49986047,0.34103602,0.15910350,0,negative,8077a6f3e888e8ee5a07ee6258d98aeec19659c9596085797c55062a325266cf,1,0
test:11272,0.44638965,0.39661064,0.15699971,0,negative,ac3646b2f419e07e243223bd19adaba6718a445bdacf465537cef1048a452848,1,2
test:11276,0.28369412,0.44721564,0.26909024,1,neutral,622ae4cb32efb2102065bd49a4e241f1847a91a166a1c54ae7e40e9c8d3091e0,0,2
test:11277,0.17887386,0.79324419,0.02788195,1,neutral,1cdcf86169ac0719511a7b84040a01c74dbae7f0e19c55cc8e8750267c8abea8,0,0
test:11280,0.06924104,0.41137918,0.51937978,2,positive,17e07845ec8eb1211e8718e0b7324b54cd81a26fa04888df3c66d8389553f4eb,1,1
test:11283,0.69422279,0.28106462,0.02471260,0,negative,0f30187cb805b394def70f5377e03eaa741846f27d1fac8781453f75d62b2a39,1,0
test:11284,0.12569200,0.73255592,0.14175208,1,neutral,7e40467d53d957f146c97b771744d6006ced12babd234080c46d436157f56558,0,0
test:11286,0.30476403,0.48389625,0.21133972,1,neutral,aa0bf2bea454fcd3a45a618ab0c88309e931fbfd3ca91fed25e8255e90743842,0,0
test:11287,0.11825209,0.83232465,0.04942327,1,neutral,b71f4c3c64d32b9606cd608889fc99ae24f6ea71af57e39f7abe51b7c22bcd04,0,1
test:11292,0.15102459,0.48304871,0.36592670,1,neutral,00bfa87733cb97cc1230599e3215a5f71e52dca7bb3447cb3cd8268273246481,0,2
test:11293,0.14948197,0.52801932,0.32249870,1,neutral,cdba8c637a5fe8c99bd19da46c4fec3fb73ec325fc842458f58b7dea3d411106,2,2
test:11294,0.21416143,0.59596566,0.18987291,1,neutral,169a108d6cca357583b8fcecaa3837495985141ab38845cb08c97413e8c8f165,2,2
test:11295,0.32039340,0.47021103,0.20939557,1,neutral,ce9674ee63bbd86ef68978446469bfd67504b07bed51d5643b86c50a061a0ff3,0,2
test:11299,0.03976986,0.82265776,0.13757238,1,neutral,1d05d695ecbcbef96eeb545606362abe38bd1d466d9aa13bc8071c6cd56fb41a,2,1
test:11300,0.45972577,0.19843560,0.34183863,0,negative,25b9cc329997c25cc01116b0b8cfc4f3c5a1f1dd87e5cb1b322ac7d5c901fb76,2,0
test:11301,0.10168813,0.30663410,0.59167777,2,positive,7820897e6d459a125103387bd4c26a0931d2f60651dd230eea29fedad0cf78fe,1,1
test:11302,0.47985363,0.38983844,0.13030793,0,negative,cd88f3f5f5ede1cd93fff31913d4e18542453ac55d87e68447e79171a3be553b,2,2
test:11303,0.58788758,0.25259765,0.15951477,0,negative,86eaabd8ecd9af524327c5c46caea7c2ba40d856c8576da9f94c788131222e36,2,1
test:11307,0.35516731,0.60437120,0.04046149,1,neutral,c2c89cc46e6caa1f18542aaf41b13170fcc836d849e904dbcbd80dde14a2c57e,0,0
test:11308,0.34429405,0.50131021,0.15439575,1,neutral,a73c64d45f13590bc3963efcbdf9e2aecabe5e653822a7c2bd16a6619d0ffa66,0,2
test:11309,0.45886492,0.49520543,0.04592965,1,neutral,72cc4592836b97cab842db7ee056cf156921e19cd175c9b91255c551dbd25ef4,0,2
test:11313,0.14404024,0.59445093,0.26150883,1,neutral,db16e4e73f418459c962b141d95ce9d7e8b015a4c2749940b706d04457bd29ff,0,1
test:11315,0.29711710,0.48119117,0.22169174,1,neutral,b5d4035f58760b4b281f4e3fd2d80297c72daa91688b4e4eac604d4b8a4d5c22,0,0
test:11316,0.39937732,0.39441385,0.20620883,0,negative,eed829f006764d4ac9af6607c4196e9d6632e37c46101923bad2ff3479681ca3,1,1
test:11317,0.24108667,0.28823976,0.47067358,2,positive,d46907b4db316a8ff3488c4e658378a2602432375a9431fa517bb4ad2b3333ad,0,2
test:11318,0.09195587,0.67318522,0.23485890,1,neutral,034c2e379924bd955c5a7488a7956a265f8fb0fb31fdd29c54e79e404a533c97,2,1
test:11320,0.92870575,0.01072291,0.06057134,0,negative,28d544ccd461a6a462915117180dcca56a3ab65b1a85d4dd38ddaed8ff9a2e8b,1,0
test:11328,0.57678850,0.35686881,0.06634269,0,negative,65d4fddacff85594c0ba89db9e2d7125304e3948e0bb3134464e187840bbc04e,1,2
test:11329,0.06372289,0.72775191,0.20852520,1,neutral,c7371ac5ece4c7b0020832c1df57fc0edb9d56fee378441554bd83deb62a7e56,2,0
test:11331,0.44847963,0.31156448,0.23995589,0,negative,2cd86d6ea9a80d24f6f653c9037c8511d50f5dc6faf18639332e788b7fea293d,2,2
test:11335,0.34871404,0.37944421,0.27184175,1,neutral,acec3d6b2bbdea9fc68dd6557398ed346d9b2a6da2f2c33dda3c897d1833a779,0,0
test:11337,0.36057482,0.37486716,0.26455802,1,neutral,3f7d4c6a6fc6938f145b9269f5d410334da4ef56d9e056c4e207134b27d7c333,0,0
test:11339,0.37068046,0.50859652,0.12072302,1,neutral,e1a1787a1dfb6c8452f56e9fd1a239b010eb28e1017315ef9bb5cc727892aa6e,0,1
test:11341,0.14901616,0.75193702,0.09904682,1,neutral,db93878a575fa160fe77f42b23985546d6b4fc335665d72d467d2638820980d4,0,1
test:11342,0.29423155,0.59356971,0.11219874,1,neutral,582580029206b4c9f366878bc0bc72686a698afd7bb98824ecf0d6dac70d7185,0,1
test:11343,0.60647657,0.25133618,0.14218725,0,negative,7178e8257cd1c1ff5b958f2553b98e72551fbfe6f6aac3d2bcbfd05534cf647c,1,2
test:11344,0.21810181,0.33654285,0.44535534,2,positive,3dcc4d9ede3cb2c107064fb216c591d1c33debc5f15540ad9b685affcc049f5b,1,2
test:11346,0.11404545,0.41228527,0.47366928,2,positive,84c131e662b80a73c7159d0fcb714569ce57edaeb01bbe082c7c5722d9dc3886,0,0
test:11348,0.28604163,0.17358378,0.54037459,2,positive,8dd69ca7bf42596c2c4f4d86b53cb4eef7544dd06df9fd5fad674e36ba7664d4,1,2
test:11349,0.08469776,0.83308185,0.08222039,1,neutral,e52a79389ab9802a9ba3370faab63d8078f9905806c3ba6c7f441690ceeb08b1,0,1
test:11350,0.07613586,0.81230141,0.11156273,1,neutral,f8520c447326c40c6f4c6c6158e02bea4db08114a9bdf5a07b137b91fe7d67ca,0,2
test:11352,0.24234575,0.60485329,0.15280096,1,neutral,d94cf3b2ec3cad9be81c043e08336a82a4c9e87eeb0a4bd2fc7d0eb804c6271d,0,2
test:11355,0.17998685,0.53878120,0.28123195,1,neutral,d3c1c27933042e154e0e0e061d21846cb88cfcc22bb1ad6d2ecac7173fcf91a5,0,0
test:11357,0.44625102,0.44885104,0.10489794,1,neutral,f7050ead0518fcf2069453d056719dfa63a1dcc2175e6a8ae571b014ba760f0f,0,2
test:11358,0.08964378,0.44259726,0.46775896,2,positive,14898a8ee97772bbd315a7c5a3d9e7328505c5277a8183ec94a58a67802b2094,1,2
test:11361,0.03772076,0.21455482,0.74772442,2,positive,0e4f6b0d0e69a4c77a4c0711e4aede90db94e5aaa7d18e11a9c8dca5c99cf4c7,1,1
test:11366,0.11487373,0.16441330,0.72071297,2,positive,5ec119763d3f3b1f273d429e89d80bf50c0fd3409af3a2da798775553cb00b57,0,2
test:11371,0.26445684,0.08792632,0.64761684,2,positive,e79a9119268005d25d6cb06140888e872fefb01759f7dcbd327a2ee4f495c98a,1,2
test:11372,0.05050442,0.19326841,0.75622717,2,positive,c2a373838f9db82f20f63fe0f3902704a8074da4ac218529444e47dddae4fdae,1,2
test:11373,0.16405416,0.21811165,0.61783419,2,positive,8ceb11cda6fe7e3d074a3f526046ca7e4a68dde4799772106804dc28acd8d551,0,2
test:11376,0.02698773,0.05962172,0.91339055,2,positive,64d29bcd5897103902361e9fb1114d46d6d5f5f8f001a5496e86716e8c01e71e,1,1
test:11378,0.15510232,0.28018113,0.56471655,2,positive,685137ea3cffa60e738c8abbb0e5c617b71e3634c8d5dde3f83782170e964520,1,2
test:11379,0.28334931,0.31226028,0.40439040,2,positive,cd9bfc5d8f571356b2db327d3d941e299b2e3300d26add396829761812284e33,1,2
test:11380,0.30827362,0.55525980,0.13646658,1,neutral,bb4a41f4374c93beb849c7c46b5b342f8bd5f39cf10f49aac624d047c3d31b4c,0,1
test:11381,0.38788180,0.57609495,0.03602325,1,neutral,a63c976ce45475b9d22b7dd7bcad3882d6247dedf477015b725951c0eef165da,0,2
test:11383,0.15953747,0.82554743,0.01491510,1,neutral,3b91a4ff6472ab1c5f5623b8cb6dc44fe9a749ab5c994a4d32ce47f2ee95a929,0,2
test:11386,0.22201031,0.61880650,0.15918319,1,neutral,af4d0e25f66417a1f1ce5ed0be4dcc35f575ad40f04896377948f08b202ef8aa,2,2
test:11391,0.25550991,0.50617447,0.23831562,1,neutral,429ae56d1d6e490834ab09c9fb616b63c97debc208cd399db04d0baefb77ad0e,2,2
test:11394,0.01323718,0.27653680,0.71022603,2,positive,0b03cef36e4cbfac328876ed89fa8eb38963f4d60235752793aa347bc7f8df9e,1,2
test:11395,0.10159774,0.74693313,0.15146912,1,neutral,7f7c52314e0217948737b3c96d8c0d8ea257481c95629224e2dbe0ab9416307a,0,2
test:11397,0.04204437,0.40492543,0.55303020,2,positive,0e4763a84533f35e89dc3075693b26a45c53e3d3ce794aa05b9bd79551afad04,1,0
test:11403,0.47958884,0.32719529,0.19321586,0,negative,878c97cd7471f8d041a166d591af299b6ac63c40784fee1a7169d90aee4b6460,1,1
test:11404,0.29175066,0.68531958,0.02292976,1,neutral,67b7b1d22afc06e029e3f793b2f787ae50059f46c3955ee1e5c41632db6861ac,0,0
test:11405,0.05906910,0.91677443,0.02415647,1,neutral,352f1e20977bc40249f60d167165f749aa50922387e1a071b7a4c6267312d522,2,2
test:11409,0.13684426,0.59808203,0.26507372,1,neutral,1cab4985a5060a44644cceecec772e40c128d78116940ad6f132fdf2da71869a,2,1
test:11416,0.36970649,0.48169017,0.14860334,1,neutral,043eef1155602cb269d8410f849ba94035eb95baea4daaeb469a26275bd598ef,0,0
test:11417,0.36621010,0.30722036,0.32656954,0,negative,2dc7f563f4e64b81aa36d394d0de61089355543a3303fdf45fa3055a0a1ee0fb,1,0
test:11418,0.13925687,0.38046074,0.48028239,2,positive,283d59af46929bbabcee3eb47d7623eaf6fca91f7c719e2053ffae2f7d0d1459,0,0
test:11423,0.27114530,0.49956084,0.22929386,1,neutral,4f65de5f76be27d43a5aedaac9808a1e0cd70e4f61b72c7b8f20c8483132c7fe,0,2
test:11424,0.07494264,0.68939143,0.23566594,1,neutral,00123817a0e43710c796c237b12a384dd08cba4a2dff5205f776d4d3b00b493d,0,2
test:11425,0.06870943,0.75351734,0.17777322,1,neutral,ef07c30e06a4587a9f686f0074b4f799a8731f996d5a764f15a8dde80d605fb9,0,2
test:11427,0.21011355,0.61906339,0.17082306,1,neutral,6e9936c78c9eb8a0beb62b6f5051edbc6f58b61b4e46b2012e2eca4271be85a5,0,0
test:11428,0.26642661,0.32094072,0.41263267,2,positive,d51e09f4942c5de158ca4678d1a3ed3e1ee8c6e43731e0538491f25c11a8f1cd,1,1
test:11433,0.09430910,0.38507402,0.52061688,2,positive,179e526c1cbbe7c5f4f8a1738683a4028efbb4df15ffa88d9cecb38f5652e997,1,1
test:11436,0.12481810,0.44797734,0.42720456,1,neutral,0cc70e64e31c00b0377a12b621adb6b22fc1e82cf9dc2df838f8102f12c5dfa1,0,1
test:11439,0.58691314,0.35653908,0.05654778,0,negative,34c5758cd4f33bbbc2813cfc4131f9384e23a678985ee23fbf2864c0c56c1d31,1,2
test:11442,0.06606648,0.19989798,0.73403554,2,positive,e228c84c7b5bfee0d8c58f2ab63a9609c862a180de9f623a5bda36f275c8a265,1,2
test:11443,0.32403098,0.46425927,0.21170974,1,neutral,2fdb3f22efd6a31c8c6dbc4281e45ff72b72a83210bbe3dffcf70c4c26b29aa8,2,1
test:11445,0.22856310,0.53578187,0.23565503,1,neutral,1686adef73eb1a9a73c26341b59ef2c1ee20092349799e2ec93f3c031cd18511,2,0
test:11446,0.11239275,0.60087548,0.28673176,1,neutral,e3a25934dfa935049865fc9766f5c570f96172a6c2175258c2ffff43e3890546,0,0
test:11447,0.14116399,0.76027799,0.09855802,1,neutral,54d4320a5ed8f7f900807eb9fe23a3af934f8c74cc39a08c1a1e9a24fdebb785,0,1
test:11451,0.22490973,0.12801056,0.64707972,2,positive,fb1d9cc351bcedc5ba011b5f824384425c5f4c791ab3ac6bca05c6a7780fdedd,1,2
test:11454,0.09575931,0.43681582,0.46742487,2,positive,781466b41d11afcc8c258d4ef7f923e205f97be8cb83bd2b88c66c4535202c9d,1,0
test:11459,0.05124055,0.16616765,0.78259180,2,positive,34d4ee7856cd62a9f5e15df8441542b752be01c2d073982805e5f3ce61fb2757,1,2
test:11460,0.27631049,0.47347556,0.25021395,1,neutral,b239d41178984c416c29d1da600a21a9c8d8780b5bf522a5b6551f34469a9292,0,0
test:11461,0.51264713,0.40656281,0.08079006,0,negative,65567557a0bdbef44d32972e6a752003cd3ad1f59ec86098102c8858f811e656,1,0
test:11465,0.85331305,0.13873890,0.00794805,0,negative,110a3fcd935a4f4c5aae5626c7a30076ce133a9306d2853bb32cf11e7fb474cf,1,0
test:11470,0.45419594,0.48752038,0.05828368,1,neutral,ae69582a75e816dd05cb0f8bd6dae92d0f4fac1cef0fe20f447c1939b490de33,0,2
test:11472,0.08754554,0.27745180,0.63500266,2,positive,77ff41152b0fbe4110d04f6358235782be9b5097b840e7ede3c3cdb599579616,1,0
test:11474,0.16060455,0.55043019,0.28896526,1,neutral,ed0ecdba3caff3d5f7e3ca74e5f0a35212cb9d11be3f77f169805eb1a6ca369e,2,2
test:11475,0.30337972,0.33588148,0.36073880,2,positive,deda4dac188c7b9b4e8850c535691f8bad7b8e862112cb2b8d2cf37b23f3e3d2,1,1
test:11478,0.13860555,0.60286577,0.25852868,1,neutral,d52562ab3d72afa808684cce955b429a4d129d7df37c52bea8e58edf2f1f4d74,0,1
test:11481,0.50575069,0.14448573,0.34976358,0,negative,77a288814d1b353aabcaeeefbbaf3938214cfc4de48295d626dee66ba33c0732,1,1
test:11493,0.24369203,0.58158146,0.17472651,1,neutral,f844f0cc172fb54c8f1e79ffe5fde860623dab5d96a69b9021fbfd96f68d7a7c,0,1
test:11496,0.15657887,0.79576631,0.04765482,1,neutral,b5c8b6b11de1f2f8c65dba8df363c28595db8db392baff020e94f1c7786095e3,0,0
test:11497,0.11183194,0.60887572,0.27929234,1,neutral,8b340951b79c3c6947a6ad811789a20d504c19782aea5076f7392886feb1e45a,0,0
test:11498,0.41969772,0.57431714,0.00598514,1,neutral,31723ab0caea98e7ebba0c4cc3040486ab5343223fdfc557348e40dfd1d85437,0,0
test:11502,0.07121177,0.22728292,0.70150531,2,positive,bd6ec74923b551e048a8de0826be430f688ec22d00ac58b84c229031e7185861,1,1
test:11504,0.50848431,0.33966798,0.15184771,0,negative,1c585d0fbd9ae5f4c0af1f6d1f0e4fabe27e52ca1849f5f1d166491be78a4c19,1,2
test:11506,0.37541313,0.42819937,0.19638750,1,neutral,966f4a726b48e15c16022ca7554c2d83a1a5e66baaa4dacede37def08b690232,0,0
test:11515,0.29112301,0.13035089,0.57852610,2,positive,0e1f38a6c087f02b339eaed394ba6d309c146c886987e3acde7f7ff81f1b59b0,0,2
test:11516,0.02222072,0.45352821,0.52425107,2,positive,aadca646a27c435c24e8c30d17d38f65a39919e4b66de970aaf712a8dfabc1e0,1,1
test:11517,0.03765157,0.39126085,0.57108758,2,positive,a8827de32113c1da76b3be94879f09317529370d503bf23b949cab7217d40157,1,1
test:11520,0.37867341,0.44570589,0.17562070,1,neutral,0ea6f1911876642150f5c43c3a079c326d3d2030ac7e6fbd320f7482044ea12c,0,1
test:11522,0.22496092,0.76125478,0.01378431,1,neutral,aea33befafb08b18aa5522ba5ccad6a00bc3dc6bbb9d7f0027706ec7d946e66f,0,2
test:11525,0.20324086,0.60756472,0.18919442,1,neutral,4d334ae87299a6acc3a8926a3d0653be1ae924221874666add48c549890a549e,0,0
test:11526,0.42673757,0.51286291,0.06039952,1,neutral,aaf81f1ebf6c9920a09bd0c61d1bb821aba7f8faa1897d6204cec30e6d6478ea,0,0
test:11529,0.09063513,0.64722375,0.26214112,1,neutral,a272d58ee622d4a93d705f5f3f30ca928421d01ce5a7d38c2082c2ec7a5a4eff,2,1
test:11530,0.02863503,0.42760607,0.54375890,2,positive,eab876dfcb09802ff83dd01acfdc3acd909ee18647b3646b46cadd15ef329e50,1,2
test:11532,0.23664960,0.28325662,0.48009378,2,positive,03423c38a82d141a8c1bd1e1f7562d41257ba9a99fb8e93c7e73b83b8bd0b1d1,0,1
test:11535,0.59034991,0.33702987,0.07262023,0,negative,ecf639afd27ecb09aa174a8aa4e959c9644ea69091cb55aaae4c2930552f25b4,1,0
test:11538,0.17134603,0.49380361,0.33485036,1,neutral,a9fdf4c2379cd969981a87a339be0b329569e61386b1832a2ac09bcd8afa17a4,0,2
test:11540,0.60682940,0.27022665,0.12294394,0,negative,17e7bec265383cffda1b882be06af706cff7b446ac5453e3c89b25ad2dc847a7,1,2
test:11542,0.42013697,0.54895058,0.03091245,1,neutral,758aa3bba7ab314fe493e95e43297743039dfb920d57b1d66137841022a6e439,0,2
test:11543,0.01671790,0.65398939,0.32929271,1,neutral,cdf2dbab6906554b8495e884e79297bd04d6778140f6e054fad5d4482bc8954b,2,1
test:11548,0.03541181,0.04947913,0.91510906,2,positive,94c5cd4ce51370657b484f561a3a9c521e19f4675f50513b33df795b332b9a61,1,2
test:11553,0.01559282,0.43671306,0.54769412,2,positive,5bf9bf360df6d8e315c60a39cecce502fd64032e230cceeaeee6836de2b200bb,1,1
test:11555,0.05865179,0.49862370,0.44272451,1,neutral,e3326f6f110676b1bfcb2a3734618870a98244ddc937a345c58501343face641,0,1
test:11556,0.47826170,0.44917363,0.07256467,0,negative,acf1affc613826674795a8a72c9c588eed40a4ad8851480ee9d877f5fdce9df4,1,1
test:11557,0.68513848,0.12241394,0.19244758,0,negative,4ca8acd70e597d9dd8267defd69af0ba738218f915cb9dc85dfecd3f6d8b28c9,1,2
test:11560,0.26342392,0.59407929,0.14249679,1,neutral,4c47104e791c15afe7a450a686add1a95b93df80d738d925317c8ed785cf4bc2,0,0
test:11561,0.00229459,0.00466192,0.99304349,2,positive,757c77beba4e861ae8a92a1bab89fa633750cf30ff2b377fbabd8eab60da05e9,1,2
test:11564,0.07840019,0.84144450,0.08015531,1,neutral,bc041d82001813145e7aeedc78e1a2f6811ef1eb2a3487937745694d331a353e,0,0
test:11566,0.18586283,0.42482963,0.38930754,1,neutral,1ec4ad8627859f31d905c67d0ca2e9c2a42c3663bfe818d94946c0a835e6853c,2,0
test:11570,0.41667553,0.55778305,0.02554141,1,neutral,fc4e1af4bcdd838a0a35bd2b0f662c347896a90dfea35b051f285d935cec35e8,0,0
test:11571,0.60826621,0.26372739,0.12800640,0,negative,663fc7abc444dbd6f768b4f014903bdfa82fa0695c63df150d9695e9d842e852,1,0
test:11572,0.10460157,0.42606286,0.46933557,2,positive,02b467730b17c9029670ec4458a373ccfc6b7e2175efe81b3d94d5bc3cc9321e,1,2
test:11573,0.41160643,0.42388330,0.16451026,1,neutral,a689dcd8912fedc6a0ef650b72e2def1f682bf2f97615a82cabf12442cd78903,0,2
test:11574,0.41407437,0.52504317,0.06088246,1,neutral,b65692dd0cc1bf3b7ece0ae9d1060ba8b4f10c18d4cd1369d4ac1f56d57311fa,0,1
test:11577,0.28301245,0.66223636,0.05475118,1,neutral,0a88c4294d70615e074b3b933e263b3b4f7f8ebe1d471c085b47d3d14bf90cc4,0,0
test:11580,0.27548708,0.40799462,0.31651829,1,neutral,7055bb54c33d51b7252f4d92d58fb7e740d55cf8457b7683b38f4f9fdeb84a05,2,2
test:11583,0.39755935,0.54792331,0.05451734,1,neutral,b49cd800539b2b08d4830ca25d779e74c8ff5ae44a464351a6b9b544cc57c32b,0,0
test:11589,0.13105101,0.52880304,0.34014595,1,neutral,af48d224784834322d8847700d9fc2bcd149cd0ab2c6662ed13780895b662bfa,2,1
test:11590,0.12746056,0.07781042,0.79472902,2,positive,668722d7995917101fdb99565f645aa928842407d3cbd6f6e0ac08e4127b3165,0,1
test:11592,0.35648539,0.27129694,0.37221767,2,positive,3939350761592ec91a82c525ea4ce636e2295c276d8de25d08c4acb888f92d10,0,0
test:11593,0.20020072,0.70816716,0.09163212,1,neutral,8c00919c339a359cbc311a887238626212590cf89ff9311c24aab6b896f16694,0,1
test:11594,0.46804022,0.46784517,0.06411461,0,negative,301c891f5a44c0ea0e271f8d9ed2be8d77831cd0d3fdcb35f775b443ff89ccb1,1,0
test:11595,0.04890116,0.46588669,0.48521215,2,positive,6f3262c5b58ae431fe176f103cad98f582cb1a2ba8906149888ff4e0184dbddc,1,1
test:11597,0.64979591,0.30846831,0.04173578,0,negative,a0df38a644b373351b4f49056f89285d3d481add5e94970902f98475d5ef5418,1,2
test:11607,0.52582953,0.39316911,0.08100137,0,negative,7d1b4c39065112a57501e3a19eff1e9b3e7da769ed8e2d436bf97e74b16fac6e,1,0
test:11611,0.41500910,0.40048744,0.18450346,0,negative,e0b1b8fe0e2a4148ac937306157be708691aba0991cb8a7b88c104e2daafd839,1,1
test:11618,0.38367590,0.45987562,0.15644848,1,neutral,9493c0701211c5936a50f859da372bf3db297f11fadc71132fea455f7172875c,0,2
test:11621,0.43403374,0.50996296,0.05600330,1,neutral,71473a9c2dd13ae2a2872294acfe665bd056e6ddce8c3a49305eb1fb26199d66,0,2
test:11623,0.06939524,0.40875251,0.52185225,2,positive,b55bbc73e0d5f59c93b0b83dbdcf3cb2d9c34abb3d4388730077d69dbb926bfd,1,2
test:11626,0.12027851,0.38065690,0.49906459,2,positive,c36978255f3049aed546dcfae3c38fae7de79e661d04de351c80fb803a23454f,1,2
test:11627,0.30503778,0.47169396,0.22326826,1,neutral,9fea25797967fa089dd7f0c870fb67e388e41fe858fa88e37c3917818b16dfd4,0,2
test:11630,0.27395624,0.35884957,0.36719420,2,positive,d51c3d858fa8f5f5e6ab0a27470e13120a983c17daa6468378edfceb44e795b8,1,2
test:11631,0.20812993,0.53203741,0.25983266,1,neutral,7ccbd86aed54e684d52b277a71748ecdea0909d6d92ad4625224f04add1a359c,0,2
test:11632,0.12944073,0.80716380,0.06339546,1,neutral,26da9bdf70b9603c7cc083c4cf8433103d2c001952bc0490202c1521a2ebf356,0,0
test:11633,0.25013554,0.58636688,0.16349757,1,neutral,67e5cc9c8a63cc9f2c87cf078c9848a6b2b7b60388871d6718e2a8cb356fc6b4,0,0
test:11634,0.05341906,0.27808884,0.66849210,2,positive,f67e105d71246cecf18a601fa91386a813569f09edd1e86d8d00b3489c11cb3f,1,2
test:11638,0.30857834,0.50016739,0.19125427,1,neutral,ae45da88f5331ebcddedb27a977493fdf3ac6d1af9892460cdd1fffaa3973913,0,0
test:11639,0.28596593,0.66111986,0.05291420,1,neutral,6b79ea8a69a3992fc070d29f7786c85a52e463b44baec64dcdbfce3857e0d6ce,0,1
test:11642,0.13103211,0.71884212,0.15012577,1,neutral,a3b8116fefb8b5459f888b5d0392b5c374d3651f0c7e01c2a551ace066626a66,0,2
test:11643,0.01345774,0.32086547,0.66567679,2,positive,c3c3783ef3e0ca8665d4d57fe68593d391086dfe0db738d09e7e090acf7b385d,1,1
test:11644,0.07989537,0.67825265,0.24185198,1,neutral,ff59d4101e73744a4e612854d4a957820a291fdbcd6a989a775fce94b555c486,0,1
test:11647,0.38419169,0.58269555,0.03311275,1,neutral,0a73177b7e2da6e6f6d7ada2f98fda37bfa4e60c7cda27f73ed0ef1fa4db84c1,0,0
test:11649,0.61049777,0.28845559,0.10104664,0,negative,7a8c7bdd42fa9237e852a2993eb0a3e51e9dded078f72b812e87cc799bc417a0,1,1
test:11650,0.11197890,0.53887475,0.34914635,1,neutral,c6a62b9d716752a3840273845beaf8d6fc2e457e43aaf4f30a9c13fa5a049a74,2,2
test:11651,0.15744597,0.73683716,0.10571687,1,neutral,ae85757876b40de9c2c352052e4ba7ba2bd67439e4ee13febcce21beecb7256b,2,2
test:11653,0.16792864,0.71422825,0.11784311,1,neutral,1faa507cae955a8426e09bdf5ffb7ee767cd0a61b6a0c06ed4523351f9a6c96c,0,0
test:11655,0.09136854,0.45883799,0.44979346,1,neutral,34fc6ea3f7a7761266c441c74440ce5b8e64ff538451d71bd572bc271508611d,2,2
test:11656,0.40011752,0.58765417,0.01222831,1,neutral,7394c6268cc9788134cff028478a68a80085c6ca2b9fb6dedd9d49ada43e07e0,0,2
test:11661,0.75246482,0.18691557,0.06061961,0,negative,ac7f1bf410065986f43494ec3384108648b6e160da45ffeaa99a2f0b99f22a90,1,2
test:11663,0.35071054,0.43542519,0.21386427,1,neutral,afb24226896b8bee54ac764396e06aa34458adf4f0c309b841f35fdcacd6752d,0,0
test:11664,0.03693663,0.09160996,0.87145341,2,positive,5538dfff17b290b10f6e837e4ff7b17d653e17485cb7e818c94f50db0113cbbd,1,2
test:11666,0.61701919,0.32231395,0.06066687,0,negative,2558af71b8715b6d81ba052a1b94c2fc9cc04f5ac48d521fb9a7cf639605c781,1,0
test:11672,0.14349895,0.59797211,0.25852894,1,neutral,219dd651a584d9e948d8a042d6a66f682bd72515fb4c1b6ba39073f8a2bf9e27,2,2
test:11674,0.26540504,0.65537786,0.07921710,1,neutral,5ed96aea2c59e7e895415f1cdbbbb0a2a7020af364945b5cb1d070990c910658,0,2
test:11676,0.28474655,0.46770709,0.24754635,1,neutral,cbc4001369415208345ecb628a5108b01d6497764a1a789fc5cacb92fd969675,0,0
test:11677,0.23218292,0.24379282,0.52402426,2,positive,4f019f63e9a40e3612dbc0dc4ec626633d14b6d5bc99009cba2c377b8a1a2423,1,2
test:11678,0.05977575,0.76091827,0.17930599,1,neutral,d309326e71518cbe0b3b55b4d37d520f1b3778c10ae063f8466745a583d25f36,0,0
test:11679,0.01661035,0.80932261,0.17406704,1,neutral,4bf7fa8b7ae72da0357386f92337859beff68c3c2ed8649e963408fec14c64b5,2,2
test:11681,0.18153065,0.49123048,0.32723887,1,neutral,406ade93ac285d11991ef22f43444a825f8e7945f2dd74599ff571cfe3201146,0,2
test:11683,0.05193279,0.08002128,0.86804593,2,positive,230dc10ea8937aeec4ab08ad8b331c77c4c4e4827f0db4613775276deb6a3f20,0,2
test:11684,0.03773724,0.23186188,0.73040087,2,positive,789142d947ce8ca184c0d950e4ea9355dab3c4930be2f515b5ec6371f3a5a7d9,1,2
test:11685,0.62092109,0.26160688,0.11747203,0,negative,5d2f580445a06d2b4fa4eb5b1415a721875764923db9931f3bc6b670a72b0d1f,1,1
test:11686,0.61407230,0.30332537,0.08260232,0,negative,e1f28e9d03a49302394fcfb6186908e5f71917b857a7f993c75440b45d2346e0,1,1
test:11692,0.41400935,0.44150071,0.14448994,1,neutral,23ef436f63e41ca29dcfe0b5b1efb9d35062131ff3727a82d7a732dc48abff1a,0,0
test:11694,0.17101885,0.74639780,0.08258335,1,neutral,a7163f347dd14f80a7c7661892e76f5a42400d26479b36bf68c8d54ab5801e3f,0,0
test:11695,0.21135704,0.69712704,0.09151592,1,neutral,9d17ebdf1f2135cfb2d78040a1424a175798764c4bc5a8470a074de8db24e742,0,0
test:11696,0.16477259,0.60928512,0.22594228,1,neutral,4296b6b6c26f98ce752df2ddd4dcef20ce6be467774ff07e5d8a4e16d7f812ba,0,2
test:11701,0.09968274,0.64241405,0.25790321,1,neutral,c20da1a33393407a8a37812a9a84b56d3e764b9a3695f364ffcee93619195661,0,1
test:11705,0.27010320,0.68911890,0.04077791,1,neutral,ad7d5aa3dfb8c86c3a4331655ba101c55d36ae8be74bf583be0221f54b2cafe3,0,2
test:11706,0.21889131,0.26875681,0.51235189,2,positive,a6fbe3e6c146fb94aa0cc6ed9bb07870dc185a2bfdd422da04d87b9f59f91aba,0,2
test:11708,0.15572890,0.30066272,0.54360838,2,positive,a3380c45707075a617e4bbd792e28c883f96b1c98ca00d66598c3595a3f613b0,0,0
test:11710,0.02767268,0.10155314,0.87077418,2,positive,abe374d5848d41801ba142ee844459020a6750fc291ef46df3a60e1552ae798f,1,2
test:11714,0.24695605,0.49507519,0.25796876,1,neutral,5cf68b5e9992c36e19d5bf725a51a485225276c722bb5dd4805c654a20ba1bf1,0,0
test:11715,0.06568365,0.48082421,0.45349214,1,neutral,2c3202b9b543c70662b36228f0f522c30a116d153a58a26ef1440be28ada0b4d,2,1
test:11718,0.05463252,0.46235469,0.48301279,2,positive,6b7aafd05af4c3c67dc320084d1682977ec7bda2b68fb8c72f11d0e6065d4cf1,0,0
test:11720,0.02669773,0.12673004,0.84657223,2,positive,9e45facfecedffc63e17ebe793e9989150b9121b809e31d572875094e569be05,1,1
test:11721,0.34530537,0.17133956,0.48335507,2,positive,59f489d43462fb4e7d45f151c3e676d92bf30089de2a897cf68fae27b6884e21,0,1
test:11725,0.14146624,0.63767681,0.22085695,1,neutral,2d11ba710d438c44949883ffbe156631f7db99dbab60de03721f8cba1638cf27,2,2
test:11727,0.38874293,0.56177405,0.04948301,1,neutral,7eaf927e441db6339eb41d1cd45cca886c0df4dc65e65beb2ec2501ebd344e5a,0,0
test:11728,0.27605994,0.41415956,0.30978050,1,neutral,ff10b92915abbe43eeec01281f450aa79fd3924aeba4095e714861b64c35ccf1,2,2
test:11729,0.24115998,0.55360322,0.20523681,1,neutral,d8dfc3f50a987576a241e2bb1a49c9c6ab706c5bcd7b23c237b633408cfc2a88,0,2
test:11733,0.08979122,0.79992600,0.11028278,1,neutral,9b8654e4ad04cf982eb8480b2754bf2fd571c0f742892af2886ae505d3a3c563,0,0
test:11737,0.06383558,0.44915184,0.48701258,2,positive,8f98c2cb3df4838fef0f376b284c84da3827bcba2cdd8be6ffc09f8c797dbbef,1,1
test:11738,0.01911525,0.62999547,0.35088928,1,neutral,c6b1378280d52ff20df9a24c86677530a6f8e6e9f5981a31ad75b1fbbcdba111,2,2
test:11739,0.11735244,0.49822690,0.38442066,1,neutral,c72ce0a2aae4ac21d6c1f757c9ee3548a692bdd3cd539cda9570445428a16749,0,0
test:11740,0.39891044,0.39393595,0.20715361,0,negative,ccca6878f78a66f9e2a78469f4a86fa6a2a9e6df3df7790731ece66ca3fb83c4,1,2
test:11742,0.62249882,0.30486079,0.07264040,0,negative,9d040365f6cbcea5ff38de605dd843b87d265580cb53a7ecb4ed77981a13b788,1,1
test:11743,0.02777468,0.63839272,0.33383260,1,neutral,d55712652632e685c01bd58358dfb3621da2a574c6aefdb1a1ed8d3a0342eea5,2,1
test:11744,0.25180258,0.68215564,0.06604177,1,neutral,9a50dc5b85950aa78755c632eebd068c1a016eb0c61f1a84de1b0dbafa8f7c7f,0,0
test:11745,0.18864706,0.43463951,0.37671342,1,neutral,81c4fbf40efd873d4998ec3d1310391b0adf860e4a38a7d1806911d6957e2119,0,1
test:11746,0.25896000,0.42785257,0.31318743,1,neutral,6db67b3b25e898a95b3075edfeab444cd00eed73385eef7c9c1aa93d9c6b6637,0,0
test:11747,0.19965089,0.76510219,0.03524692,1,neutral,02d066b71fa91bd6ba22044201dab220711371d3a2e68e3ff0109309ab2f1b55,0,0
test:11751,0.22498188,0.73086125,0.04415688,1,neutral,9e3072c98907f89c6bfbb7f8dbdd70370cc15a849379b49f094bd7661ebe490f,0,2
test:11755,0.65264934,0.14645106,0.20089960,0,negative,987cd27a427070d9b4497762d63ae6873277c312507780a4608e9c4730eb6f21,1,2
test:11756,0.10925106,0.68049700,0.21025194,1,neutral,8cd60f705bcd678ee38050824113740a252d1e3c3c4e85897ebad74b2162370f,2,1
test:11757,0.09574177,0.56716978,0.33708845,1,neutral,58e2753120d7e2d9fcf82242ff3c458d13f45f3efe15b2a69a265305bf9e6df3,2,2
test:11762,0.35350398,0.49060661,0.15588941,1,neutral,d39cc9c3ddb56cf8ccee2ffd3474cbbdb60556b4ff2b17043bfd66d7899ad7b9,0,2
test:11764,0.06913325,0.59915505,0.33171170,1,neutral,13f0c0c743cd07adae5156bf9b8e9ed483b120113fd036d6399c5521aa92a4ab,2,2
test:11769,0.04841475,0.22028398,0.73130127,2,positive,5440a816ad4830bc3f453730e32cf80df201cadd21e1edaf52f07b8df7329356,1,1
test:11774,0.10161697,0.35415293,0.54423010,2,positive,85e9905508de2009c89ddce43c470067b893c18599cdfbf2b14a8ff1d2840553,1,2
test:11775,0.35509165,0.30935316,0.33555519,0,negative,8da62f9a302cbba15f517e399e1a129cc680c5c3518c4128301914d19aef07be,1,1
test:11783,0.52813440,0.32913017,0.14273543,0,negative,1c05801ae4e1c345d73ca3d2ba0dc49cf310edfd792eebf89c8df27a56ff0527,1,2
test:11790,0.23307209,0.70119154,0.06573637,1,neutral,aa2d3d096657bf59f0c3f3a8e86d64ebbefe53a188ac128956942595f487ee5b,0,1
test:11791,0.20334103,0.65855455,0.13810442,1,neutral,e00427cb8b40a783ad930ce4f3c7388a896c139e86e101388af69d7ab2504dec,0,1
test:11795,0.19439902,0.53027971,0.27532127,1,neutral,c0e8e0e646d4aebe4b377fd0a5e573a89e7420537b2235ed8fbd0eb324f8bf10,2,2
test:11798,0.31463108,0.57890526,0.10646366,1,neutral,fde4a64c169c7ac240ebb5ce47f463183d7f6ed07a4fc11e5b0c3dbdbb86346f,2,1
test:11800,0.42597735,0.25954918,0.31447347,0,negative,3a4ac4f0eaab6abe65fe60f2a699fabc29fa64bc5e1a3d0692d661b5c4d3a1cc,1,2
test:11805,0.25747640,0.62099292,0.12153068,1,neutral,f4485b0841e157a88112e86059987e0c6445a9eeee05c69a52a220ceb197b12b,0,0
test:11807,0.44333547,0.40102767,0.15563687,0,negative,50ef91ad1131f5af3e9b729b81564aae196ba8d38766259061e0c54fce3e4f16,1,0
test:11812,0.05533047,0.63141450,0.31325504,1,neutral,0f83e3ec3c8561ab205f285e55b67a60aa2dec2e4e81fdc21cc3bccac178d34e,2,2
test:11815,0.05199428,0.81893712,0.12906860,1,neutral,5b692c2445cafb885cd6261eecd5d1e5f91f3b5ace9df356d552250a8d10d870,2,1
test:11818,0.03618418,0.80716192,0.15665390,1,neutral,dd7112d4d9d620e525fe55e70ad010436061bcb4f7eef8eb663114a9a15917ae,2,1
test:11824,0.04577693,0.55555853,0.39866454,1,neutral,b584fbfcc4df9ecf60e4e431e452e1d8f77d9414af16c9c87c8e151c6414ab5c,2,2
test:11828,0.19121926,0.39967776,0.40910298,2,positive,456cbf7043719e1d5b11fec670e3314c3efddce1b124f89771affb2322a3f407,1,1
test:11830,0.32876651,0.64457814,0.02665536,1,neutral,f389bcae56bbfe1be53dce24ddf868efe80d9a9277d44961b4dad32918f5ea08,0,0
test:11832,0.08622095,0.40743443,0.50634462,2,positive,259cade8ea46ea76a76583a4dfaafdc7a660d3f8d100cb726250b1a9679ff1c4,1,2
test:11833,0.36143772,0.17695251,0.46160976,2,positive,100a36b0f9173869043ba9a6ed5ce3dab1d211736b5ee94b4268e6ad4a88d00d,1,0
test:11835,0.09261982,0.50640075,0.40097943,1,neutral,8e723ee78d73f5bead8f7558d801d20c78ec12baa791bfcc0d2e40abf0cff8d0,2,2
test:11836,0.18943711,0.45934787,0.35121502,1,neutral,3cace0d47c2ecf288af19187420fc1fb208e282195564c1676b4ffed56885f22,0,0
test:11837,0.47510652,0.46293173,0.06196175,0,negative,2ca5e557b877160da44435a2a1ae4bba543eec3635ee0357c99e4a6d0c8ff3ac,1,1
test:11838,0.16583663,0.75334082,0.08082255,1,neutral,577bc5c0d9b4d248af387c4984b7005f897287de57103c4fd9be98101e132708,0,1
test:11840,0.09564207,0.56375069,0.34060724,1,neutral,364850887f7a117d1f36369a93cda9cbfdecd5bbbd6e83df219fe9569e42f367,2,1
test:11841,0.09163799,0.87280647,0.03555553,1,neutral,cce18072287d6bfacb2219f6d2c288f478c501ac20545fe0679974977ce580f1,0,2
test:11843,0.05351170,0.45769295,0.48879535,2,positive,94d354e288501affc1ab6cb1ef7996d3bfa8561f864678206df7002a7c93cfa1,1,1
test:11845,0.10311297,0.69033273,0.20655430,1,neutral,2d0e0bda7a4f1ece2339fb9de8a34d441fed61dba2d4105816628d6afd4a5e00,0,1
test:11847,0.18136492,0.66370054,0.15493454,1,neutral,705cdd8c1515b45b7bfafaa2707143495adcebfa39624eff01ef43f3db3c511c,0,2
test:11849,0.16136672,0.60802760,0.23060568,1,neutral,44dec2a28955b4397a5883f1d41463f4b72d55b7e85ad6cdc9ab460a744304c8,2,1
test:11853,0.40302429,0.56909694,0.02787877,1,neutral,b9d0c699732666b3ccee91673ce2bfa5a4c11795a90b68acccab7ff2b18f3b26,0,0
test:11856,0.19448566,0.59699585,0.20851849,1,neutral,989012cdf8c0f05bb4d8ab4e560d103cd246b24431d4a70c68fede7643f4f328,0,2
test:11857,0.20607660,0.38114970,0.41277370,2,positive,55ea834c1e799dea876a16f545f19dcf91beb09d976c9e052c4c18316da5d201,1,1
test:11858,0.08030151,0.49019655,0.42950195,1,neutral,61c62a8cf97f448a037ea147ef91a17204ace493ce47e253ed1f57b77e11fcbd,2,1
test:11859,0.23381257,0.26470801,0.50147941,2,positive,e4bbad027debec6c1eeb948cb0fae7c9738dd099267e587123c6b2df500ee632,1,1
test:11863,0.05624499,0.57478940,0.36896561,1,neutral,12020980e60a06bc46539e001eb61fe8a0c0779cc33f82aa0e9d571dce08da9c,2,1
test:11864,0.42325883,0.52796434,0.04877683,1,neutral,9c13921fea2e5757ba993997fbe4df949d3dea7e978b7cce7fe46b35ccca57df,2,2
test:11867,0.60156787,0.27403190,0.12440023,0,negative,e23ff9d2d066712df0c6bf7c862bb925bf941786b28c3b731a5ff106fd6e65f1,1,1
test:11868,0.02595733,0.83279887,0.14124380,1,neutral,f8e95482f678659d8a76bd638f71c193ef5cf1cf4b92c8116b57611bb2d154fe,2,2
test:11869,0.05909243,0.43813447,0.50277310,2,positive,88fbeeae4f0f55c4f7dc173c05ba08ce62beda06d1346d55f32abd44f9b040c0,1,1
test:11872,0.12538067,0.60976114,0.26485819,1,neutral,7b8c48ac780a17097563c06d0280fdfb5b90865e968bf438c947c49ad6af7667,2,2
test:11874,0.24732523,0.35207804,0.40059673,2,positive,24087bfe1a932ee2ce6b4c2490da9ee8e5aaa77f45a4fdea45bcf9829a094acb,0,2
test:11884,0.23375727,0.15490840,0.61133433,2,positive,f1c2702780a5acc6777859342b8bf64c7b5d566c022f623a686883b1b7e2a96b,1,2
test:11887,0.02486110,0.78445432,0.19068458,1,neutral,ebe5884250b20728bbd1ece6c082911d0b883ec746617d20250bfc09c0aee4fe,2,2
test:11890,0.16274421,0.25368317,0.58357262,2,positive,c802f85a8301cdc3012c180513c2e13c0607fa339215e2b1abd7b51f6a33cace,1,2
test:11892,0.05467686,0.23292740,0.71239574,2,positive,73ea28659f83797ecc1aeffe1d347c3a216d9b5930507c57fa41e651932ae1f0,1,2
test:11896,0.48060258,0.43460569,0.08479172,0,negative,eb206298dd1370b834c9cfe6653ce8181d5c34e118fc39124d1b4e1eb9f5642d,1,0
test:11897,0.15586356,0.23382691,0.61030953,2,positive,c642d74629457843e7703094b8042ba3c96908f248a12ec122234fdf69bbc0e5,0,1
test:11898,0.11492432,0.74781977,0.13725591,1,neutral,a9e8dca4e89ef66e2288a2ef1daa342aa781bf7893ebd867987ca7a2f6e0446c,0,1
test:11899,0.10499288,0.38297962,0.51202750,2,positive,df0e8f488e5dfd4edd5beab297ceb91586fef232103fe15adfc81bfca44ee30f,1,1
test:11905,0.36614399,0.30895262,0.32490340,0,negative,54f0404123a12bdaa03087b9c986b7c11837b7ebd660597e4bf0666da7a1395e,1,0
test:11910,0.37826147,0.47559435,0.14614418,1,neutral,01f5064f635ead6bc5528e6ad3dbf1caf71e13d1d71149def8b394076e769bc4,0,0
test:11913,0.12489455,0.19101450,0.68409095,2,positive,709e533cdc69ba6e2d9cc21c3d8b2dbacdfb80810f3065cb2691a2c84c9167b5,0,0
test:11914,0.18787602,0.40198631,0.41013767,2,positive,980d65f5e5a0169c544c76c05fe49c7c5c68295644e059556521c466c90a8aca,0,0
test:11915,0.78338804,0.13918473,0.07742723,0,negative,7ad6d960dcbe7e612f922c7a041c2ba1f9966328d43c7880ab4ab715b24f9769,1,2
test:11916,0.21311250,0.74178800,0.04509950,1,neutral,04644e536bdb9e41fd25eee90636a69cd05739009976d09fdba26b5b215ef664,0,2
test:11917,0.41574873,0.51853103,0.06572024,1,neutral,5955b74f010e3d0e1dc05d5d2466942ac4bd8b47c7fc9c4a143d7e40a047f350,0,2
test:11918,0.88857150,0.08344956,0.02797894,0,negative,80ac14d5d3435f4c8b8b9397be7f95705b1891a40c05ededfa6000e810ea84f2,1,0
test:11919,0.43022880,0.47102648,0.09874471,1,neutral,fa6cd956d66c688105cd8712a551752a6dc89592bc0f7a299c1a4b15afed0d39,0,2
test:11922,0.08928424,0.68089537,0.22982039,1,neutral,29c664ec2d93d3e167869a8147543a76fd86666bee31f83456a1a94d52a555de,0,0
test:11923,0.06766606,0.79614498,0.13618895,1,neutral,dffd042924723b3a565332ecb89cbafd4a2a3b3004530b1b210b545e8da14e02,0,1
test:11924,0.14825277,0.58320180,0.26854543,1,neutral,9b06d5be8a7d571590e07774960d83edca3b9b8500f67d01200a961cb3451302,0,0
test:11926,0.13404586,0.61147159,0.25448255,1,neutral,8fc0114b5acc5f3e00a7495e3da71979c63dffaa89dab79c314aced071a143e3,0,1
test:11931,0.06698136,0.32470603,0.60831261,2,positive,ec9f2c69bbec8e90db1e0b996edc090b7b3913e343f21b53011c743d48670509,0,2
test:11932,0.11978408,0.54982584,0.33039008,1,neutral,955f74945e8a8bfd30f1fe12ef79c0e33bde060985d0ddf482711b708512744f,2,2
test:11936,0.03467109,0.84513828,0.12019063,1,neutral,cfb8d14c92904f6b64ff4604a3f3ae6608be946ad4619d26cea987ff4a82f041,0,0
test:11938,0.13370291,0.70606839,0.16022870,1,neutral,330d9a42dbd7205ad8718ac9fa125b775490855361a4d5bfd0a28b7771f78bcd,2,1
test:11944,0.17533352,0.68383372,0.14083276,1,neutral,744b6b516cef9c94fff55f361b01347d17ee288ca3af4b34fb458f37dad64253,0,2
test:11946,0.14401987,0.37982760,0.47615253,2,positive,c9403b34d903957fc1c17881ebd48e4f0fa7c5b5428e8d779654274cdf574240,1,2
test:11950,0.56196032,0.18465708,0.25338260,0,negative,eea4717e83bb4375079824c7cc250c0338a8b84ce468d066553ee680fa791b59,1,0
test:11953,0.57242692,0.34529182,0.08228126,0,negative,f1ada7467c38cad820a3ead3751a26f1c4f5c656488975eb44fc29974423c56f,1,2
test:11955,0.24615088,0.42293979,0.33090933,1,neutral,cf6429891bbd48e8f70219e940cb8f29b09b8b0258f167514284106160431274,2,2
test:11956,0.26304913,0.60322341,0.13372747,1,neutral,34579c9499d63c4a75ba848ad112d1ec3d8de30996121bf7a1532dea6ee588a9,0,2
test:11958,0.19784253,0.76828761,0.03386985,1,neutral,e708fb49bf468c1f1e034336b2aef5f2d810322976914663156ffc6e8d6a43bc,0,1
test:11960,0.30180423,0.33687999,0.36131578,2,positive,6678a4c613600ff48b21e7b37dbe4b902d2611d1b2649fc2d804210d2a83fc25,1,2
test:11961,0.09181849,0.37250606,0.53567545,2,positive,36f4bd3c0f9aaaf67be2d7c69c2787f7d822d4d84ebbbd84d400b3d639c7a2e7,1,1
test:11962,0.10727119,0.87181077,0.02091804,1,neutral,6cbf10a2fb5ad42ab8246785cc80475fdb639f8cc56f408fc3d057368169dd98,0,2
test:11964,0.37092435,0.37986639,0.24920926,1,neutral,66d4c91f6c0251d1f71b0f32207280709463f107188c5831d1eef14c9c3218bb,0,1
test:11966,0.03944513,0.85289071,0.10766416,1,neutral,223f944496a164867c5f036bcbcd2051835fbf42ca2c7882532e47af26225564,0,1
test:11970,0.07184658,0.83237673,0.09577669,1,neutral,8d161a261e11e71adb9dc5208a10b5e456ff9d42ba606381298344fa5091de45,2,2
test:11972,0.16655817,0.77335936,0.06008248,1,neutral,5160189e5f965d24d92c937097324bcf680ea5f70ab244a591a2734f67e5b96b,0,0
test:11974,0.32193964,0.41908466,0.25897570,1,neutral,30f0f08fa7934cdd0f5c8fa30c0b87f177d355abf65c35502b96937b65c5306d,2,0
test:11975,0.49073850,0.41225226,0.09700924,0,negative,bd7878e076a8aa4538549f1ea40ca881ca26f2095f7f219328f974cdfa5d29d4,1,2
test:11976,0.12529106,0.67921538,0.19549356,1,neutral,33815f021b6964be30c28cbbc24076702c5254145a652bfa26aed713083e9fe2,0,0
test:11978,0.51209117,0.26614145,0.22176738,0,negative,8f3c82fdf749ed65de1c9338e11b19b37aca23bac5263ae4ffaf1b6ca12fe8a9,1,1
test:11979,0.16575925,0.52042682,0.31381393,1,neutral,8d5f462110a1751281da294afdd44c5edc25e6a1c3cc191aecf3353f455b0398,0,2
test:11980,0.29635559,0.62671552,0.07692889,1,neutral,5a479dc318cf5eeb09330f76b9db2220a5935308944398bbbc3e206d58012741,0,0
test:11981,0.01986405,0.87786258,0.10227337,1,neutral,59abbef02637232af5ad521e3a9b9e86e99f6d111565a6fb14ab3cb4d9f8e33d,2,2
test:11983,0.09431907,0.42150828,0.48417265,2,positive,5ef2637e7a828793f6b52614f2d20b1d838733c3bd76d8ba92242da613a9bceb,1,2
test:11985,0.34249724,0.58885873,0.06864402,1,neutral,a60516ebdca430a8f21175fab1d6daf5718f3f5876d57f7cb879facb22a0a4d7,0,0
test:11987,0.46552822,0.36603149,0.16844030,0,negative,6ffa5594d9c67e6faea5449207ebf06055be1630587149e2f0ae162ad18b83a3,1,0
test:11990,0.24976436,0.53418478,0.21605086,1,neutral,84631c429c4c75ca12ccc6aea337bb3f51a4f59ac79e204d839757a162c52c91,0,0
test:11991,0.17336233,0.27274647,0.55389120,2,positive,d16a5dd0f3eb1d3e9f607f2f73fcdd47bb5280d101f3b35e7681548cf46ac500,1,1
test:11992,0.30472820,0.60785531,0.08741649,1,neutral,65ba08fd467985552bf8a6aae723b8d2b2f6292b72be9264b1254711e99ec02f,0,2
test:11996,0.75822302,0.19506315,0.04671383,0,negative,fb4843d3cd606a99254dd8cb7f0ed20c9c088ebfb0a761f2d6ae052ce6fb33e8,1,0
test:11998,0.15429236,0.81768884,0.02801881,1,neutral,a66e1a5839890982d38bd249550afc95940b4ed613255c9abc2ff8bc7fc21b2e,0,2
test:12001,0.19599340,0.36236899,0.44163761,2,positive,5a70e9e35d1ddff31a838cea5cc7edf972ac3dad2e6a0b01e1eabca79795b217,0,2
test:12003,0.19332030,0.54193933,0.26474037,1,neutral,0b5c51a41790c4360735b8eb7c702c6d73a55c1e76177b23b653c3b4ea9e3ca9,2,2
test:12006,0.26149392,0.38384327,0.35466282,1,neutral,a8b054005e878dd0757dc6137171ab6bcbccffc8089e7655b93648ebebb73688,0,2
test:12008,0.31350593,0.12626806,0.56022601,2,positive,04e8b1fc6d1a767b0b1a4a6af5f76f68fbd9fcda3b89a06a438d97de6e53c9b0,1,2
test:12009,0.01965384,0.79602673,0.18431943,1,neutral,a303fa32112242ebf593792ed3128d98bd3da8a922d124cddf300e26524d2b51,2,1
test:12010,0.27921005,0.14928134,0.57150861,2,positive,a732c641e27cc1dec0f9eb678b3730209e124efaefd0872829bb55003acbef1d,1,2
test:12011,0.11809174,0.22871600,0.65319225,2,positive,c5186452607650d465670c3d0c97ba53c529f8d12fc179d40e0815b1ea7ae23c,1,1
test:12012,0.03804430,0.35853491,0.60342079,2,positive,e26f6c2632fec949cd4e0037b9d08e94326e6cb0294e81cadda707ba935df84e,1,0
test:12021,0.09286662,0.12450853,0.78262484,2,positive,b58fd39991f4b11b58df8a751494a29d6273ba75f861cf6428c8b8e9e887e6ce,1,1
test:12024,0.37071338,0.49605568,0.13323093,1,neutral,e55b06a66e0fbf12e924a59249497cded757b14139058f3e35f64b2c5945cc07,0,0
test:12025,0.53937632,0.07838624,0.38223744,0,negative,740099f42fadacf1087c8a72c0e917d70039d1b10f4672752201a405d7052f2d,2,2
test:12026,0.18272276,0.79059177,0.02668547,1,neutral,a6075790ab484ef3f6aa76d9c0e8969793320d840c11a8041ce62325cb990151,0,0
test:12029,0.03285348,0.71403629,0.25311023,1,neutral,e9b51d789e2eafc3a444f94b0cbeb637159ee4f33634c1c2984834e7500f2293,2,1
test:12031,0.35687139,0.43421667,0.20891194,1,neutral,b2b78d2cbf38d71b1e64fc54ddb1dffe09a6ff10132354fb276aab862af8f7ec,0,0
test:12032,0.61007716,0.29056681,0.09935603,0,negative,5d3457e7f38e4ff0339416e781c2afd3a601c91dc26ee4bde5204dedccc90649,1,0
test:12033,0.17663682,0.46894728,0.35441590,1,neutral,d1d1bf2f273449c53fc73ca858751e653b7b37cf002582e25c7a9da08a4fd2fa,0,2
test:12035,0.25044677,0.52643232,0.22312092,1,neutral,70eeef975da2e01fd854ce92d09f585ab4d92e8edde660a7cbf25d6001ce89d5,0,0
test:12036,0.38148176,0.36138034,0.25713790,0,negative,24ef4190d49087421cba19eb87e428ff316544f2dbfa390f0b1361355b5f0cba,1,1
test:12040,0.39386635,0.24764205,0.35849160,0,negative,bf5fc00be836e0e7739d4676e64c0deb7c767de9ce79341ad0e43d7a8ce1ac0a,1,0
test:12043,0.34976115,0.29855473,0.35168412,2,positive,f25c80143b580d56048ab54a44131a1aca606fc62f17371b46eacef9008fccff,1,0
test:12044,0.03629867,0.36544754,0.59825380,2,positive,36a8ab176dc3b706ff37bad5153175c60c0774bc1c24689d1ed5144b7fef4688,1,2
test:12045,0.19831687,0.61770707,0.18397605,1,neutral,7a210a130fd3b05df7b5d61087e497b26e51c8cdf5c5e5278fddf3c5b5531b1e,2,2
test:12048,0.11721985,0.27284293,0.60993722,2,positive,42d1692ab8e3818e64a05a95872c7fda96fa2eb451433b4dc460837f793fbe1c,1,2
test:12054,0.11318369,0.45645129,0.43036502,1,neutral,0d623619a42317d84e7541243fd55f14cced39e1c205c7cb9338d80ed3574ddd,2,1
test:12055,0.19743681,0.75688196,0.04568123,1,neutral,e9f33c0a20e020c16e4535c70dc789909eddb711d274dbb5b8f3f4d0573e5546,0,0
test:12056,0.21372149,0.38581229,0.40046622,2,positive,b7f59481ee4c5d4aa4c105e12f5ff472ea234ff1f4c331a21ac6ee0f9477b268,1,2
test:12058,0.39668957,0.36356149,0.23974894,0,negative,55ec74650d1221e6a02757c0f037fe87e8111c2e01d2dbc690970eccab9dca7f,1,0
test:12064,0.17025906,0.49343112,0.33630981,1,neutral,796b9fde870fd8802bb0e2e45961d19ce3714dabbdd919ac049db60f999ebf41,2,1
test:12067,0.11859099,0.06406900,0.81734000,2,positive,dc783f928d26abae95b680b9a5c2eeef9420e6d7e395a98d1177b6f1fc3671ca,0,2
test:12071,0.14698305,0.46973926,0.38327769,1,neutral,f5a9b8ede537a20676fc17e7f10ac4b88ee719c0fc6b292f696fda7809c72d1b,2,0
test:12072,0.28207754,0.45996055,0.25796191,1,neutral,516053c3ebc185b9999f869132fe82e8fe042ec3ead04ffe77bab567a5e4869b,0,0
test:12073,0.13589403,0.29941120,0.56469477,2,positive,3493618097ca44b2a52c7d00fc15ee277c47a683e74eb09aaf9d2f88580a03ad,1,1
test:12074,0.44786299,0.50843817,0.04369883,1,neutral,5a405b3b1c9712c5f3e1d2f792290ba3b074e3e64cded0fea01ea0827da657cb,0,0
test:12075,0.10594863,0.52136415,0.37268722,1,neutral,be26af7f423394ff365b02e0a05d0f723bff5be548a72fa72b93e9fa76ebecf4,0,1
test:12077,0.04569754,0.25706904,0.69723342,2,positive,f2028283d1bf037395a92c5d3679ca937eb2a2991fa61e4487b1ab9abc7b90ab,1,2
test:12078,0.08043839,0.43664800,0.48291361,2,positive,f573f6ddf2274860d17135dcc82c4d9d735458b3522017c1f66dbe3701682393,1,2
test:12081,0.11235974,0.72346330,0.16417696,1,neutral,1d0f359b00bbe6bac8ae8b277d5a05cd5b0ab8959a596042432632d42ea8a1ee,2,1
test:12084,0.20798185,0.32330148,0.46871666,2,positive,1dafadc7b4e322faba3fe1869c7b442fcb977bf1bd7866af7f7a22ff4860b1f1,0,2
test:12085,0.38277176,0.21001232,0.40721591,2,positive,a05991cfd89b173226f49de7dbedd04d92a3f72a9bc9aa501c615582198919c0,0,1
test:12090,0.79835258,0.13748148,0.06416594,0,negative,bd21756eab1e01a585e5540b29776baa5c3d0db33ea8d0971c075215d25b55ba,1,0
test:12099,0.57670748,0.26791135,0.15538117,0,negative,26f7a9835b98ee08e8a0715c648d17b427e4ae9e300de30df66a790560c4bc09,1,2
test:12100,0.30831651,0.60400081,0.08768268,1,neutral,92a7b31a5e3be0897f03ab93d64ab1e40dfbb904c8f1e5b9cf3413d88d794d1f,0,1
test:12101,0.19066234,0.20517111,0.60416655,2,positive,1ed58f6af29980f9e08a4b7c8ac7470542bc16a1cbb3ace5a5ef383e227cea55,0,1
test:12102,0.19030933,0.26037268,0.54931799,2,positive,ae9ef1454cdcec6872b099863c7d393f9a0d81ee573eb15ac1cd881ab41cefaf,1,0
test:12104,0.30754202,0.48025527,0.21220271,1,neutral,ec14ec917082ae4c70e3ac3a96b96c21738a881e6bb1819064c73022cc1f2c79,2,1
test:12108,0.02435243,0.82606880,0.14957878,1,neutral,ba216899d4d1c6f870851c85d157fdad1f4a6db5bd87f2ec3d7fd4c0852fa4bc,2,2
test:12109,0.45507215,0.41614636,0.12878150,0,negative,2465067d3e092f17189eac1e2624a3652648314522cdd7f083acc0d432ae4408,1,2
test:12113,0.09533695,0.25996464,0.64469841,2,positive,266ef103c3472481f473ba1580b0e807c3dfc12c4694c2f7e099215e9c53ecbd,0,1
test:12116,0.41133956,0.40560932,0.18305112,0,negative,9f23dd93f34fff6b750bb942a31ad7f9855a716b81caddcd0daa15f45091dbd2,1,2
test:12121,0.47317057,0.51749205,0.00933738,1,neutral,5f140b17e5975c648881685baa543585e7e5edac06e8c78573cefd64a57891e4,0,0
test:12122,0.19838817,0.57172911,0.22988272,1,neutral,93ac507e9eac3cf581826bc7adc64978d28f33572922c8b50300875d6636cda0,0,1
test:12123,0.07558894,0.85619675,0.06821431,1,neutral,da2cb896b5bc7486f7a9fb282d7d0b3235e0d6868eee913adb6818aa50fd3559,2,1
test:12124,0.44369445,0.54032410,0.01598146,1,neutral,d6c88421c8a1872fcad621597ebf4c6f957ac5ef12ffdefd9804e4459d788485,0,0
test:12125,0.26930102,0.21707419,0.51362479,2,positive,20860c19bac2b72ca623bc325af4a81a4d84885f7e484c6c00afe135e2013dcb,0,2
test:12127,0.09455652,0.20239599,0.70304750,2,positive,f7e2b162fc8ba7f701f29e80578ba39f4da2ba38c556eec9fca995a0729f3151,0,2
test:12128,0.23221599,0.35643013,0.41135388,2,positive,13e061f85f003bb6dd5ffe3f940c4cd6fead4191e71863fbb6c8c5bc47ed2580,1,1
test:12129,0.57852135,0.27223519,0.14924346,0,negative,93977a01d0a0dbfde37a6bb2372ff421ee59623f73c8fb8af46228d3d1474ff0,1,0
test:12130,0.02645356,0.07244875,0.90109769,2,positive,c5bcfaa2ef52afeb79f01cc15a012a45b17ee3f3a6a97944ba49354c4c5e6970,1,2
test:12132,0.19703438,0.62134735,0.18161827,1,neutral,d11f77b0ef6cb308a8a93f8d67d2aa0afe31f4c5da1590f25419b279bf92c717,0,2
test:12133,0.17021357,0.54471952,0.28506691,1,neutral,36bf26521f0a350b68ccbf752addf73a06eb1441b9f8bab441ed4f28319dccbb,0,1
test:12137,0.25469493,0.63012056,0.11518451,1,neutral,f48f37b7ff65359024fafca9f6a9e96965ddcf8ce53125184b1e69dca59fb915,0,0
test:12139,0.09371199,0.68572710,0.22056091,1,neutral,57dd549e3912313106adca0015f5b77f0ec949f805e0117a458926d8759acdc7,2,2
test:12142,0.29265825,0.24071583,0.46662592,2,positive,28ab0480524545a28211501e638b4ff92966857ec6734369d1bad1285b7316f0,1,2
test:12149,0.28148673,0.65574529,0.06276798,1,neutral,7f14343ea334b51ba9e3a02da998f4846e03f38fce03067abb7a807ba697885f,0,1
test:12152,0.11510303,0.31744730,0.56744967,2,positive,6a7c2dfff9766cf48ac29594dd967f841f048c05200b2699cd534e5e27dacbee,1,2
test:12154,0.05027496,0.04471002,0.90501502,2,positive,0ebbdd4ea1825235d305417efde902a19f6d6fdefd9b43d9ab2dfcde14f88225,1,2
test:12155,0.08340832,0.51824304,0.39834865,1,neutral,6f63a07103803ee6d1d9d4adbc39e1c6247df07bd057e019bd36cd4ae30bffef,2,2
test:12160,0.34823257,0.14152500,0.51024243,2,positive,7152f70a917cb7160323f1d6f5e5e097113b92f75b7c29a926f6787c89913802,1,2
test:12163,0.09225055,0.64787002,0.25987943,1,neutral,c9ce9558c5b7e655a5c36ef65e9e892093239dfbea1b0556e2de91903f97c301,2,1
test:12165,0.69641657,0.24750100,0.05608243,0,negative,0afd78ba8d79f9802ab3b9d7a2347f521d72aee4d993ddd95d4b33a7ef598411,1,2
test:12169,0.17228885,0.26878828,0.55892287,2,positive,c35813ad2ab43924fb2181274d0c5456025f98b2db400e99681c087bca1078de,0,2
test:12171,0.53829221,0.39241151,0.06929628,0,negative,f560b99ab8611ead0725471351e49a306665a5c10337f706ff6271851d3e431e,1,0
test:12172,0.10482291,0.87647474,0.01870235,1,neutral,5db93f232b7e1ddb11adfd652b524a61bbc89462d7fdde77085fc6b50bcf6460,0,1
test:12173,0.23573931,0.55996550,0.20429520,1,neutral,46c80b51d51e9b5daa8ea1ea5fc3beac851fbac1a37e4aa9e75f0321f2030646,0,0
test:12176,0.05828118,0.34073974,0.60097907,2,positive,38a05198aaa1fa6a91a98e5642bbeae76ccda6b80a867f43c6a004783e859ef1,1,1
test:12179,0.12242458,0.20895918,0.66861624,2,positive,1e817c0a765ecbfff4e998b1067c95ac2d36d2e61330a10f9adb16ce8092d665,1,2
test:12181,0.21200502,0.38772533,0.40026965,2,positive,c8a45a65a85650d0506f959e36c93c8f6e14a8db1eec6c3a28c11b3fba6615dd,1,2
test:12182,0.10838998,0.68899587,0.20261415,1,neutral,6892f29ab9fa151d2ec2342400cc65a04f56700eb03cfc74626f6620ec078b02,0,0
test:12184,0.09876607,0.10512848,0.79610545,2,positive,d6ae53aad2c2bcc024b9f85693fca70bbac09f1428623cc9f8fd653dcbac81cf,1,2
test:12187,0.49439817,0.25346923,0.25213261,0,negative,c1df4efdc6feae88eacd9b385790405cc7ab510f776d48a3d76dff5c98adf037,1,1
test:12188,0.19925818,0.49168936,0.30905246,1,neutral,a03ac264f20301a410a3a67ea77ca29bcb8b5c814cb22a609bd901b55267c489,0,0
test:12189,0.34003866,0.26085351,0.39910783,2,positive,8ea21be3ccd7060be6c3c245bbdefa15e64628d929c8e4977fc97b64e007280f,0,1
test:12194,0.39590125,0.48230289,0.12179585,1,neutral,b9df22772d9162e63f7045cb23d5f7d3ce7160693b7771fd8526584e8d00449a,0,0
test:12197,0.52163100,0.08254935,0.39581965,0,negative,d1b5c7533e82ce128f3d9cbd8906754ab5f654d45d093f838d63a66a24b18887,1,2
test:12201,0.70219839,0.27717155,0.02063006,0,negative,fff9524fa69c97df508bda72f1f795e54d32552d1e26b56e7192b983e3509cef,1,0
test:12208,0.11243059,0.58806959,0.29949982,1,neutral,84bfaf2cc53a3dc739ebde225980f5309c433610e0cf25086cfe49afdc5b4a26,2,2
test:12210,0.02482263,0.57917102,0.39600635,1,neutral,e56b94efcd04af021f0f659ada334229990f24146073422e738ebfdff0e0f9e4,2,2
test:12211,0.31130796,0.41705533,0.27163670,1,neutral,7d9ed6e12a03759c5fb26ffcd439c3ef188ca09e0f5bd512ec4bf8ea6f741afe,0,1
test:12212,0.38820503,0.15899475,0.45280022,2,positive,4f2c6e7b43fa74ba158195e6cda70991b5df527d86b6f22147e56b0211ece9af,0,0
test:12213,0.25046141,0.08824255,0.66129604,2,positive,9c4c351ca118f514b29938f079d778f51a6f99c4e142042ee8022a952934a3a4,0,0
test:12220,0.19274272,0.05252581,0.75473148,2,positive,358f60456cbdb62b7599208995a9a8a94267b635a485ddd8205bf665d42df1ce,1,2
test:12225,0.30438759,0.66643997,0.02917243,1,neutral,0ed9d783741369173dedeb89585cf4530c6b228a3dc7b6ac135bdb5f071ab530,0,0
test:12228,0.28847541,0.23066840,0.48085620,2,positive,ee597032219c0f70e19eb54e2955af008ee5426d01916ce2f80007195abed7bc,1,2
test:12230,0.16476124,0.40861817,0.42662059,2,positive,12280a16253fadbeba75c7df689dc17cea4c5f665ed18c17b553e63332ba0de9,0,1
test:12231,0.14242003,0.44506305,0.41251692,1,neutral,45bba4566b0f8c164109ed2f4197724430b389c852934ad1a12be79b7d689bb2,2,2
test:12233,0.04342807,0.13368031,0.82289162,2,positive,e3c9fb6fced9c18f9203b76ff1473e304dd30c48b797c23fec5ef8c2b8f6f457,1,1
test:12235,0.10264945,0.20442822,0.69292233,2,positive,ef83aebf242e2918a17ce82d967f0fe906416a81d8d7d744dd56572f15c8563e,1,2
test:12236,0.02447421,0.92555207,0.04997372,1,neutral,5103d2f5cb80ca8f0452e3f0c894e96239f0f793ad09f576994df982f1c5f6e5,2,1
test:12237,0.14778273,0.15646450,0.69575278,2,positive,6627f45847933f356eb214ba921e42a1db90ac974f9f4045180af87b3f1bd57a,1,2
test:12241,0.34352588,0.45577270,0.20070142,1,neutral,d872b319eba27d8e67c695486d5dd44bbf69aeea052a9db17883ee1080ce6f58,0,2
test:12244,0.15153902,0.74338602,0.10507497,1,neutral,fb436822330d249d84f7423d034dd18bf37a89779b1970e6032adc6def64cfd4,0,0
test:12245,0.15671131,0.23339700,0.60989169,2,positive,d91a641c3646bb635a33ecde68e1f9782518b985259fcb09dc1448d3b48e1c55,0,1
test:12249,0.47593288,0.44307221,0.08099490,0,negative,5d70d252d8d6c2163d6a9038b8767090a3c5f1b7a7be83a2ca64c2ada2c257d1,1,2
test:12250,0.25265279,0.28791384,0.45943337,2,positive,df71c2f919388c0330e976bb1d0746f13fa0328feb21c96afd28fb07e3c4adb7,1,2
test:12253,0.15402855,0.31254624,0.53342521,2,positive,c49ebd4af9b863835d84b95057865d0b3e17c38909aa7192be550ddf51b4fcfd,0,0
test:12254,0.27108366,0.65298581,0.07593053,1,neutral,9123ade67ded21876ab6c7e8e46faac91f80fc3a3e2cb7db8884f25722dce331,0,0
test:12256,0.10130012,0.71090948,0.18779039,1,neutral,8289bfb3248d40fd9a6646545198e64ed9e0eff11486c50f0a520cc4570de330,0,0
test:12257,0.33709833,0.17203768,0.49086399,2,positive,dbf76d75c52176ccfab5812f2231d6ddfc93fa9599cd35d240d573e0f5251322,1,1
test:12261,0.18401989,0.73499667,0.08098343,1,neutral,3c53e74600abab6b2bdb0f896461e027faf78e0b41e3cf228011d51d9f1ac400,0,1
test:12263,0.14919897,0.33723111,0.51356992,2,positive,6954aaa967479e50788db40686caaa53579e5ed46bf76f22b0ef440dd720cf28,1,0
test:12264,0.28045281,0.67015124,0.04939595,1,neutral,764298a9256f6953abcac897519efec47cda6958174cc2e4199a442dd228c69e,0,0
test:12267,0.59691390,0.23258443,0.17050168,0,negative,71bfe518c768678fa835892e8e5d77efc2f65ff2ded0b81d030e13b49a12be0f,1,2
test:12280,0.09000404,0.22642361,0.68357235,2,positive,06b4573f568039ead6a1e9a21a6ac8ae3bc23a0fac3e3c62bcb22d2e03ee92ee,1,2
test:12282,0.25104623,0.24477912,0.50417465,2,positive,7410eb3772287d3d80311b2ff81c406519206e631432e409c8b22635af09faf5,0,0
test:12283,0.33990124,0.40922843,0.25087034,1,neutral,c6ff9e9a80ff7bbda2821b42892bde3bf3b370a5875c2bfd12680bb24785658e,2,1
